claim_id,policyholder_id,policy_type,claim_type,region,channel,claim_date,report_date,report_lag_days,claim_amount,num_prior_claims,witnesses,police_report_filed,claim_status,is_fraud
CLM500000,PH100928,Life,Critical Illness,South West,Call Center,2024-03-09,2024-03-20,11,6699.47,4,0,True,Approved,0
CLM500001,PH101137,Life,Death Benefit,North West,Online,2023-08-02,2023-08-17,15,49436.75,6,3,True,Pending,0
CLM500002,PH100873,Home,Fire,Wales,Broker,2023-06-21,2023-06-24,3,286.68,3,0,True,Approved,0
CLM500003,PH101274,Commercial,Liability,London,Online,2024-03-15,2024-03-26,11,26142.43,1,3,False,Approved,0
CLM500004,PH101076,Travel,Delay,Northern Ireland,Mobile App,2023-01-04,2023-01-11,7,1199.1,3,1,False,Pending,0
CLM500005,PH100315,Commercial,Liability,Yorkshire,Mobile App,2023-12-03,2023-12-09,6,12457.39,6,2,False,Approved,0
CLM500006,PH100911,Travel,Delay,Northern Ireland,Online,2023-12-28,2024-01-12,15,1465.13,6,1,True,Approved,0
CLM500007,PH100246,Commercial,Liability,North East,Call Center,2023-09-30,2023-10-04,4,10750.9,2,0,False,Approved,0
CLM500008,PH100103,Life,Critical Illness,Wales,Call Center,2024-06-12,2024-06-12,0,33675.6,6,1,True,Rejected,0
CLM500009,PH100337,Auto,Theft,London,Online,2024-04-26,2024-05-23,27,3649.21,5,2,False,Approved,0
CLM500010,PH100585,Commercial,Liability,North West,Branch,2024-10-30,2024-11-26,27,6655.41,2,1,True,Approved,0
CLM500011,PH100238,Home,Accidental Damage,Yorkshire,Call Center,2024-11-26,2024-12-04,8,3198.7,4,1,True,Rejected,0
CLM500012,PH100658,Home,Flood,Scotland,Call Center,2024-11-15,2024-12-02,17,6183.68,3,2,True,Approved,0
CLM500013,PH101143,Life,Critical Illness,Wales,Online,2023-07-17,2023-08-10,24,59374.4,0,0,True,Approved,0
CLM500014,PH100412,Travel,Medical,North West,Mobile App,2023-04-05,2023-04-12,7,440.03,5,0,False,Approved,0
CLM500015,PH100759,Life,Critical Illness,Midlands,Mobile App,2024-09-07,2024-09-08,1,76390.57,1,1,False,Approved,1
CLM500016,PH101240,Auto,Third Party,Scotland,Branch,2023-09-03,2023-09-03,0,7794.44,4,3,True,Approved,0
CLM500017,PH100185,Health,Outpatient,Northern Ireland,Call Center,2023-12-07,2023-12-16,9,1618.67,7,3,False,Under Review,0
CLM500018,PH100213,Auto,Third Party,Northern Ireland,Mobile App,2024-01-30,2024-02-01,2,6386.67,4,2,False,Under Review,0
CLM500019,PH101007,Travel,Delay,South West,Call Center,2024-06-22,2024-07-02,10,809.46,0,2,True,Approved,0
CLM500020,PH101405,Life,Death Benefit,Yorkshire,Branch,2024-11-16,2024-12-07,21,49725.13,6,2,True,Approved,0
CLM500021,PH100432,Travel,Cancellation,North West,Online,2024-07-08,2024-07-19,11,388.85,4,2,False,Approved,0
CLM500022,PH100231,Travel,Delay,North West,Mobile App,2024-01-19,2024-02-15,27,670.5,3,0,True,Approved,0
CLM500023,PH100093,Commercial,Liability,North West,Call Center,2024-12-12,2024-12-29,17,43196.79,1,1,True,Pending,0
CLM500024,PH100532,Life,Death Benefit,London,Online,2023-01-25,2023-02-16,22,54875.66,5,3,True,Approved,0
CLM500025,PH101211,Health,Hospitalisation,North East,Branch,2023-06-23,2023-06-26,3,1497.44,4,2,True,Approved,0
CLM500026,PH100246,Health,Optical,North East,Mobile App,2024-04-25,2024-05-21,26,4052.49,4,3,True,Under Review,0
CLM500027,PH100449,Commercial,Property Damage,Wales,Branch,2023-08-09,2023-08-23,14,40902.77,7,1,True,Approved,0
CLM500028,PH100406,Life,Death Benefit,Scotland,Branch,2023-07-19,2023-08-04,16,9607.53,0,0,True,Approved,0
CLM500029,PH101044,Auto,Windscreen,Wales,Online,2024-12-15,2025-01-06,22,844.76,7,3,True,Approved,0
CLM500030,PH101439,Home,Storm,Scotland,Broker,2023-05-12,2023-05-26,14,4731.61,4,3,True,Approved,0
CLM500031,PH100157,Health,Hospitalisation,Northern Ireland,Branch,2024-09-04,2024-09-23,19,5043.82,5,0,True,Approved,0
CLM500032,PH100135,Health,Outpatient,London,Branch,2023-06-23,2023-07-07,14,5645.65,7,3,True,Pending,0
CLM500033,PH100745,Auto,Collision,Northern Ireland,Branch,2024-09-27,2024-10-26,29,1485.65,5,3,True,Approved,0
CLM500034,PH100092,Health,Dental,North East,Call Center,2024-01-23,2024-02-08,16,4590.84,4,1,False,Approved,0
CLM500035,PH100095,Commercial,Liability,North East,Call Center,2024-12-10,2024-12-23,13,25308.61,5,2,False,Pending,0
CLM500036,PH100906,Commercial,Property Damage,North East,Broker,2023-02-19,2023-03-19,28,20119.76,2,0,True,Approved,0
CLM500037,PH100364,Home,Burglary,South East,Branch,2024-10-20,2024-11-04,15,7237.07,2,1,True,Pending,0
CLM500038,PH100236,Life,Critical Illness,Scotland,Online,2024-10-06,2024-10-29,23,20439.31,3,2,True,Approved,0
CLM500039,PH100174,Auto,Theft,Northern Ireland,Broker,2024-11-13,2024-11-27,14,1720.39,5,3,True,Rejected,0
CLM500040,PH100477,Home,Fire,Midlands,Online,2024-03-04,2024-03-24,20,13886.66,5,1,False,Approved,0
CLM500041,PH100661,Travel,Cancellation,Wales,Call Center,2024-06-13,2024-06-25,12,1728.93,0,2,False,Under Review,0
CLM500042,PH100682,Auto,Theft,North West,Broker,2024-01-13,2024-01-19,6,4850.89,5,3,True,Approved,0
CLM500043,PH101416,Auto,Theft,Wales,Online,2024-04-19,2024-04-19,0,7003.29,5,3,True,Under Review,0
CLM500044,PH100112,Auto,Third Party,London,Broker,2023-11-18,2023-12-03,15,5775.75,7,3,True,Under Review,0
CLM500045,PH101218,Health,Outpatient,Midlands,Broker,2024-12-29,2025-01-02,4,337.8,4,1,True,Approved,0
CLM500046,PH100449,Health,Dental,Wales,Broker,2023-07-26,2023-08-20,25,4290.84,2,0,True,Rejected,0
CLM500047,PH100603,Health,Dental,South West,Call Center,2023-11-09,2023-12-03,24,2627.88,4,3,True,Approved,0
CLM500048,PH101476,Life,Death Benefit,Northern Ireland,Broker,2023-11-18,2023-11-18,0,16662.47,4,3,True,Approved,0
CLM500049,PH100281,Commercial,Property Damage,North East,Online,2024-05-25,2024-06-16,22,16589.75,2,0,True,Pending,0
CLM500050,PH101037,Travel,Cancellation,South West,Branch,2023-05-26,2023-05-28,2,6646.33,2,1,False,Under Review,1
CLM500051,PH100523,Auto,Theft,South East,Online,2023-07-30,2023-08-10,11,2200.62,6,3,True,Approved,0
CLM500052,PH100754,Health,Optical,London,Mobile App,2024-02-08,2024-03-03,24,1126.37,1,3,True,Under Review,0
CLM500053,PH100425,Health,Outpatient,Northern Ireland,Call Center,2024-05-29,2024-06-03,5,778.7,2,2,True,Rejected,0
CLM500054,PH100926,Health,Outpatient,Midlands,Mobile App,2024-03-05,2024-03-06,1,410.46,6,1,False,Under Review,1
CLM500055,PH100588,Commercial,Property Damage,South West,Branch,2024-12-07,2024-12-28,21,20962.6,4,1,True,Approved,0
CLM500056,PH101214,Health,Outpatient,South West,Broker,2023-06-28,2023-07-27,29,4370.14,7,3,True,Pending,0
CLM500057,PH100914,Auto,Windscreen,North East,Broker,2024-09-06,2024-09-09,3,2652.29,3,3,True,Approved,0
CLM500058,PH100648,Commercial,Liability,Northern Ireland,Branch,2024-12-15,2024-12-15,0,40951.56,3,2,False,Approved,0
CLM500059,PH101057,Travel,Cancellation,Midlands,Call Center,2023-09-07,2023-10-03,26,1493.07,4,1,True,Under Review,0
CLM500060,PH100337,Travel,Medical,London,Broker,2023-06-28,2023-07-23,25,4502.44,6,1,True,Approved,0
CLM500061,PH100516,Home,Burglary,South East,Broker,2024-01-09,2024-01-27,18,1934.06,4,2,False,Pending,0
CLM500062,PH100755,Commercial,Liability,Scotland,Broker,2023-01-12,2023-01-26,14,49931.12,6,0,True,Approved,0
CLM500063,PH101142,Home,Burglary,South East,Broker,2023-04-13,2023-05-07,24,5313.82,2,0,False,Pending,0
CLM500064,PH100110,Travel,Delay,Midlands,Mobile App,2024-10-18,2024-11-11,24,3016.89,3,2,True,Approved,0
CLM500065,PH101169,Health,Optical,South West,Broker,2023-07-11,2023-07-12,1,3625.13,7,2,False,Under Review,0
CLM500066,PH101324,Home,Fire,Northern Ireland,Broker,2024-12-21,2024-12-27,6,6361.14,7,2,True,Approved,0
CLM500067,PH100214,Travel,Cancellation,Midlands,Branch,2024-01-13,2024-01-31,18,1660.73,7,2,True,Rejected,0
CLM500068,PH101041,Health,Hospitalisation,South West,Call Center,2023-06-29,2023-07-07,8,702.91,3,1,True,Pending,0
CLM500069,PH101002,Life,Critical Illness,London,Call Center,2023-05-29,2023-06-01,3,33646.57,7,3,True,Approved,0
CLM500070,PH100623,Home,Flood,Wales,Call Center,2024-01-04,2024-01-20,16,1170.79,2,0,True,Approved,0
CLM500071,PH101223,Health,Hospitalisation,Midlands,Broker,2023-07-18,2023-07-25,7,771.22,6,3,True,Approved,0
CLM500072,PH100315,Travel,Cancellation,Yorkshire,Call Center,2024-10-10,2024-10-22,12,2174.47,7,0,False,Approved,0
CLM500073,PH100319,Health,Optical,London,Online,2023-09-05,2023-09-11,6,701.4,1,0,True,Approved,0
CLM500074,PH100863,Commercial,Property Damage,South West,Online,2024-07-26,2024-08-21,26,10409.93,2,1,True,Approved,0
CLM500075,PH100417,Auto,Third Party,Yorkshire,Call Center,2023-03-08,2023-03-13,5,2065.44,0,1,True,Approved,0
CLM500076,PH101428,Health,Outpatient,North East,Online,2023-06-23,2023-06-25,2,1290.78,4,0,True,Rejected,1
CLM500077,PH100057,Health,Dental,South East,Branch,2024-10-06,2024-10-22,16,4567.64,5,1,True,Approved,0
CLM500078,PH101223,Health,Optical,Midlands,Call Center,2024-06-19,2024-07-06,17,2378.34,7,3,False,Under Review,0
CLM500079,PH100615,Life,Critical Illness,Wales,Mobile App,2024-11-13,2024-12-03,20,37693.05,5,3,False,Approved,0
CLM500080,PH101282,Commercial,Property Damage,South East,Mobile App,2023-07-01,2023-07-07,6,19409.54,5,2,True,Approved,0
CLM500081,PH101094,Commercial,Liability,Northern Ireland,Online,2023-07-06,2023-07-25,19,25256.34,0,3,True,Approved,0
CLM500082,PH100021,Auto,Collision,South East,Online,2024-06-07,2024-06-24,17,3371.92,5,2,True,Approved,0
CLM500083,PH100237,Life,Critical Illness,Northern Ireland,Mobile App,2023-12-06,2023-12-06,0,46242.19,1,3,True,Approved,0
CLM500084,PH100605,Auto,Theft,South East,Call Center,2023-07-01,2023-07-01,0,4403.25,5,1,False,Under Review,1
CLM500085,PH101441,Travel,Delay,Scotland,Mobile App,2024-03-27,2024-03-29,2,5907.54,6,2,False,Under Review,0
CLM500086,PH100127,Home,Accidental Damage,Northern Ireland,Broker,2023-05-23,2023-06-20,28,5847.32,1,2,True,Approved,0
CLM500087,PH101047,Life,Death Benefit,North West,Mobile App,2024-02-02,2024-02-03,1,105249.1,0,1,True,Rejected,1
CLM500088,PH100409,Home,Flood,Wales,Call Center,2023-08-17,2023-08-30,13,9238.41,4,3,False,Rejected,0
CLM500089,PH101405,Travel,Delay,Yorkshire,Online,2023-04-11,2023-04-20,9,1484.51,0,1,True,Approved,0
CLM500090,PH101200,Commercial,Property Damage,South West,Call Center,2024-07-15,2024-07-31,16,14430.45,2,1,True,Approved,0
CLM500091,PH101204,Commercial,Property Damage,North West,Broker,2024-03-31,2024-04-16,16,106542.5,0,1,True,Approved,0
CLM500092,PH101478,Auto,Third Party,Yorkshire,Call Center,2024-08-03,2024-08-18,15,5697.69,0,3,True,Rejected,0
CLM500093,PH100561,Life,Critical Illness,South East,Online,2024-05-29,2024-06-13,15,28913.58,6,1,True,Approved,0
CLM500094,PH100394,Home,Burglary,Scotland,Broker,2024-08-10,2024-08-10,0,11341.18,7,2,True,Approved,0
CLM500095,PH100330,Commercial,Property Damage,South West,Broker,2023-08-25,2023-09-14,20,19705.85,6,0,True,Approved,0
CLM500096,PH101225,Auto,Windscreen,South East,Branch,2024-12-30,2025-01-03,4,3444.6,2,2,False,Approved,0
CLM500097,PH100701,Life,Critical Illness,North West,Mobile App,2023-12-05,2023-12-07,2,65054.77,3,1,True,Under Review,0
CLM500098,PH101264,Travel,Medical,Midlands,Online,2024-01-12,2024-02-03,22,2463.67,6,0,True,Approved,0
CLM500099,PH100643,Auto,Third Party,Wales,Call Center,2024-08-14,2024-08-29,15,2738.78,3,3,True,Pending,0
CLM500100,PH101038,Life,Death Benefit,Scotland,Online,2024-01-09,2024-01-25,16,95417.84,3,2,True,Approved,0
CLM500101,PH100580,Travel,Delay,Yorkshire,Mobile App,2023-11-11,2023-11-19,8,527.76,2,2,True,Approved,0
CLM500102,PH101120,Life,Death Benefit,North East,Broker,2023-04-12,2023-04-19,7,36429.45,4,1,True,Approved,0
CLM500103,PH100672,Health,Outpatient,Midlands,Branch,2024-04-18,2024-05-15,27,4580.99,2,2,True,Approved,0
CLM500104,PH100319,Commercial,Liability,London,Broker,2023-06-03,2023-06-06,3,21000.57,5,3,False,Under Review,0
CLM500105,PH100167,Auto,Collision,North West,Online,2024-03-09,2024-03-10,1,4531.28,4,0,True,Approved,0
CLM500106,PH101485,Home,Accidental Damage,Scotland,Branch,2023-09-09,2023-09-11,2,8963.93,4,0,True,Under Review,0
CLM500107,PH101075,Home,Fire,London,Broker,2023-02-25,2023-03-17,20,3476.35,2,0,True,Rejected,0
CLM500108,PH100078,Travel,Cancellation,North West,Broker,2023-06-20,2023-06-24,4,480.8,3,3,False,Under Review,0
CLM500109,PH100814,Health,Dental,Scotland,Branch,2023-02-28,2023-03-20,20,558.96,5,1,True,Approved,0
CLM500110,PH100968,Life,Death Benefit,Midlands,Branch,2023-09-18,2023-10-05,17,178948.61,6,0,True,Approved,0
CLM500111,PH100363,Travel,Medical,Yorkshire,Broker,2023-07-12,2023-07-24,12,1589.65,5,1,True,Approved,0
CLM500112,PH101445,Auto,Theft,Wales,Mobile App,2024-06-10,2024-06-22,12,1738.35,2,3,True,Pending,0
CLM500113,PH101046,Travel,Lost Luggage,Wales,Call Center,2023-12-17,2024-01-09,23,1317.1,6,0,True,Approved,0
CLM500114,PH100984,Home,Accidental Damage,Yorkshire,Call Center,2024-09-10,2024-09-25,15,15958.32,5,3,True,Approved,0
CLM500115,PH100784,Home,Storm,Northern Ireland,Mobile App,2023-06-26,2023-07-09,13,13182.75,1,2,True,Rejected,0
CLM500116,PH100982,Life,Death Benefit,South West,Mobile App,2024-09-12,2024-09-24,12,28636.3,5,2,True,Under Review,0
CLM500117,PH100673,Travel,Cancellation,London,Mobile App,2023-03-28,2023-04-21,24,1491.18,6,1,True,Approved,0
CLM500118,PH100903,Health,Optical,London,Online,2023-05-08,2023-05-08,0,5654.01,1,1,False,Rejected,1
CLM500119,PH100411,Auto,Theft,Northern Ireland,Branch,2023-01-17,2023-02-04,18,1312.74,0,1,False,Approved,0
CLM500120,PH100151,Travel,Delay,North West,Branch,2023-06-06,2023-06-23,17,1511.54,4,2,True,Rejected,0
CLM500121,PH101357,Travel,Lost Luggage,North West,Mobile App,2024-05-07,2024-05-09,2,2753.45,5,2,True,Pending,0
CLM500122,PH101372,Home,Burglary,North West,Online,2023-09-05,2023-09-28,23,5142.71,2,1,True,Approved,0
CLM500123,PH101297,Travel,Medical,North East,Broker,2023-10-23,2023-11-03,11,1970.77,7,0,True,Approved,0
CLM500124,PH100778,Travel,Delay,Northern Ireland,Branch,2023-02-06,2023-02-18,12,4816.51,4,1,True,Approved,0
CLM500125,PH100030,Auto,Fire,North East,Call Center,2023-01-01,2023-01-16,15,2962.43,0,2,True,Approved,0
CLM500126,PH100711,Auto,Collision,Northern Ireland,Broker,2024-12-20,2024-12-27,7,5039.42,4,1,True,Approved,0
CLM500127,PH100710,Auto,Collision,Scotland,Call Center,2023-06-18,2023-06-24,6,6902.35,4,2,True,Approved,0
CLM500128,PH101290,Auto,Third Party,London,Call Center,2023-10-19,2023-11-04,16,2797.88,3,0,False,Under Review,0
CLM500129,PH101060,Home,Burglary,South East,Mobile App,2024-02-11,2024-03-11,29,4364.7,5,0,True,Under Review,0
CLM500130,PH101088,Commercial,Business Interruption,Northern Ireland,Mobile App,2024-04-21,2024-04-24,3,14492.32,1,3,True,Approved,0
CLM500131,PH100739,Health,Dental,Yorkshire,Mobile App,2024-12-25,2025-01-09,15,4441.35,0,2,True,Under Review,0
CLM500132,PH100262,Life,Death Benefit,North East,Mobile App,2023-01-21,2023-02-12,22,2206.36,6,2,True,Approved,0
CLM500133,PH100092,Life,Death Benefit,North East,Broker,2023-07-10,2023-07-13,3,24945.53,4,0,True,Approved,0
CLM500134,PH101018,Home,Accidental Damage,South East,Broker,2024-06-29,2024-07-09,10,11314.88,1,2,True,Approved,0
CLM500135,PH101309,Commercial,Liability,South West,Broker,2024-05-18,2024-05-18,0,19703.54,5,2,True,Pending,0
CLM500136,PH100100,Health,Outpatient,Scotland,Mobile App,2024-04-08,2024-05-01,23,2113.07,6,1,False,Approved,0
CLM500137,PH100763,Health,Outpatient,South West,Online,2024-03-16,2024-04-09,24,1809.01,2,0,True,Approved,0
CLM500138,PH100280,Auto,Fire,London,Mobile App,2024-01-02,2024-01-30,28,4654.82,2,2,True,Under Review,0
CLM500139,PH101331,Travel,Delay,North West,Broker,2023-12-30,2024-01-23,24,1161.06,6,2,True,Pending,0
CLM500140,PH101497,Auto,Fire,Scotland,Mobile App,2024-01-06,2024-01-18,12,2180.6,6,2,True,Approved,0
CLM500141,PH101050,Commercial,Property Damage,Scotland,Mobile App,2024-11-12,2024-11-16,4,20369.77,7,2,True,Approved,0
CLM500142,PH101491,Home,Flood,South East,Online,2023-10-27,2023-10-28,1,8613.61,7,2,False,Rejected,1
CLM500143,PH101230,Health,Outpatient,London,Branch,2024-06-05,2024-06-11,6,6271.77,1,1,False,Approved,0
CLM500144,PH100021,Travel,Cancellation,South East,Branch,2024-01-15,2024-01-23,8,1125.53,3,3,False,Rejected,0
CLM500145,PH100030,Commercial,Business Interruption,North East,Branch,2023-10-17,2023-11-06,20,30871.75,7,2,True,Approved,0
CLM500146,PH100026,Life,Death Benefit,South East,Branch,2024-09-05,2024-09-14,9,91572.65,0,3,True,Approved,0
CLM500147,PH100388,Auto,Fire,  NORTH WEST ,Branch,2023-01-19,2023-01-19,0,5276.67,0,0,False,Approved,0
CLM500148,PH100515,Commercial,Business Interruption,Northern Ireland,Branch,2024-07-13,2024-07-29,16,24505.23,5,2,True,Approved,0
CLM500149,PH100738,Commercial,Liability,South West,Call Center,2024-05-19,2024-06-06,18,41014.39,6,2,True,Approved,0
CLM500150,PH101337,Commercial,Business Interruption,Scotland,Branch,2024-06-27,2024-07-10,13,38208.98,0,1,True,Approved,0
CLM500151,PH100609,Travel,Cancellation,South West,Branch,2023-05-01,2023-05-22,21,1672.32,1,0,True,Under Review,0
CLM500152,PH101164,Home,Burglary,North East,Call Center,2023-06-14,2023-07-08,24,4547.2,4,0,False,Approved,0
CLM500153,PH100396,Travel,Cancellation,Wales,Call Center,2024-04-21,2024-05-04,13,585.19,6,3,False,Approved,0
CLM500154,PH101168,Life,Critical Illness,Midlands,Mobile App,2023-01-15,2023-01-31,16,88001.85,2,3,True,Approved,0
CLM500155,PH100738,Health,Dental,South West,Call Center,2023-02-08,2023-03-08,28,3186.61,7,0,True,Approved,0
CLM500156,PH101016,Travel,Medical,North West,Broker,2023-08-11,2023-08-21,10,538.62,4,0,True,Approved,0
CLM500157,PH100213,Home,Burglary,Northern Ireland,Online,2023-01-22,2023-01-25,3,9413.24,0,2,False,Approved,0
CLM500158,PH100575,Home,Burglary,South West,Mobile App,2023-08-05,2023-08-09,4,7480.51,4,0,True,Under Review,0
CLM500159,PH101026,Health,Outpatient,North West,Mobile App,2023-12-24,2024-01-10,17,3260.38,7,2,True,Rejected,0
CLM500160,PH100353,Health,Dental,North East,Broker,2023-04-19,2023-05-10,21,991.73,2,1,False,Approved,0
CLM500161,PH100999,Home,Accidental Damage,Midlands,Online,2023-04-21,2023-05-17,26,4036.89,7,1,True,Under Review,0
CLM500162,PH100114,Auto,Fire,Scotland,Mobile App,2023-12-28,2024-01-16,19,1176.02,3,1,True,Under Review,0
CLM500163,PH101303,Life,Critical Illness,London,Branch,2023-06-26,2023-07-01,5,52589.76,6,2,True,Approved,0
CLM500164,PH101301,Commercial,Liability,South West,Broker,2024-12-28,2025-01-26,29,23917.41,1,3,False,Approved,0
CLM500165,PH100668,Auto,Third Party,Wales,Online,2023-11-29,2023-12-12,13,1015.92,6,0,False,Approved,0
CLM500166,PH100186,Home,Storm,North East,Branch,2024-03-05,2024-03-22,17,6384.27,5,1,True,Approved,0
CLM500167,PH100925,Life,Critical Illness,Midlands,Mobile App,2023-06-29,2023-07-26,27,52547.15,0,2,False,Pending,0
CLM500168,PH101450,Life,Critical Illness,Yorkshire,Call Center,2023-06-21,2023-07-09,18,47420.68,4,2,True,Approved,0
CLM500169,PH100030,Travel,Medical,North East,Branch,2024-09-23,2024-09-28,5,4156.87,5,1,True,Under Review,0
CLM500170,PH100786,Home,Storm,South East,Branch,2024-12-16,2024-12-22,6,2664.09,1,0,True,Rejected,0
CLM500171,PH100517,Home,Flood,Northern Ireland,Call Center,2024-06-28,2024-07-09,11,1855.62,7,0,True,Under Review,0
CLM500172,PH101314,Life,Death Benefit,North East,Broker,2023-04-28,2023-05-17,19,39967.63,4,1,False,Approved,0
CLM500173,PH101239,Auto,Third Party,North West,Branch,2023-09-23,2023-10-20,27,4163.29,4,0,True,Approved,0
CLM500174,PH100994,Life,Critical Illness,Midlands,Broker,2024-09-12,2024-09-14,2,55536.75,0,2,False,Under Review,0
CLM500175,PH101277,Home,Accidental Damage,North East,Mobile App,2023-12-29,2024-01-01,3,9127.78,1,0,True,Approved,0
CLM500176,PH100018,Health,Outpatient,Midlands,Call Center,2024-03-30,2024-04-09,10,219.21,7,3,True,Approved,0
CLM500177,PH101076,Auto,Collision,Northern Ireland,Broker,2024-12-11,2025-01-01,21,5667.38,4,1,True,Approved,0
CLM500178,PH100714,Travel,Lost Luggage,North East,Call Center,2023-11-23,2023-12-15,22,2420.86,4,0,True,Under Review,0
CLM500179,PH100416,Commercial,Business Interruption,South West,Broker,2023-08-30,2023-09-03,4,18686.54,4,1,True,Approved,0
CLM500180,PH101440,Auto,Fire,Scotland,Online,2023-09-06,2023-09-22,16,4139.97,0,1,True,Approved,0
CLM500181,PH100524,Home,Fire,North West,Broker,2024-12-27,2025-01-21,25,13757.16,4,3,True,Pending,0
CLM500182,PH101021,Auto,Third Party,London,Broker,2023-11-01,2023-11-30,29,3698.78,2,2,False,Approved,0
CLM500183,PH100611,Health,Hospitalisation,South West,Online,2023-03-02,2023-03-30,28,3506.56,5,1,True,Under Review,0
CLM500184,PH100673,Home,Accidental Damage,London,Branch,2023-01-26,2023-01-27,1,9604.29,5,0,False,Approved,0
CLM500185,PH101075,Commercial,Business Interruption,London,Broker,2023-02-03,2023-02-11,8,,6,2,True,Under Review,0
CLM500186,PH101094,Home,Fire,Northern Ireland,Broker,2024-06-14,2024-06-26,12,5004.47,1,2,False,Approved,0
CLM500187,PH100717,Commercial,Business Interruption,North West,Branch,2023-11-21,2023-12-15,24,14276.83,3,0,True,Approved,0
CLM500188,PH100705,Life,Death Benefit,Midlands,Branch,2023-06-29,2023-06-30,1,,3,2,True,Approved,0
CLM500189,PH100519,Auto,Windscreen,Northern Ireland,Branch,2023-11-23,2023-12-16,23,3847.35,5,3,True,Approved,0
CLM500190,PH100089,Travel,Delay,Wales,Online,2023-10-27,2023-11-15,19,788.93,3,2,True,Under Review,0
CLM500191,PH100279,Auto,Theft,North East,Call Center,2023-04-06,2023-04-19,13,6030.06,4,0,True,Approved,0
CLM500192,PH100788,Health,Dental,Northern Ireland,Broker,2024-03-26,2024-04-02,7,1134.85,1,1,False,Approved,0
CLM500193,PH100318,Travel,Medical,North West,Broker,2023-10-31,2023-11-09,9,745.08,3,3,True,Approved,0
CLM500194,PH100242,Health,Dental,Yorkshire,Call Center,2023-07-18,2023-08-03,16,1080.62,2,1,True,Rejected,0
CLM500195,PH100025,Health,Optical,South West,Online,2023-01-05,2023-01-27,22,1080.29,4,1,False,Rejected,0
CLM500196,PH101384,Commercial,Liability,Scotland,Call Center,2024-03-03,2024-03-24,21,67319.58,1,2,True,Approved,0
CLM500197,PH101223,Auto,Third Party,Midlands,Branch,2023-07-20,2023-08-18,29,4420.31,5,3,False,Approved,0
CLM500198,PH100850,Health,Hospitalisation,North East,Broker,2023-06-02,2023-06-02,0,4144.4,3,1,False,Rejected,1
CLM500199,PH100868,Home,Storm,North West,Online,2023-01-22,2023-01-22,0,8710.03,1,3,True,Approved,0
CLM500200,PH100810,Health,Dental,North West,Online,2024-12-16,2024-12-28,12,4184.05,3,3,False,Approved,0
CLM500201,PH100620,Life,Critical Illness,Northern Ireland,Branch,2024-03-19,2024-04-10,22,19174.18,2,3,True,Pending,0
CLM500202,PH100110,Life,Death Benefit,Midlands,Call Center,2024-04-17,2024-04-25,8,40047.05,3,0,True,Approved,0
CLM500203,PH100452,Auto,Third Party,Wales,Branch,2023-09-28,2023-10-19,21,2635.31,6,3,False,Approved,0
CLM500204,PH100130,Travel,Medical,Scotland,Branch,2024-08-12,2024-08-27,15,1005.81,7,3,True,Approved,0
CLM500205,PH101162,Commercial,Liability,Midlands,Online,2024-11-01,2024-11-20,19,3438.51,3,2,True,Approved,0
CLM500206,PH101043,Life,Critical Illness,South East,Mobile App,2023-08-23,2023-09-03,11,17240.21,2,3,True,Approved,0
CLM500207,PH100895,Health,Outpatient,Northern Ireland,Mobile App,2023-03-20,2023-04-09,20,5164.96,3,1,True,Under Review,0
CLM500208,PH100337,Health,Outpatient,London,Mobile App,2023-02-11,2023-02-17,6,4155.95,4,2,True,Under Review,0
CLM500209,PH101188,Travel,Medical,London,Online,2024-12-23,2025-01-09,17,1316.97,7,0,True,Approved,0
CLM500210,PH101023,Life,Death Benefit,North West,Branch,2024-09-28,2024-10-07,9,38637.89,6,0,False,Pending,0
CLM500211,PH101001,Auto,Windscreen,Yorkshire,Call Center,2024-02-22,2024-03-19,26,4503.84,3,3,True,Approved,0
CLM500212,PH100324,Home,Storm,Wales,Online,2024-04-28,2024-05-21,23,6332.6,2,2,True,Rejected,0
CLM500213,PH100230,Commercial,Business Interruption,Yorkshire,Online,2023-10-06,2023-10-07,1,31677.96,4,3,False,Under Review,0
CLM500214,PH100797,Auto,Windscreen,London,Online,2024-02-28,2024-03-05,6,2738.67,5,3,True,Approved,0
CLM500215,PH101470,Commercial,Liability,Wales,Online,2024-05-05,2024-05-26,21,2301.16,1,0,True,Approved,0
CLM500216,PH100729,Home,Burglary,South West,Call Center,2024-03-27,2024-03-28,1,22661.72,1,1,False,Approved,1
CLM500217,PH101377,Travel,Medical,  NORTH WEST ,Mobile App,2023-10-28,2023-11-06,9,300.09,6,0,True,Under Review,0
CLM500218,PH101199,Auto,Theft,North West,Mobile App,2023-08-13,2023-08-19,6,3561.73,3,0,False,Approved,0
CLM500219,PH100401,Life,Death Benefit,Northern Ireland,Broker,2023-09-17,2023-10-15,28,16287.98,4,2,True,Approved,0
CLM500220,PH100780,Travel,Medical,London,Call Center,2024-07-13,2024-08-01,19,999.38,6,2,True,Rejected,0
CLM500221,PH100304,Home,Storm,South East,Online,2024-01-24,2024-01-25,1,2441.23,6,1,True,Approved,0
CLM500222,PH101438,Health,Dental,Scotland,Call Center,2024-11-02,2024-11-11,9,2639.2,6,1,True,Rejected,0
CLM500223,PH101095,Travel,Lost Luggage,Midlands,Online,2023-01-19,2023-01-19,0,1721.63,4,3,False,Under Review,1
CLM500224,PH100285,Commercial,Business Interruption,Wales,Broker,2024-02-10,2024-02-21,11,15848.09,1,2,False,Under Review,0
CLM500225,PH100344,Commercial,Liability,Midlands,Call Center,2023-12-23,2024-01-08,16,42959.09,0,2,True,Pending,0
CLM500226,PH100412,Life,Critical Illness,North West,Mobile App,2024-06-13,2024-06-17,4,68573.71,2,0,True,Approved,0
CLM500227,PH101382,Commercial,Property Damage,Scotland,Broker,2023-10-03,2023-10-11,8,-27093.25,2,3,False,Approved,0
CLM500228,PH100758,Travel,Cancellation,London,Mobile App,2024-10-29,2024-11-19,21,1329.15,1,1,True,Approved,0
CLM500229,PH100625,Commercial,Business Interruption,North East,Mobile App,2024-06-30,2024-07-28,28,22930.7,2,0,True,Approved,0
CLM500230,PH101138,Health,Outpatient,Yorkshire,Call Center,2024-10-19,2024-11-07,19,1731.41,6,0,True,Under Review,0
CLM500231,PH100844,Life,Death Benefit,Northern Ireland,Mobile App,2024-09-18,2024-09-22,4,138030.39,2,2,True,Approved,0
CLM500232,PH101255,Health,Dental,Scotland,Branch,2023-01-19,2023-02-15,27,1559.32,4,3,True,Pending,0
CLM500233,PH100080,Life,Critical Illness,Wales,Broker,2024-08-04,2024-08-20,16,32728.97,0,0,False,Approved,0
CLM500234,PH100320,Travel,Delay,London,Online,2023-08-30,2023-09-13,14,2168.84,6,2,True,Approved,0
CLM500235,PH100083,Commercial,Liability,North West,Call Center,2024-02-14,2024-02-23,9,6921.46,7,1,False,Approved,0
CLM500236,PH101252,Life,Death Benefit,Northern Ireland,Mobile App,2023-04-17,2023-04-19,2,36413.73,3,0,True,Approved,0
CLM500237,PH100094,Health,Outpatient,Northern Ireland,Broker,2024-12-15,2025-01-13,29,4150.63,7,3,True,Approved,0
CLM500238,PH100622,Home,Storm,Scotland,Call Center,2024-10-05,2024-10-14,9,16561.53,5,2,True,Rejected,0
CLM500239,PH101255,Life,Death Benefit,Scotland,Call Center,2024-12-10,2024-12-11,1,59128.93,4,0,False,Rejected,1
CLM500240,PH100512,Auto,Collision,South East,Call Center,2024-09-24,2024-09-26,2,7286.87,4,0,False,Approved,1
CLM500241,PH101012,Auto,Fire,South West,Mobile App,2023-06-02,2023-06-18,16,7664.29,2,3,True,Approved,0
CLM500242,PH100255,Health,Hospitalisation,South East,Online,2024-06-27,2024-06-27,0,,1,3,False,Approved,1
CLM500243,PH100479,Health,Dental,North East,Branch,2023-11-24,2023-11-26,2,3621.5,2,2,True,Approved,0
CLM500244,PH100651,Auto,Windscreen,London,Branch,2023-12-17,2023-12-27,10,2995.5,7,3,False,Approved,0
CLM500245,PH100307,Health,Outpatient,South East,Branch,2023-10-23,2023-11-03,11,2520.53,5,2,True,Approved,0
CLM500246,PH101459,Home,Flood,South West,Broker,2023-08-12,2023-08-13,1,1688.34,4,0,False,Approved,0
CLM500247,PH100138,Health,Dental,Wales,Mobile App,2023-02-15,2023-03-04,17,1089.54,2,1,True,Rejected,0
CLM500248,PH100779,Home,Accidental Damage,Wales,Online,2024-04-20,2024-05-15,25,9392.85,5,1,False,Approved,0
CLM500249,PH100192,Commercial,Liability,South West,Mobile App,2023-12-24,2024-01-18,25,20868.03,7,3,True,Approved,0
CLM500250,PH101393,Life,Critical Illness,London,Mobile App,2023-05-10,2023-06-08,29,59768.77,7,0,True,Approved,0
CLM500251,PH100267,Life,Critical Illness,South West,Broker,2024-02-10,2024-02-29,19,5597.64,3,2,False,Under Review,0
CLM500252,PH101483,Travel,Medical,London,Broker,2024-12-24,2025-01-15,22,1076.01,6,2,True,Rejected,0
CLM500253,PH100245,Auto,Theft,Yorkshire,Online,2024-04-06,2024-05-04,28,4430.44,7,1,True,Approved,0
CLM500254,PH100427,Travel,Lost Luggage,Yorkshire,Broker,2023-09-09,2023-09-10,1,1813.42,3,0,True,Approved,0
CLM500255,PH101277,Commercial,Property Damage,North East,Mobile App,2023-01-31,2023-02-07,7,25176.64,1,1,False,Approved,0
CLM500256,PH100392,Life,Death Benefit,North East,Call Center,2023-06-30,2023-07-09,9,11712.43,2,3,True,Rejected,0
CLM500257,PH101312,Health,Dental,Scotland,Branch,2023-01-31,2023-02-11,11,4632.86,6,2,True,Pending,0
CLM500258,PH101144,Home,Fire,South East,Mobile App,2024-10-28,2024-11-20,23,5343.64,5,2,True,Under Review,0
CLM500259,PH100977,Health,Outpatient,Northern Ireland,Mobile App,2024-08-20,2024-09-12,23,1150.78,3,3,True,Under Review,0
CLM500260,PH100583,Life,Death Benefit,Scotland,Branch,2024-08-27,2024-09-20,24,46369.2,0,2,True,Approved,0
CLM500261,PH100446,Home,Storm,Scotland,Call Center,2024-06-10,2024-07-04,24,17585.42,7,0,True,Pending,0
CLM500262,PH100083,Life,Critical Illness,North West,Broker,2023-03-04,2023-03-10,6,59859.33,6,3,True,Approved,0
CLM500263,PH100178,Health,Dental,North West,Branch,2023-10-28,2023-10-30,2,5319.11,2,0,True,Rejected,0
CLM500264,PH101104,Auto,Collision,London,Online,2024-02-08,2024-03-01,22,741.91,7,1,False,Pending,0
CLM500265,PH101030,Home,Fire,Midlands,Mobile App,2023-05-18,2023-05-21,3,20629.2,0,1,True,Approved,0
CLM500266,PH101499,Health,Optical,Scotland,Mobile App,2024-07-27,2024-07-27,0,13329.46,6,0,False,Pending,1
CLM500267,PH100535,Life,Critical Illness,London,Broker,2024-01-05,2024-01-29,24,102248.03,1,3,True,Under Review,0
CLM500268,PH100233,Health,Optical,London,Online,2023-12-14,2023-12-22,8,6060.78,6,2,True,Approved,0
CLM500269,PH100806,Auto,Collision,South East,Call Center,2024-11-29,2024-12-26,27,11757.63,4,0,True,Approved,0
CLM500270,PH100968,Auto,Collision,Midlands,Online,2024-07-02,2024-07-24,22,1276.94,0,0,True,Pending,0
CLM500271,PH101194,Commercial,Property Damage,Midlands,Call Center,2024-03-17,2024-04-14,28,19562.66,1,0,True,Rejected,0
CLM500272,PH100192,Auto,Windscreen,South West,Mobile App,2023-10-16,2023-10-26,10,1621.58,2,1,False,Under Review,0
CLM500273,PH101368,Life,Death Benefit,Northern Ireland,Mobile App,2024-10-30,2024-11-18,19,139692.87,1,1,True,Approved,0
CLM500274,PH101290,Commercial,Business Interruption,London,Call Center,2024-09-11,2024-09-16,5,26192.64,4,1,False,Approved,0
CLM500275,PH100939,Travel,Medical,Midlands,Broker,2023-04-27,2023-05-14,17,1022.56,0,0,True,Approved,0
CLM500276,PH100702,Health,Hospitalisation,North West,Call Center,2023-11-20,2023-11-24,4,2022.69,4,1,True,Approved,0
CLM500277,PH100374,Health,Dental,South West,Branch,2023-04-11,2023-04-16,5,3905.05,7,2,False,Pending,0
CLM500278,PH100514,Life,Critical Illness,North West,Online,2023-11-27,2023-12-05,8,11886.3,4,2,False,Approved,0
CLM500279,PH100001,Travel,Lost Luggage,South West,Branch,2024-02-26,2024-03-05,8,2956.39,7,3,True,Rejected,0
CLM500280,PH101006,Commercial,Liability,North West,Online,2023-07-27,2023-07-29,2,117185.09,2,2,True,Rejected,1
CLM500281,PH100388,Commercial,Liability,North West,Online,2023-09-23,2023-10-15,22,26347.72,6,0,True,Rejected,0
CLM500282,PH100853,Commercial,Liability,Scotland,Mobile App,2023-04-19,2023-04-19,0,48826.73,1,0,False,Pending,1
CLM500283,PH101276,Health,Dental,London,Broker,2024-06-23,2024-07-14,21,2132.93,7,0,True,Approved,0
CLM500284,PH100441,Commercial,Property Damage,London,Mobile App,2024-02-24,2024-02-24,0,38974.6,4,2,True,Rejected,0
CLM500285,PH101372,Home,Fire,North West,Broker,2023-07-31,2023-08-26,26,8776.64,7,1,True,Approved,0
CLM500286,PH100834,Health,Dental,South East,Call Center,2023-11-27,2023-12-18,21,3943.38,2,1,True,Rejected,0
CLM500287,PH100940,Auto,Windscreen,Midlands,Online,2024-04-06,2024-04-19,13,11089.84,2,0,True,Rejected,0
CLM500288,PH100921,Commercial,Property Damage,South West,Online,2024-04-13,2024-04-22,9,27053.67,3,3,True,Approved,0
CLM500289,PH100631,Commercial,Liability,Midlands,Branch,2023-12-24,2023-12-25,1,22053.25,4,0,False,Approved,0
CLM500290,PH101195,Auto,Theft,Wales,Mobile App,2024-08-24,2024-08-26,2,7962.95,3,3,True,Approved,0
CLM500291,PH101325,Life,Critical Illness,Scotland,Call Center,2024-05-30,2024-06-26,27,67621.21,6,3,True,Approved,0
CLM500292,PH101120,Travel,Cancellation,North East,Mobile App,2024-12-25,2025-01-14,20,1214.09,2,1,False,Under Review,0
CLM500293,PH100985,Commercial,Property Damage,Scotland,Call Center,2023-06-16,2023-07-01,15,31340.3,7,3,False,Approved,0
CLM500294,PH100867,Health,Outpatient,Yorkshire,Mobile App,2024-06-29,2024-07-16,17,4940.76,3,3,True,Approved,0
CLM500295,PH100104,Commercial,Business Interruption,North East,Broker,2023-06-26,2023-07-12,16,25065.71,6,0,True,Pending,0
CLM500296,PH100436,Travel,Delay,North West,Mobile App,2023-02-02,2023-02-04,2,640.87,0,2,True,Pending,0
CLM500297,PH100804,Life,Critical Illness,London,Mobile App,2024-02-01,2024-02-24,23,65103.38,4,3,True,Under Review,0
CLM500298,PH101029,Health,Hospitalisation,Wales,Call Center,2024-12-12,2024-12-15,3,6682.86,6,1,False,Approved,0
CLM500299,PH100102,Commercial,Business Interruption,London,Online,2023-10-29,2023-11-25,27,23704.83,2,2,True,Approved,0
CLM500300,PH101329,Life,Critical Illness,Yorkshire,Branch,2024-12-04,2024-12-24,20,123462.08,7,0,True,Approved,0
CLM500301,PH101079,Commercial,Business Interruption,North East,Mobile App,2023-01-03,2023-01-08,5,29366.17,7,0,True,Under Review,0
CLM500302,PH101451,Life,Death Benefit,North West,Online,2023-08-26,2023-09-13,18,42694.05,1,1,True,Approved,0
CLM500303,PH100359,Life,Death Benefit,Midlands,Call Center,2024-09-02,2024-09-20,18,67426.19,2,3,False,Pending,0
CLM500304,PH101201,Commercial,Liability,North East,Call Center,2024-05-19,2024-06-09,21,45469.99,4,3,False,Pending,0
CLM500305,PH100131,Commercial,Business Interruption,Wales,Mobile App,2023-03-07,2023-03-29,22,4702.21,7,3,True,Pending,0
CLM500306,PH101217,Life,Critical Illness,Scotland,Branch,2024-10-17,2024-11-09,23,36342.89,5,2,True,Approved,0
CLM500307,PH101360,Travel,Medical,London,Call Center,2024-06-21,2024-07-07,16,2492.88,4,3,False,Pending,0
CLM500308,PH101057,Health,Hospitalisation,Midlands,Broker,2024-04-15,2024-05-05,20,1956.41,5,2,True,Approved,0
CLM500309,PH101190,Health,Hospitalisation,Wales,Broker,2023-08-10,2023-09-04,25,1834.39,5,1,True,Approved,0
CLM500310,PH100549,Health,Dental,South West,Mobile App,2023-10-12,2023-11-01,20,1878.88,2,1,True,Approved,0
CLM500311,PH100980,Home,Flood,Wales,Online,2023-02-25,2023-03-02,5,5329.01,3,2,True,Approved,0
CLM500312,PH100406,Auto,Windscreen,Scotland,Mobile App,2024-05-31,2024-06-03,3,1669.98,6,3,True,Under Review,0
CLM500313,PH101295,Commercial,Liability,Northern Ireland,Online,2023-11-22,2023-11-23,1,113435.0,4,0,False,Pending,1
CLM500314,PH101041,Life,Critical Illness,South West,Branch,2024-05-06,2024-05-09,3,11718.81,4,2,True,Approved,0
CLM500315,PH100865,Auto,Windscreen,North East,Branch,2023-04-24,2023-05-07,13,524.76,7,1,True,Pending,0
CLM500316,PH100321,Home,Fire,South East,Online,2024-07-27,2024-08-07,11,1531.35,5,3,True,Approved,0
CLM500317,PH100176,Commercial,Business Interruption,South West,Call Center,2024-03-05,2024-03-25,20,9928.04,1,3,True,Approved,0
CLM500318,PH101440,Auto,Theft,Scotland,Call Center,2024-08-31,2024-08-31,0,9551.24,7,2,True,Pending,1
CLM500319,PH100438,Life,Critical Illness,Northern Ireland,Broker,2024-04-02,2024-04-09,7,52773.56,4,3,False,Pending,0
CLM500320,PH101165,Home,Burglary,South West,Online,2024-08-23,2024-09-01,9,6381.96,4,2,False,Approved,0
CLM500321,PH101229,Travel,Delay,London,Online,2024-03-12,2024-03-12,0,6248.23,0,0,False,Rejected,1
CLM500322,PH100953,Travel,Delay,Wales,Mobile App,2024-09-02,2024-09-13,11,2674.78,3,1,True,Approved,0
CLM500323,PH100807,Life,Critical Illness,South East,Broker,2023-09-26,2023-10-11,15,63005.45,4,1,True,Approved,0
CLM500324,PH101201,Travel,Cancellation,North East,Branch,2023-02-24,2023-02-26,2,354.13,1,1,True,Approved,0
CLM500325,PH100335,Home,Flood,North West,Online,2024-07-18,2024-07-26,8,2422.03,5,2,False,Approved,0
CLM500326,PH100268,Commercial,Business Interruption,South East,Call Center,2023-06-11,2023-06-11,0,5249.84,1,2,False,Approved,0
CLM500327,PH100918,Health,Dental,  LONDON ,Mobile App,2024-05-01,2024-05-17,16,3773.48,5,0,True,Approved,0
CLM500328,PH101024,Commercial,Property Damage,Wales,Mobile App,2024-10-24,2024-11-21,28,20490.75,2,3,True,Under Review,0
CLM500329,PH100108,Auto,Windscreen,Northern Ireland,Call Center,2024-02-20,2024-03-09,18,1997.9,3,3,False,Under Review,0
CLM500330,PH100579,Life,Critical Illness,London,Mobile App,2024-05-28,2024-05-30,2,80541.95,1,2,False,Pending,1
CLM500331,PH101423,Travel,Delay,Wales,Call Center,2023-03-18,2023-04-13,26,1192.94,1,2,True,Approved,0
CLM500332,PH101385,Health,Outpatient,North East,Call Center,2023-05-07,2023-05-15,8,2550.05,1,1,True,Approved,0
CLM500333,PH100679,Life,Critical Illness,North East,Broker,2024-08-26,2024-09-06,11,26236.45,0,1,True,Approved,0
CLM500334,PH100753,Auto,Windscreen,North West,Mobile App,2023-09-24,2023-09-25,1,9533.08,1,0,False,Approved,0
CLM500335,PH101212,Life,Critical Illness,Wales,Mobile App,2024-08-28,2024-09-06,9,32875.73,6,3,True,Approved,0
CLM500336,PH100339,Travel,Cancellation,Yorkshire,Branch,2023-01-21,2023-01-26,5,1914.32,6,2,True,Approved,0
CLM500337,PH100938,Commercial,Liability,North East,Call Center,2023-03-27,2023-04-13,17,35756.82,0,2,True,Approved,0
CLM500338,PH101200,Auto,Theft,South West,Branch,2023-02-07,2023-02-10,3,6019.41,4,0,True,Rejected,0
CLM500339,PH101458,Health,Hospitalisation,South East,Call Center,2024-01-27,2024-02-12,16,2120.58,1,1,True,Pending,0
CLM500340,PH101252,Commercial,Business Interruption,Northern Ireland,Call Center,2024-11-14,2024-12-02,18,19765.38,0,1,False,Approved,0
CLM500341,PH100391,Travel,Medical,Midlands,Broker,2024-01-25,2024-02-19,25,1066.28,0,2,True,Approved,0
CLM500342,PH100546,Home,Burglary,Wales,Online,2024-11-23,2024-11-24,1,32175.48,2,2,False,Rejected,1
CLM500343,PH100440,Home,Burglary,Northern Ireland,Branch,2023-08-29,2023-09-24,26,12653.2,5,0,True,Approved,0
CLM500344,PH101172,Auto,Windscreen,Midlands,Online,2024-04-12,2024-05-03,21,3949.02,6,2,False,Under Review,0
CLM500345,PH100433,Life,Death Benefit,Scotland,Broker,2023-09-19,2023-10-05,16,56387.96,2,0,False,Approved,0
CLM500346,PH100228,Life,Death Benefit,North East,Call Center,2024-02-15,2024-03-11,25,86329.85,5,1,True,Rejected,0
CLM500347,PH100013,Life,Critical Illness,North East,Broker,2024-12-17,2025-01-09,23,44606.06,4,2,True,Under Review,0
CLM500348,PH101458,Health,Optical,South East,Mobile App,2023-11-11,2023-11-13,2,4267.05,1,0,False,Pending,1
CLM500349,PH100393,Life,Critical Illness,South East,Call Center,2024-01-27,2024-02-10,14,39767.96,0,1,True,Approved,0
CLM500350,PH101182,Commercial,Property Damage,South East,Broker,2023-08-15,2023-08-31,16,19316.36,1,3,True,Approved,0
CLM500351,PH101016,Auto,Theft,North West,Broker,2023-09-09,2023-09-10,1,4775.41,2,0,False,Approved,1
CLM500352,PH100520,Life,Death Benefit,Yorkshire,Broker,2023-05-23,2023-05-31,8,15561.02,4,2,True,Approved,0
CLM500353,PH101280,Health,Hospitalisation,Wales,Broker,2023-08-16,2023-09-13,28,612.72,6,0,True,Pending,0
CLM500354,PH100144,Auto,Third Party,North East,Call Center,2023-11-04,2023-12-02,28,10542.34,3,0,False,Approved,0
CLM500355,PH100214,Home,Fire,Midlands,Online,2023-03-08,2023-03-15,7,3192.81,1,0,True,Pending,0
CLM500356,PH100470,Health,Outpatient,North West,Broker,2024-10-28,2024-11-25,28,2025.77,0,3,True,Approved,0
CLM500357,PH100987,Auto,Windscreen,London,Mobile App,2024-05-29,2024-06-02,4,8663.99,1,0,True,Approved,0
CLM500358,PH100102,Home,Storm,London,Mobile App,2024-03-09,2024-03-10,1,11422.28,5,1,True,Approved,1
CLM500359,PH101154,Life,Death Benefit,North West,Online,2024-07-23,2024-08-07,15,9949.18,7,1,False,Approved,0
CLM500360,PH101336,Commercial,Business Interruption,North East,Online,2023-03-24,2023-04-16,23,71242.97,6,3,False,Rejected,0
CLM500361,PH100418,Life,Death Benefit,London,Mobile App,2023-09-05,2023-09-26,21,32743.55,0,1,True,Rejected,0
CLM500362,PH101272,Auto,Third Party,Northern Ireland,Branch,2024-10-09,2024-10-13,4,1312.4,5,0,False,Approved,0
CLM500363,PH100797,Commercial,Property Damage,London,Online,2024-06-21,2024-07-16,25,629.12,0,1,False,Approved,0
CLM500364,PH100276,Life,Critical Illness,London,Mobile App,2023-12-06,2023-12-20,14,21474.13,5,1,True,Approved,0
CLM500365,PH100641,Health,Hospitalisation,Northern Ireland,Online,2023-03-09,2023-04-04,26,611.04,3,3,False,Approved,0
CLM500366,PH100956,Health,Dental,Midlands,Branch,2024-03-30,2024-04-26,27,3679.05,6,3,True,Approved,0
CLM500367,PH100410,Health,Outpatient,London,Branch,2024-02-18,2024-02-28,10,2774.17,5,1,False,Approved,0
CLM500368,PH100193,Commercial,Property Damage,South East,Broker,2023-03-31,2023-04-21,21,42165.66,7,1,False,Approved,0
CLM500369,PH101459,Commercial,Liability,South West,Mobile App,2023-07-04,2023-07-12,8,16515.14,3,0,True,Pending,0
CLM500370,PH101307,Health,Optical,North East,Mobile App,2023-04-15,2023-04-18,3,2546.5,7,1,True,Approved,0
CLM500371,PH100204,Commercial,Liability,North West,Broker,2023-12-02,2023-12-25,23,65759.88,1,2,True,Approved,0
CLM500372,PH101220,Home,Burglary,South East,Online,2024-04-09,2024-04-11,2,13531.59,1,0,True,Pending,1
CLM500373,PH100592,Life,Critical Illness,Northern Ireland,Broker,2023-11-13,2023-11-15,2,25810.66,0,3,True,Approved,0
CLM500374,PH100177,Health,Dental,North West,Branch,2024-01-21,2024-02-17,27,1926.82,1,1,True,Approved,0
CLM500375,PH101390,Auto,Fire,South East,Broker,2023-10-28,2023-10-31,3,19469.29,6,3,True,Approved,0
CLM500376,PH101121,Health,Dental,Northern Ireland,Branch,2024-10-26,2024-10-26,0,3909.45,4,1,True,Rejected,0
CLM500377,PH100546,Life,Death Benefit,Wales,Call Center,2023-08-04,2023-08-11,7,110391.52,5,1,False,Pending,0
CLM500378,PH101213,Travel,Cancellation,North East,Online,2024-06-04,2024-06-25,21,3470.68,3,3,True,Approved,0
CLM500379,PH101290,Life,Critical Illness,London,Mobile App,2024-11-27,2024-12-19,22,31463.15,4,0,True,Approved,0
CLM500380,PH101357,Life,Death Benefit,North West,Broker,2023-11-06,2023-11-08,2,141493.47,6,2,False,Under Review,0
CLM500381,PH101102,Commercial,Business Interruption,South East,Online,2023-07-05,2023-07-15,10,25683.02,2,3,True,Rejected,0
CLM500382,PH100487,Commercial,Liability,Northern Ireland,Broker,2023-01-09,2023-01-16,7,3270.38,0,1,True,Under Review,0
CLM500383,PH100799,Commercial,Business Interruption,London,Mobile App,2024-07-18,2024-07-20,2,91238.28,4,3,False,Approved,1
CLM500384,PH100269,Home,Flood,Northern Ireland,Online,2024-07-06,2024-07-12,6,24092.0,2,0,True,Under Review,0
CLM500385,PH100673,Commercial,Liability,London,Online,2023-01-10,2023-01-25,15,67093.21,0,1,False,Approved,0
CLM500386,PH101488,Life,Death Benefit,South West,Branch,2024-11-21,2024-12-08,17,65249.11,4,1,True,Pending,0
CLM500387,PH101338,Auto,Fire,North East,Branch,2024-12-04,2024-12-05,1,3186.93,4,3,False,Pending,0
CLM500388,PH100419,Health,Hospitalisation,North West,Broker,2023-04-12,2023-04-23,11,1598.0,6,2,True,Approved,0
CLM500389,PH101313,Auto,Windscreen,London,Mobile App,2024-03-12,2024-03-25,13,,5,3,True,Approved,0
CLM500390,PH100752,Life,Critical Illness,Northern Ireland,Online,2023-07-15,2023-08-02,18,29146.0,3,0,False,Rejected,0
CLM500391,PH100665,Health,Optical,Wales,Online,2024-03-21,2024-04-12,22,507.07,1,2,True,Approved,0
CLM500392,PH100385,Auto,Fire,North West,Broker,2024-06-27,2024-07-17,20,3890.98,3,3,True,Pending,0
CLM500393,PH101499,Life,Death Benefit,Scotland,Mobile App,2024-02-06,2024-02-06,0,18761.88,0,1,False,Approved,0
CLM500394,PH100239,Auto,Collision,London,Broker,2023-08-11,2023-08-11,0,8505.73,5,1,True,Approved,0
CLM500395,PH100764,Home,Accidental Damage,Wales,Branch,2024-11-17,2024-11-24,7,4588.11,2,1,True,Pending,0
CLM500396,PH100410,Auto,Windscreen,London,Call Center,2023-09-28,2023-09-28,0,11350.65,4,0,False,Pending,1
CLM500397,PH100973,Travel,Cancellation,North West,Call Center,2024-08-01,2024-08-10,9,5818.18,5,0,False,Approved,0
CLM500398,PH100891,Home,Storm,Northern Ireland,Branch,2023-09-05,2023-09-13,8,633.59,1,1,True,Under Review,0
CLM500399,PH100872,Commercial,Property Damage,Yorkshire,Broker,2024-05-03,2024-05-06,3,19749.73,4,3,True,Under Review,0
CLM500400,PH100628,Home,Storm,Yorkshire,Call Center,2024-10-06,2024-10-27,21,787.45,7,1,True,Pending,0
CLM500401,PH101329,Commercial,Liability,Yorkshire,Call Center,2023-09-26,2023-10-15,19,23577.22,2,1,False,Approved,0
CLM500402,PH100973,Auto,Collision,North West,Mobile App,2023-11-30,2023-12-01,1,2990.26,2,1,False,Approved,0
CLM500403,PH101204,Commercial,Property Damage,North West,Mobile App,2024-02-12,2024-02-17,5,43360.15,2,1,True,Pending,0
CLM500404,PH101089,Health,Outpatient,Northern Ireland,Call Center,2023-03-31,2023-04-08,8,1953.36,0,0,True,Under Review,0
CLM500405,PH101335,Health,Outpatient,Wales,Branch,2023-05-02,2023-05-06,4,533.6,7,1,True,Under Review,0
CLM500406,PH100057,Travel,Medical,South East,Broker,2024-09-04,2024-09-14,10,533.52,0,1,True,Approved,0
CLM500407,PH100105,Auto,Theft,Scotland,Call Center,2023-11-06,2023-11-10,4,2294.77,5,3,True,Approved,0
CLM500408,PH101141,Commercial,Liability,Yorkshire,Broker,2024-08-04,2024-08-31,27,8406.62,3,1,True,Pending,0
CLM500409,PH100201,Health,Outpatient,Northern Ireland,Online,2023-02-14,2023-02-14,0,10826.45,4,0,True,Pending,1
CLM500410,PH100025,Auto,Third Party,South West,Online,2023-09-22,2023-10-15,23,6024.11,7,3,True,Approved,0
CLM500411,PH100365,Home,Fire,North East,Branch,2024-08-11,2024-08-30,19,4309.63,6,1,True,Approved,0
CLM500412,PH101229,Auto,Theft,London,Broker,2023-02-09,2023-02-24,15,5558.76,3,0,True,Approved,0
CLM500413,PH100821,Travel,Lost Luggage,London,Broker,2023-08-03,2023-08-04,1,1312.88,5,0,False,Approved,0
CLM500414,PH100679,Life,Critical Illness,North East,Branch,2024-04-28,2024-05-15,17,106287.98,5,2,True,Approved,0
CLM500415,PH101159,Auto,Windscreen,London,Mobile App,2023-08-04,2023-08-18,14,2491.68,3,1,True,Under Review,0
CLM500416,PH101159,Auto,Fire,London,Branch,2024-04-06,2024-04-14,8,4973.83,2,2,True,Approved,0
CLM500417,PH100752,Life,Critical Illness,Northern Ireland,Broker,2023-08-23,2023-09-06,14,28154.0,0,1,True,Approved,0
CLM500418,PH100837,Travel,Delay,Midlands,Branch,2024-03-01,2024-03-19,18,4285.27,2,1,True,Under Review,0
CLM500419,PH100601,Home,Flood,South West,Broker,2024-06-14,2024-07-05,21,2982.36,7,0,True,Pending,0
CLM500420,PH100508,Life,Death Benefit,London,Online,2023-10-12,2023-11-09,28,30101.4,7,2,True,Approved,0
CLM500421,PH101063,Home,Flood,Midlands,Online,2024-03-13,2024-03-19,6,11855.94,0,3,True,Approved,0
CLM500422,PH101358,Auto,Theft,South West,Broker,2024-05-23,2024-05-24,1,1240.42,5,2,True,Approved,0
CLM500423,PH101021,Home,Fire,London,Mobile App,2024-11-18,2024-11-18,0,2674.62,2,3,True,Rejected,0
CLM500424,PH100163,Commercial,Property Damage,Scotland,Mobile App,2024-06-17,2024-07-15,28,10589.59,3,3,True,Approved,0
CLM500425,PH100912,Home,Storm,South East,Branch,2023-06-12,2023-06-16,4,4078.38,0,2,True,Under Review,0
CLM500426,PH100020,Travel,Delay,Scotland,Branch,2024-09-04,2024-09-13,9,1155.19,3,1,False,Pending,0
CLM500427,PH101118,Life,Critical Illness,North West,Broker,2024-02-23,2024-03-13,19,11267.06,5,3,True,Pending,0
CLM500428,PH101328,Auto,Third Party,London,Broker,2023-05-01,2023-05-24,23,5346.72,3,2,True,Approved,0
CLM500429,PH100500,Health,Outpatient,London,Broker,2024-05-26,2024-06-02,7,1720.08,5,1,True,Approved,0
CLM500430,PH101045,Auto,Third Party,London,Online,2024-09-30,2024-10-08,8,1952.31,5,2,True,Approved,0
CLM500431,PH100822,Commercial,Property Damage,Midlands,Mobile App,2024-12-13,2025-01-03,21,7099.62,7,2,True,Approved,0
CLM500432,PH101450,Commercial,Property Damage,Yorkshire,Branch,2024-12-08,2024-12-24,16,56747.46,2,1,True,Under Review,0
CLM500433,PH100535,Life,Critical Illness,London,Mobile App,2023-06-16,2023-07-02,16,54233.21,1,3,False,Approved,0
CLM500434,PH100851,Commercial,Property Damage,London,Call Center,2024-08-23,2024-08-23,0,14042.33,6,3,False,Approved,0
CLM500435,PH101179,Travel,Delay,Wales,Mobile App,2024-12-28,2025-01-06,9,908.97,5,3,True,Approved,0
CLM500436,PH100081,Travel,Cancellation,Yorkshire,Call Center,2023-07-03,2023-07-18,15,1384.29,6,3,True,Pending,0
CLM500437,PH101102,Commercial,Business Interruption,South East,Call Center,2023-01-03,2023-01-29,26,5565.83,3,0,True,Pending,0
CLM500438,PH100080,Travel,Lost Luggage,Wales,Call Center,2023-10-17,2023-11-07,21,3124.41,1,2,True,Under Review,0
CLM500439,PH100572,Travel,Cancellation,South West,Online,2024-03-10,2024-03-13,3,2931.11,4,0,True,Approved,0
CLM500440,PH100376,Commercial,Business Interruption,Midlands,Call Center,2024-01-24,2024-01-24,0,16972.76,6,2,False,Approved,1
CLM500441,PH100331,Commercial,Liability,Yorkshire,Mobile App,2024-04-26,2024-05-25,29,23294.54,2,1,True,Approved,0
CLM500442,PH100727,Home,Accidental Damage,Midlands,Branch,2024-12-16,2024-12-17,1,3089.54,2,3,True,Approved,0
CLM500443,PH101416,Travel,Medical,Wales,Branch,2023-10-24,2023-10-28,4,1413.94,1,3,False,Approved,0
CLM500444,PH100783,Commercial,Property Damage,North East,Online,2023-11-08,2023-11-26,18,19378.17,1,3,True,Approved,0
CLM500445,PH101222,Home,Fire,Yorkshire,Mobile App,2024-12-26,2025-01-02,7,3552.26,7,0,True,Pending,0
CLM500446,PH101096,Life,Death Benefit,Midlands,Broker,2024-06-28,2024-07-09,11,25310.74,4,3,False,Approved,0
CLM500447,PH101366,Life,Death Benefit,South East,Branch,2023-07-12,2023-08-04,23,105389.71,6,1,True,Approved,0
CLM500448,PH101277,Auto,Third Party,North East,Mobile App,2023-07-17,2023-07-18,1,9238.06,1,2,False,Rejected,1
CLM500449,PH101018,Life,Critical Illness,South East,Online,2024-10-09,2024-10-15,6,38799.2,5,2,False,Approved,0
CLM500450,PH100010,Travel,Delay,Scotland,Mobile App,2024-08-08,2024-08-21,13,3123.32,6,3,True,Approved,0
CLM500451,PH100675,Commercial,Liability,Wales,Broker,2024-02-18,2024-02-22,4,32552.86,1,3,True,Pending,0
CLM500452,PH100234,Health,Dental,Midlands,Branch,2024-02-16,2024-03-08,21,6469.69,2,1,True,Pending,0
CLM500453,PH101092,Home,Fire,Scotland,Branch,2024-10-25,2024-11-18,24,926.22,5,3,True,Under Review,0
CLM500454,PH101431,Auto,Collision,London,Branch,2023-11-07,2023-11-30,23,1239.59,7,1,True,Approved,0
CLM500455,PH101076,Health,Dental,Northern Ireland,Online,2023-05-18,2023-05-19,1,7829.51,2,0,False,Approved,1
CLM500456,PH101470,Commercial,Property Damage,Wales,Online,2023-08-26,2023-09-06,11,10807.36,0,1,True,Approved,0
CLM500457,PH100961,Home,Burglary,Yorkshire,Broker,2023-04-29,2023-05-19,20,4834.95,3,3,False,Approved,0
CLM500458,PH100922,Auto,Windscreen,Wales,Online,2024-10-07,2024-10-17,10,2011.04,4,3,True,Approved,0
CLM500459,PH101496,Health,Dental,Scotland,Call Center,2024-02-01,2024-02-03,2,5793.99,6,2,True,Pending,1
CLM500460,PH101222,Commercial,Business Interruption,Yorkshire,Broker,2023-07-04,2023-07-10,6,22954.88,1,3,True,Approved,0
CLM500461,PH100203,Life,Death Benefit,South East,Online,2024-12-01,2024-12-01,0,288407.77,5,1,False,Approved,1
CLM500462,PH100878,Life,Critical Illness,South East,Broker,2023-09-24,2023-10-22,28,86152.67,3,2,False,Approved,0
CLM500463,PH100044,Health,Dental,South East,Call Center,2024-12-21,2025-01-19,29,3382.28,4,2,False,Approved,0
CLM500464,PH100534,Travel,Lost Luggage,London,Mobile App,2024-01-28,2024-01-29,1,1680.74,0,3,True,Under Review,1
CLM500465,PH100820,Life,Critical Illness,South East,Mobile App,2024-05-12,2024-05-13,1,251329.72,2,0,True,Under Review,1
CLM500466,PH101268,Life,Death Benefit,London,Call Center,2024-07-06,2024-07-20,14,55163.8,0,0,True,Pending,0
CLM500467,PH101155,Auto,Collision,South East,Broker,2024-11-11,2024-11-20,9,5074.38,1,1,True,Approved,0
CLM500468,PH100194,Life,Critical Illness,North East,Branch,2023-04-16,2023-04-16,0,14566.93,3,2,True,Under Review,0
CLM500469,PH101126,Travel,Cancellation,London,Branch,2024-10-03,2024-10-03,0,907.93,6,0,True,Pending,0
CLM500470,PH100346,Health,Dental,South West,Branch,2023-07-24,2023-08-10,17,11179.18,0,3,True,Under Review,0
CLM500471,PH101000,Home,Burglary,Scotland,Mobile App,2023-02-04,2023-02-05,1,17144.42,2,0,False,Rejected,1
CLM500472,PH100415,Travel,Cancellation,Wales,Mobile App,2024-02-16,2024-02-27,11,3931.74,7,3,True,Rejected,0
CLM500473,PH100732,Life,Critical Illness,Wales,Online,2023-06-24,2023-06-25,1,53542.98,2,0,True,Approved,0
CLM500474,PH100509,Travel,Medical,Scotland,Call Center,2024-02-23,2024-03-22,28,946.82,4,3,False,Approved,0
CLM500475,PH100576,Home,Flood,South West,Call Center,2024-06-11,2024-07-04,23,8569.49,7,1,True,Pending,0
CLM500476,PH100276,Commercial,Liability,London,Branch,2023-12-29,2024-01-06,8,13410.45,6,0,True,Approved,0
CLM500477,PH101234,Travel,Cancellation,North West,Broker,2023-10-24,2023-11-03,10,2242.39,2,2,True,Approved,0
CLM500478,PH101417,Travel,Cancellation,South East,Broker,2023-12-16,2023-12-17,1,691.71,1,0,True,Approved,0
CLM500479,PH100021,Home,Storm,South East,Call Center,2024-04-18,2024-04-27,9,4926.69,7,3,True,Pending,0
CLM500480,PH100806,Home,Burglary,South East,Call Center,2023-01-16,2023-02-13,28,3372.12,4,2,False,Approved,0
CLM500481,PH100317,Home,Storm,Scotland,Broker,2023-09-30,2023-10-25,25,3743.45,1,2,True,Under Review,0
CLM500482,PH100692,Auto,Collision,South East,Broker,2023-04-23,2023-05-15,22,4540.26,1,2,True,Under Review,0
CLM500483,PH100242,Commercial,Business Interruption,Yorkshire,Mobile App,2024-04-11,2024-04-15,4,14079.83,0,3,True,Approved,0
CLM500484,PH100134,Auto,Theft,North East,Call Center,2024-09-15,2024-10-06,21,3524.8,1,2,True,Approved,0
CLM500485,PH100980,Health,Outpatient,Wales,Online,2024-04-10,2024-04-19,9,3892.54,3,2,True,Rejected,0
CLM500486,PH101433,Travel,Lost Luggage,South East,Branch,2024-02-01,2024-02-15,14,4729.21,4,2,False,Approved,0
CLM500487,PH101359,Health,Hospitalisation,Northern Ireland,Online,2023-07-20,2023-08-06,17,3708.32,1,1,True,Pending,0
CLM500488,PH100530,Health,Outpatient,Scotland,Online,2023-09-17,2023-09-29,12,1180.16,7,1,True,Approved,0
CLM500489,PH101374,Home,Storm,Scotland,Broker,2024-09-08,2024-09-08,0,4191.09,1,0,False,Approved,0
CLM500490,PH101420,Home,Storm,North East,Call Center,2024-11-07,2024-11-16,9,5323.09,4,1,True,Rejected,0
CLM500491,PH100036,Travel,Lost Luggage,Yorkshire,Online,2024-04-08,2024-04-30,22,544.54,7,2,True,Pending,0
CLM500492,PH100932,Auto,Third Party,North East,Call Center,2023-12-15,2024-01-05,21,2295.43,4,1,True,Under Review,0
CLM500493,PH101008,Travel,Cancellation,South East,Online,2023-08-02,2023-08-02,0,7746.29,5,3,False,Under Review,1
CLM500494,PH101350,Home,Storm,South West,Online,2023-03-22,2023-03-29,7,5021.56,4,2,False,Under Review,0
CLM500495,PH100160,Auto,Theft,South East,Mobile App,2023-07-15,2023-07-22,7,3728.84,7,1,True,Approved,0
CLM500496,PH100406,Auto,Theft,Scotland,Call Center,2023-03-24,2023-03-25,1,8171.43,1,0,False,Under Review,1
CLM500497,PH100448,Travel,Delay,South West,Branch,2023-04-01,2023-04-04,3,670.68,3,3,True,Approved,0
CLM500498,PH101325,Travel,Lost Luggage,Scotland,Call Center,2023-04-06,2023-05-04,28,2631.19,0,0,False,Approved,0
CLM500499,PH100013,Travel,Delay,North East,Online,2024-05-13,2024-05-15,2,3712.01,3,2,False,Under Review,1
CLM500500,PH100038,Auto,Third Party,North West,Mobile App,2024-12-29,2025-01-16,18,1490.89,0,3,True,Pending,0
CLM500501,PH101419,Commercial,Property Damage,South East,Mobile App,2023-08-07,2023-08-08,1,14122.91,0,2,True,Under Review,0
CLM500502,PH100650,Commercial,Liability,South East,Mobile App,2024-12-20,2025-01-12,23,18516.7,0,2,True,Pending,0
CLM500503,PH100573,Health,Outpatient,Scotland,Call Center,2023-10-22,2023-10-27,5,1349.59,4,1,False,Pending,0
CLM500504,PH100682,Auto,Third Party,North West,Mobile App,2023-04-11,2023-04-27,16,7374.36,3,3,True,Approved,0
CLM500505,PH100855,Life,Critical Illness,North East,Broker,2024-10-09,2024-10-29,20,90007.11,4,2,True,Under Review,0
CLM500506,PH100133,Auto,Third Party,London,Online,2024-10-29,2024-10-31,2,2058.16,2,1,True,Approved,0
CLM500507,PH101457,Life,Critical Illness,London,Online,2024-08-21,2024-09-04,14,57750.92,1,3,False,Pending,0
CLM500508,PH100254,Auto,Windscreen,North West,Mobile App,2024-02-07,2024-02-27,20,7599.46,4,1,False,Approved,0
CLM500509,PH100707,Health,Outpatient,North East,Mobile App,2024-04-06,2024-04-29,23,27.05,2,1,True,Approved,0
CLM500510,PH100404,Home,Fire,Scotland,Mobile App,2024-12-04,2024-12-19,15,2486.33,5,3,True,Approved,0
CLM500511,PH100503,Life,Critical Illness,North West,Online,2023-10-01,2023-10-29,28,39928.72,2,2,True,Approved,0
CLM500512,PH101006,Life,Death Benefit,North West,Broker,2023-03-23,2023-04-21,29,52155.19,0,1,True,Rejected,0
CLM500513,PH100292,Home,Storm,North West,Call Center,2023-12-05,2023-12-16,11,8812.54,2,0,True,Approved,0
CLM500514,PH101140,Auto,Collision,North East,Branch,2024-01-30,2024-02-11,12,,2,0,True,Under Review,0
CLM500515,PH101196,Commercial,Business Interruption,Midlands,Branch,2023-10-15,2023-10-25,10,17829.17,6,1,True,Rejected,0
CLM500516,PH100930,Home,Flood,North East,Branch,2024-08-24,2024-08-31,7,11394.35,4,2,True,Approved,0
CLM500517,PH100884,Life,Critical Illness,South East,Call Center,2024-10-26,2024-11-20,25,113148.47,4,3,False,Approved,0
CLM500518,PH101193,Home,Flood,London,Branch,2024-10-21,2024-11-07,17,3836.56,2,1,True,Approved,0
CLM500519,PH101259,Health,Dental,London,Branch,2024-11-18,2024-11-26,8,2145.12,0,1,False,Pending,0
CLM500520,PH101412,Life,Death Benefit,Scotland,Call Center,2023-02-08,2023-02-17,9,89094.98,3,0,False,Approved,0
CLM500521,PH100995,Home,Fire,Scotland,Online,2024-05-30,2024-06-26,27,4724.0,6,3,True,Approved,0
CLM500522,PH101375,Commercial,Business Interruption,Midlands,Branch,2024-01-30,2024-02-24,25,37816.52,6,2,False,Approved,0
CLM500523,PH100084,Home,Accidental Damage,Scotland,Mobile App,2024-10-01,2024-10-20,19,4785.9,5,1,True,Approved,0
CLM500524,PH101122,Life,Critical Illness,Northern Ireland,Branch,2024-07-24,2024-08-16,23,70768.3,5,2,True,Approved,0
CLM500525,PH101210,Travel,Lost Luggage,South East,Broker,2023-08-21,2023-09-10,20,978.93,4,2,True,Rejected,0
CLM500526,PH100648,Home,Fire,Northern Ireland,Mobile App,2024-12-22,2025-01-03,12,4764.74,1,3,True,Approved,0
CLM500527,PH100540,Auto,Windscreen,North East,Call Center,2024-05-21,2024-05-28,7,8290.64,2,1,False,Pending,0
CLM500528,PH100601,Home,Storm,South West,Broker,2023-02-21,2023-02-24,3,2425.66,3,0,False,Approved,0
CLM500529,PH100384,Travel,Lost Luggage,North East,Call Center,2024-09-05,2024-09-28,23,2606.25,2,0,False,Approved,0
CLM500530,PH100069,Life,Critical Illness,London,Branch,2024-03-23,2024-03-25,2,130521.82,3,3,False,Approved,1
CLM500531,PH100883,Commercial,Liability,Wales,Call Center,2024-11-27,2024-11-27,0,51606.68,0,3,False,Under Review,1
CLM500532,PH100189,Home,Fire,Yorkshire,Online,2023-01-22,2023-02-10,19,11278.79,2,0,False,Approved,0
CLM500533,PH100706,Travel,Cancellation,South East,Online,2024-01-26,2024-02-22,27,65.84,3,2,True,Rejected,0
CLM500534,PH101149,Commercial,Business Interruption,Scotland,Call Center,2023-08-11,2023-08-22,11,42303.72,2,0,True,Under Review,0
CLM500535,PH101430,Life,Death Benefit,Northern Ireland,Broker,2024-01-07,2024-01-27,20,12122.29,7,3,False,Under Review,0
CLM500536,PH101079,Commercial,Property Damage,North East,Online,2023-02-07,2023-02-27,20,7777.3,7,2,False,Pending,0
CLM500537,PH100119,Home,Burglary,Yorkshire,Online,2023-05-16,2023-06-08,23,6535.14,6,0,True,Approved,0
CLM500538,PH100386,Travel,Cancellation,North East,Call Center,2023-08-12,2023-08-14,2,1954.53,5,1,True,Approved,0
CLM500539,PH100314,Travel,Lost Luggage,  WALES ,Online,2024-03-12,2024-04-07,26,1576.44,7,2,True,Under Review,0
CLM500540,PH100425,Commercial,Liability,Northern Ireland,Online,2023-02-12,2023-02-24,12,29561.11,2,3,True,Approved,0
CLM500541,PH100429,Home,Burglary,Scotland,Broker,2024-05-19,2024-06-08,20,5495.09,6,0,True,Pending,0
CLM500542,PH100577,Travel,Cancellation,Yorkshire,Mobile App,2023-04-20,2023-05-10,20,1075.14,4,3,False,Pending,0
CLM500543,PH100587,Health,Dental,South West,Call Center,2023-10-18,2023-11-05,18,1717.69,6,3,False,Approved,0
CLM500544,PH101269,Travel,Medical,Midlands,Mobile App,2024-09-17,2024-09-27,10,566.28,0,1,True,Approved,0
CLM500545,PH100741,Health,Hospitalisation,Scotland,Online,2023-06-19,2023-07-17,28,767.21,6,3,False,Approved,0
CLM500546,PH100617,Travel,Cancellation,Wales,Online,2024-08-18,2024-08-21,3,491.16,4,0,False,Approved,0
CLM500547,PH100267,Life,Death Benefit,South West,Mobile App,2023-08-30,2023-09-07,8,67387.87,3,0,True,Approved,0
CLM500548,PH101079,Health,Optical,  NORTH EAST ,Online,2024-06-16,2024-07-06,20,833.71,6,1,True,Approved,0
CLM500549,PH101055,Commercial,Business Interruption,  SCOTLAND ,Branch,2023-11-10,2023-11-27,17,39438.04,4,3,True,Approved,0
CLM500550,PH100633,Commercial,Business Interruption,North East,Call Center,2023-06-02,2023-06-16,14,3717.44,3,3,False,Approved,0
CLM500551,PH101129,Life,Critical Illness,Wales,Call Center,2024-11-14,2024-12-10,26,16581.3,0,2,True,Under Review,0
CLM500552,PH100277,Travel,Lost Luggage,North West,Broker,2024-07-05,2024-07-18,13,1070.5,2,3,True,Approved,0
CLM500553,PH100297,Travel,Delay,Northern Ireland,Branch,2023-06-15,2023-07-07,22,768.39,4,3,False,Approved,0
CLM500554,PH100905,Home,Storm,North East,Mobile App,2024-03-25,2024-04-10,16,10419.0,1,0,True,Under Review,0
CLM500555,PH100351,Auto,Collision,Northern Ireland,Branch,2023-09-05,2023-09-05,0,5264.9,6,1,False,Rejected,1
CLM500556,PH100678,Life,Death Benefit,Midlands,Broker,2023-06-14,2023-07-04,20,14827.37,0,3,True,Approved,0
CLM500557,PH101259,Health,Dental,London,Mobile App,2023-05-02,2023-05-23,21,2735.2,1,0,True,Under Review,0
CLM500558,PH100873,Home,Burglary,Wales,Mobile App,2024-11-09,2024-11-30,21,6742.73,1,0,True,Under Review,0
CLM500559,PH100534,Life,Critical Illness,London,Branch,2024-11-06,2024-12-03,27,22195.77,6,3,True,Pending,0
CLM500560,PH100387,Home,Fire,North East,Online,2023-08-07,2023-08-07,0,13583.93,6,2,False,Rejected,1
CLM500561,PH101384,Home,Accidental Damage,Scotland,Broker,2023-05-31,2023-06-06,6,1231.79,4,3,True,Approved,0
CLM500562,PH100474,Commercial,Liability,North West,Online,2024-09-28,2024-10-18,20,53389.71,1,0,True,Approved,0
CLM500563,PH101378,Health,Outpatient,South East,Online,2024-05-05,2024-05-09,4,4004.86,5,2,True,Under Review,0
CLM500564,PH100276,Travel,Cancellation,London,Broker,2023-02-25,2023-03-19,22,1257.15,6,1,False,Approved,0
CLM500565,PH101335,Travel,Cancellation,Wales,Broker,2023-01-25,2023-02-14,20,724.44,3,3,True,Rejected,0
CLM500566,PH101474,Commercial,Liability,Yorkshire,Call Center,2023-03-25,2023-04-15,21,25104.35,3,1,True,Approved,0
CLM500567,PH100489,Auto,Collision,North East,Online,2024-12-17,2025-01-15,29,1674.82,5,1,True,Approved,0
CLM500568,PH100433,Commercial,Business Interruption,Scotland,Online,2023-11-09,2023-11-15,6,31833.89,5,3,True,Approved,0
CLM500569,PH100185,Health,Optical,Northern Ireland,Mobile App,2024-08-15,2024-08-18,3,3888.69,3,0,True,Approved,0
CLM500570,PH100234,Auto,Collision,Midlands,Mobile App,2024-11-24,2024-12-12,18,6017.26,7,3,True,Rejected,0
CLM500571,PH101479,Commercial,Liability,Midlands,Mobile App,2024-01-15,2024-01-15,0,2109.8,2,1,False,Under Review,0
CLM500572,PH100538,Home,Fire,Midlands,Online,2023-04-23,2023-05-08,15,7840.3,6,2,False,Approved,0
CLM500573,PH100103,Life,Critical Illness,Wales,Branch,2023-05-27,2023-05-28,1,17842.17,3,3,True,Pending,0
CLM500574,PH100871,Commercial,Property Damage,South East,Broker,2024-11-12,2024-12-07,25,59794.88,2,3,False,Approved,0
CLM500575,PH101343,Home,Storm,North West,Broker,2023-09-29,2023-09-30,1,2750.48,0,2,True,Approved,0
CLM500576,PH100952,Home,Flood,North East,Call Center,2023-10-20,2023-11-18,29,15115.06,0,1,True,Under Review,0
CLM500577,PH100678,Life,Critical Illness,Midlands,Online,2023-10-30,2023-11-02,3,,1,1,True,Pending,0
CLM500578,PH100863,Health,Optical,South West,Online,2024-07-03,2024-07-22,19,4148.95,6,3,True,Under Review,0
CLM500579,PH100485,Auto,Collision,London,Mobile App,2023-08-14,2023-08-16,2,2264.45,6,1,True,Approved,0
CLM500580,PH100044,Travel,Delay,South East,Call Center,2023-02-16,2023-03-13,25,3084.61,5,3,True,Approved,0
CLM500581,PH100448,Home,Flood,South West,Call Center,2024-04-12,2024-04-20,8,2831.57,2,0,True,Pending,0
CLM500582,PH100611,Life,Death Benefit,South West,Mobile App,2023-04-30,2023-05-16,16,59038.85,2,2,True,Approved,0
CLM500583,PH100281,Auto,Collision,North East,Branch,2023-02-07,2023-03-01,22,2897.02,5,3,True,Approved,0
CLM500584,PH101249,Auto,Windscreen,Scotland,Broker,2024-10-15,2024-10-29,14,2846.91,3,2,False,Approved,0
CLM500585,PH101298,Auto,Theft,London,Broker,2024-07-06,2024-07-18,12,908.32,7,1,True,Approved,0
CLM500586,PH100813,Travel,Cancellation,Wales,Broker,2024-06-11,2024-06-30,19,1101.68,2,0,True,Approved,0
CLM500587,PH100892,Home,Burglary,Wales,Broker,2023-10-09,2023-10-26,17,20489.78,0,1,True,Rejected,0
CLM500588,PH100107,Life,Death Benefit,Scotland,Mobile App,2023-02-14,2023-03-12,26,24436.79,3,2,True,Pending,0
CLM500589,PH101016,Travel,Lost Luggage,North West,Call Center,2024-09-01,2024-09-09,8,2943.54,5,2,True,Under Review,0
CLM500590,PH100211,Travel,Medical,North West,Mobile App,2024-04-09,2024-04-28,19,507.61,1,1,True,Under Review,0
CLM500591,PH100346,Home,Flood,South West,Broker,2024-09-07,2024-09-16,9,3004.09,4,0,False,Pending,0
CLM500592,PH100868,Travel,Cancellation,North West,Online,2023-01-06,2023-01-07,1,3586.55,6,1,True,Under Review,1
CLM500593,PH101406,Life,Critical Illness,North West,Call Center,2024-11-04,2024-11-29,25,17026.97,0,2,True,Approved,0
CLM500594,PH101020,Home,Storm,South East,Broker,2023-07-15,2023-08-13,29,15967.82,1,1,False,Approved,0
CLM500595,PH101428,Travel,Lost Luggage,North East,Online,2024-02-09,2024-02-28,19,661.19,6,2,True,Rejected,0
CLM500596,PH100755,Auto,Windscreen,  SCOTLAND ,Mobile App,2023-06-17,2023-07-11,24,8115.9,3,0,True,Approved,0
CLM500597,PH100424,Travel,Delay,South West,Mobile App,2023-03-18,2023-03-18,0,975.63,1,3,False,Pending,0
CLM500598,PH100825,Life,Critical Illness,Northern Ireland,Online,2023-03-26,2023-04-16,21,69695.61,1,3,False,Under Review,0
CLM500599,PH100606,Commercial,Property Damage,Scotland,Online,2023-02-06,2023-02-22,16,23850.64,0,3,True,Approved,0
CLM500600,PH101166,Commercial,Property Damage,Wales,Online,2024-03-14,2024-03-21,7,31375.61,7,1,True,Under Review,0
CLM500601,PH100432,Life,Critical Illness,North West,Online,2024-03-29,2024-04-25,27,45742.67,1,0,True,Approved,0
CLM500602,PH100158,Home,Burglary,South West,Branch,2023-02-08,2023-03-05,25,10951.98,6,3,True,Rejected,0
CLM500603,PH101123,Travel,Lost Luggage,North West,Online,2024-04-07,2024-04-07,0,1955.53,5,0,True,Under Review,1
CLM500604,PH100105,Home,Fire,Scotland,Broker,2023-01-06,2023-01-21,15,17831.77,7,2,False,Pending,0
CLM500605,PH101108,Travel,Medical,Midlands,Call Center,2024-03-20,2024-03-26,6,598.13,2,2,False,Approved,0
CLM500606,PH100707,Home,Accidental Damage,North East,Online,2024-09-30,2024-10-13,13,24252.87,7,1,True,Under Review,0
CLM500607,PH100295,Life,Death Benefit,North East,Mobile App,2024-04-03,2024-04-16,13,26886.7,5,0,True,Approved,0
CLM500608,PH100420,Travel,Cancellation,Midlands,Branch,2023-04-25,2023-05-04,9,193.89,4,1,True,Pending,0
CLM500609,PH100354,Health,Dental,Northern Ireland,Mobile App,2023-12-21,2024-01-01,11,3199.01,1,0,False,Approved,0
CLM500610,PH101474,Travel,Delay,Yorkshire,Branch,2024-04-19,2024-05-11,22,1779.04,2,3,True,Approved,0
CLM500611,PH100966,Health,Optical,North East,Branch,2023-06-12,2023-06-19,7,2795.33,5,2,True,Pending,0
CLM500612,PH100930,Auto,Fire,North East,Call Center,2024-04-07,2024-05-03,26,5452.04,1,2,True,Under Review,0
CLM500613,PH100964,Life,Critical Illness,South East,Broker,2023-09-08,2023-09-10,2,129118.14,6,1,False,Rejected,1
CLM500614,PH100007,Health,Hospitalisation,Wales,Branch,2023-01-09,2023-01-25,16,2656.94,0,2,True,Approved,0
CLM500615,PH101484,Home,Burglary,Wales,Broker,2023-04-06,2023-04-13,7,6218.67,3,1,False,Rejected,0
CLM500616,PH100483,Commercial,Business Interruption,North West,Call Center,2023-04-21,2023-04-26,5,5913.39,3,3,True,Approved,0
CLM500617,PH100638,Health,Outpatient,London,Broker,2023-12-25,2024-01-13,19,1555.7,3,1,False,Rejected,0
CLM500618,PH100895,Auto,Collision,Northern Ireland,Broker,2023-09-26,2023-09-29,3,1684.03,5,0,False,Pending,0
CLM500619,PH101008,Life,Critical Illness,South East,Broker,2023-08-14,2023-09-08,25,8059.35,1,1,True,Approved,0
CLM500620,PH101171,Auto,Collision,North West,Call Center,2023-05-21,2023-05-21,0,3557.07,0,2,True,Pending,0
CLM500621,PH100734,Health,Outpatient,Scotland,Broker,2023-06-13,2023-06-29,16,4079.63,1,1,True,Approved,0
CLM500622,PH100716,Travel,Cancellation,Scotland,Mobile App,2023-12-09,2023-12-09,0,1973.82,3,0,True,Pending,1
CLM500623,PH100554,Home,Fire,Wales,Broker,2023-02-10,2023-02-18,8,3962.45,2,3,True,Pending,0
CLM500624,PH100661,Commercial,Business Interruption,Wales,Online,2024-12-23,2024-12-26,3,20715.49,4,1,True,Approved,0
CLM500625,PH101439,Life,Death Benefit,Scotland,Call Center,2023-07-20,2023-08-12,23,70011.08,5,2,True,Approved,0
CLM500626,PH101096,Life,Critical Illness,Midlands,Call Center,2024-02-19,2024-02-19,0,75841.75,4,2,True,Approved,0
CLM500627,PH101205,Life,Death Benefit,Yorkshire,Branch,2024-08-28,2024-09-11,14,132568.64,1,0,True,Approved,0
CLM500628,PH100020,Auto,Fire,Scotland,Call Center,2023-07-17,2023-07-20,3,3009.9,0,2,True,Under Review,0
CLM500629,PH101427,Auto,Theft,Wales,Branch,2024-12-08,2024-12-09,1,3415.08,1,3,False,Approved,0
CLM500630,PH100022,Home,Burglary,Scotland,Call Center,2024-03-11,2024-03-25,14,1018.22,1,2,True,Approved,0
CLM500631,PH100638,Home,Accidental Damage,London,Call Center,2024-08-20,2024-09-05,16,15233.79,3,2,True,Approved,0
CLM500632,PH100878,Travel,Medical,South East,Branch,2023-04-10,2023-05-02,22,1117.96,3,3,True,Approved,0
CLM500633,PH101178,Auto,Collision,Wales,Mobile App,2024-07-29,2024-08-09,11,3182.3,0,3,False,Approved,0
CLM500634,PH100529,Home,Fire,South East,Online,2024-09-22,2024-09-23,1,4400.37,6,2,False,Approved,0
CLM500635,PH101488,Commercial,Property Damage,South West,Mobile App,2024-10-01,2024-10-22,21,49902.84,5,2,True,Approved,0
CLM500636,PH100858,Travel,Delay,Scotland,Branch,2023-10-12,2023-11-09,28,1433.58,0,0,True,Rejected,0
CLM500637,PH100533,Auto,Fire,Northern Ireland,Broker,2024-03-13,2024-03-19,6,1765.86,1,3,True,Pending,0
CLM500638,PH100288,Auto,Theft,South East,Mobile App,2023-04-09,2023-04-17,8,2288.34,7,1,True,Under Review,0
CLM500639,PH100840,Home,Storm,Yorkshire,Broker,2023-10-10,2023-10-25,15,1415.77,6,1,True,Approved,0
CLM500640,PH100746,Travel,Delay,Wales,Branch,2024-02-06,2024-02-17,11,1160.76,7,3,True,Approved,0
CLM500641,PH100904,Home,Burglary,Yorkshire,Branch,2023-12-25,2023-12-28,3,14344.12,6,0,True,Approved,0
CLM500642,PH100398,Travel,Delay,London,Online,2024-07-21,2024-07-21,0,6317.03,1,2,False,Approved,1
CLM500643,PH100358,Commercial,Liability,South East,Call Center,2023-05-09,2023-06-01,23,16385.24,2,2,True,Under Review,0
CLM500644,PH100358,Auto,Fire,South East,Online,2023-07-15,2023-07-30,15,880.06,4,3,True,Approved,0
CLM500645,PH100646,Life,Critical Illness,South West,Call Center,2023-12-13,2023-12-25,12,26712.97,5,0,True,Approved,0
CLM500646,PH100516,Travel,Medical,South East,Mobile App,2024-05-29,2024-06-08,10,3161.06,4,0,False,Approved,0
CLM500647,PH100212,Travel,Delay,Scotland,Online,2024-03-08,2024-03-21,13,712.11,7,0,True,Approved,0
CLM500648,PH100175,Home,Storm,Midlands,Online,2024-10-22,2024-11-12,21,3113.13,3,0,True,Approved,0
CLM500649,PH100442,Health,Outpatient,Wales,Call Center,2023-06-07,2023-06-27,20,1272.1,5,2,True,Approved,0
CLM500650,PH100927,Commercial,Property Damage,South East,Mobile App,2023-04-22,2023-04-27,5,11470.49,4,2,True,Approved,0
CLM500651,PH101369,Health,Optical,Midlands,Call Center,2023-04-05,2023-04-13,8,5264.39,0,0,False,Approved,0
CLM500652,PH101378,Home,Storm,South East,Broker,2024-11-19,2024-12-13,24,-12950.76,4,2,False,Pending,0
CLM500653,PH100421,Auto,Collision,North East,Call Center,2024-08-28,2024-09-01,4,3169.03,2,3,False,Approved,0
CLM500654,PH101400,Home,Fire,Scotland,Branch,2023-04-15,2023-04-22,7,5018.86,3,2,False,Approved,0
CLM500655,PH100013,Life,Death Benefit,North East,Mobile App,2024-05-20,2024-06-02,13,58212.23,5,0,False,Under Review,0
CLM500656,PH100448,Auto,Fire,South West,Broker,2024-09-28,2024-10-22,24,2698.49,2,2,True,Under Review,0
CLM500657,PH101362,Life,Critical Illness,Wales,Call Center,2024-11-09,2024-11-09,0,38877.21,0,2,True,Approved,0
CLM500658,PH101376,Auto,Fire,Scotland,Mobile App,2023-08-29,2023-09-14,16,1176.67,2,3,True,Approved,0
CLM500659,PH100166,Life,Death Benefit,North East,Branch,2023-12-12,2023-12-19,7,14367.3,3,2,True,Under Review,0
CLM500660,PH100589,Health,Dental,Northern Ireland,Broker,2023-09-25,2023-10-22,27,4397.49,5,0,False,Under Review,0
CLM500661,PH100049,Commercial,Business Interruption,North East,Online,2023-08-19,2023-08-24,5,6929.74,4,1,True,Approved,0
CLM500662,PH100894,Auto,Theft,South West,Branch,2023-04-05,2023-04-25,20,4671.11,5,1,True,Approved,0
CLM500663,PH101227,Life,Death Benefit,South West,Mobile App,2024-09-14,2024-09-17,3,107948.07,1,0,True,Approved,0
CLM500664,PH100139,Travel,Delay,Wales,Online,2023-01-26,2023-02-11,16,625.32,1,0,True,Approved,0
CLM500665,PH100333,Life,Death Benefit,Yorkshire,Mobile App,2023-10-03,2023-10-12,9,26345.76,4,1,False,Approved,0
CLM500666,PH101074,Commercial,Business Interruption,Scotland,Call Center,2024-10-25,2024-11-05,11,38749.96,7,2,True,Approved,0
CLM500667,PH100746,Auto,Windscreen,Wales,Mobile App,2024-12-27,2025-01-14,18,3847.1,6,0,False,Rejected,0
CLM500668,PH101440,Commercial,Property Damage,Scotland,Online,2023-09-17,2023-10-05,18,43095.56,2,0,False,Rejected,0
CLM500669,PH100140,Auto,Windscreen,Wales,Mobile App,2023-03-22,2023-04-05,14,4205.75,5,3,True,Approved,0
CLM500670,PH100218,Auto,Fire,Northern Ireland,Broker,2024-12-20,2025-01-10,21,1369.91,1,0,True,Approved,0
CLM500671,PH100551,Auto,Theft,Midlands,Branch,2024-06-16,2024-06-30,14,3150.31,7,0,True,Approved,0
CLM500672,PH100161,Home,Fire,Yorkshire,Online,2024-12-24,2025-01-10,17,15869.65,3,3,True,Approved,0
CLM500673,PH100918,Commercial,Liability,London,Online,2023-11-01,2023-11-01,0,18060.05,1,3,True,Under Review,0
CLM500674,PH101496,Auto,Windscreen,Scotland,Call Center,2024-03-31,2024-04-02,2,2627.98,3,0,False,Under Review,0
CLM500675,PH101130,Health,Dental,London,Branch,2024-03-23,2024-04-05,13,2616.45,2,2,True,Approved,0
CLM500676,PH100387,Home,Flood,North East,Broker,2024-06-23,2024-07-07,14,15736.17,1,2,True,Under Review,0
CLM500677,PH100670,Auto,Collision,South East,Online,2023-07-05,2023-07-12,7,3351.99,5,3,True,Under Review,0
CLM500678,PH100571,Health,Hospitalisation,Yorkshire,Online,2023-01-12,2023-01-14,2,3043.9,7,1,False,Under Review,1
CLM500679,PH100007,Life,Death Benefit,Wales,Call Center,2023-02-05,2023-02-28,23,110153.11,7,0,False,Approved,0
CLM500680,PH101197,Travel,Delay,South East,Call Center,2024-10-25,2024-10-31,6,1724.88,5,3,True,Pending,0
CLM500681,PH101347,Health,Dental,South East,Broker,2023-01-22,2023-02-05,14,10659.73,3,2,False,Approved,0
CLM500682,PH100344,Home,Flood,Midlands,Online,2023-09-08,2023-09-13,5,10006.2,1,3,True,Approved,0
CLM500683,PH100907,Health,Outpatient,Northern Ireland,Branch,2024-12-19,2024-12-30,11,1329.45,1,1,False,Pending,0
CLM500684,PH100734,Commercial,Liability,Scotland,Branch,2024-09-28,2024-09-30,2,54169.14,4,0,False,Under Review,1
CLM500685,PH100069,Commercial,Business Interruption,London,Branch,2023-02-06,2023-02-11,5,3842.2,3,2,True,Approved,0
CLM500686,PH101308,Commercial,Property Damage,Yorkshire,Branch,2024-08-08,2024-08-29,21,13499.41,0,2,True,Approved,0
CLM500687,PH100588,Life,Critical Illness,South West,Branch,2024-09-26,2024-10-07,11,25683.44,1,1,True,Approved,0
CLM500688,PH100020,Travel,Delay,Scotland,Call Center,2024-07-09,2024-07-15,6,338.66,4,3,True,Approved,0
CLM500689,PH100857,Home,Accidental Damage,London,Branch,2023-04-04,2023-04-06,2,3241.3,5,1,True,Approved,0
CLM500690,PH100203,Commercial,Property Damage,South East,Mobile App,2024-01-10,2024-01-11,1,16313.6,4,1,True,Rejected,0
CLM500691,PH100070,Auto,Third Party,Wales,Branch,2024-08-09,2024-08-25,16,394.64,4,0,True,Approved,0
CLM500692,PH100080,Travel,Delay,Wales,Online,2023-01-01,2023-01-12,11,1341.71,6,2,False,Rejected,0
CLM500693,PH100034,Health,Dental,London,Call Center,2023-05-04,2023-05-13,9,355.24,7,2,True,Rejected,0
CLM500694,PH100908,Life,Death Benefit,South East,Branch,2023-01-23,2023-02-14,22,44335.25,2,1,False,Pending,0
CLM500695,PH101224,Auto,Third Party,North East,Broker,2023-04-15,2023-05-14,29,9820.75,4,2,True,Approved,0
CLM500696,PH101498,Auto,Theft,North West,Broker,2024-12-09,2024-12-23,14,1542.56,7,2,False,Approved,0
CLM500697,PH100771,Health,Optical,Scotland,Online,2023-10-29,2023-11-23,25,2980.34,4,0,True,Approved,0
CLM500698,PH101112,Health,Dental,South East,Call Center,2023-05-17,2023-06-05,19,1281.61,5,2,False,Approved,0
CLM500699,PH100695,Home,Storm,South West,Call Center,2024-10-15,2024-11-03,19,6718.21,2,0,False,Approved,0
CLM500700,PH100370,Health,Optical,Northern Ireland,Broker,2024-04-11,2024-04-26,15,3030.9,7,1,True,Approved,0
CLM500701,PH100051,Health,Hospitalisation,South East,Online,2023-06-27,2023-07-10,13,1736.83,5,1,True,Pending,0
CLM500702,PH100744,Life,Critical Illness,North West,Broker,2024-10-21,2024-10-29,8,46691.82,6,2,True,Approved,0
CLM500703,PH100266,Home,Accidental Damage,North East,Branch,2023-10-18,2023-10-26,8,3274.1,4,1,True,Approved,0
CLM500704,PH100371,Home,Accidental Damage,North West,Branch,2023-03-11,2023-03-26,15,11828.14,1,0,True,Approved,0
CLM500705,PH100268,Health,Optical,South East,Online,2023-05-17,2023-05-21,4,1670.45,7,3,True,Approved,0
CLM500706,PH100301,Commercial,Property Damage,North West,Call Center,2023-04-25,2023-04-25,0,9185.99,0,1,True,Approved,0
CLM500707,PH101462,Commercial,Business Interruption,Midlands,Mobile App,2024-02-05,2024-02-15,10,,7,2,True,Rejected,0
CLM500708,PH101122,Commercial,Property Damage,Northern Ireland,Broker,2024-03-15,2024-03-26,11,,7,1,True,Under Review,0
CLM500709,PH100885,Auto,Collision,Wales,Broker,2024-06-14,2024-07-03,19,527.82,5,3,True,Approved,0
CLM500710,PH100869,Health,Dental,North East,Online,2023-04-27,2023-05-14,17,452.12,3,0,True,Approved,0
CLM500711,PH101211,Travel,Delay,North East,Mobile App,2024-11-02,2024-11-06,4,541.19,7,3,True,Rejected,0
CLM500712,PH100047,Commercial,Liability,North East,Branch,2024-01-24,2024-02-17,24,22063.3,2,0,False,Approved,0
CLM500713,PH100958,Home,Fire,London,Branch,2023-06-04,2023-06-06,2,916.62,7,1,True,Under Review,0
CLM500714,PH100663,Auto,Windscreen,Northern Ireland,Broker,2023-11-14,2023-11-29,15,2106.84,1,0,True,Under Review,0
CLM500715,PH100172,Auto,Collision,Wales,Branch,2023-07-27,2023-08-15,19,4183.36,4,2,True,Rejected,0
CLM500716,PH101012,Travel,Cancellation,South West,Call Center,2023-11-22,2023-11-29,7,999.54,6,0,True,Approved,0
CLM500717,PH100948,Auto,Third Party,Northern Ireland,Call Center,2023-03-07,2023-03-23,16,1039.25,1,1,True,Rejected,0
CLM500718,PH100179,Home,Storm,South East,Online,2023-09-05,2023-09-07,2,36232.87,7,3,True,Rejected,1
CLM500719,PH101128,Life,Death Benefit,Midlands,Broker,2023-03-13,2023-03-19,6,36293.27,6,1,False,Approved,0
CLM500720,PH100824,Travel,Cancellation,Midlands,Branch,2024-01-22,2024-02-15,24,2082.92,3,2,True,Under Review,0
CLM500721,PH100878,Commercial,Liability,South East,Online,2023-09-25,2023-10-07,12,9782.65,1,1,True,Approved,0
CLM500722,PH101039,Auto,Collision,Scotland,Mobile App,2024-03-10,2024-03-21,11,2134.9,5,3,False,Pending,0
CLM500723,PH101409,Home,Flood,Scotland,Mobile App,2023-09-21,2023-10-13,22,9038.82,5,1,True,Approved,0
CLM500724,PH100473,Auto,Fire,Yorkshire,Call Center,2024-02-21,2024-03-16,24,5524.27,7,3,True,Approved,0
CLM500725,PH101343,Commercial,Business Interruption,North West,Broker,2023-12-30,2023-12-31,1,20692.46,7,3,True,Pending,0
CLM500726,PH100756,Life,Death Benefit,South West,Mobile App,2024-09-17,2024-10-08,21,68388.48,5,1,False,Approved,0
CLM500727,PH100886,Home,Fire,London,Mobile App,2024-09-01,2024-09-29,28,2004.33,6,3,True,Under Review,0
CLM500728,PH100340,Commercial,Property Damage,Midlands,Broker,2024-11-08,2024-11-12,4,16529.2,3,1,True,Pending,0
CLM500729,PH100813,Travel,Medical,Wales,Branch,2023-01-21,2023-02-17,27,1683.72,5,3,True,Under Review,0
CLM500730,PH100011,Auto,Collision,Midlands,Broker,2023-11-23,2023-12-20,27,629.62,6,1,True,Approved,0
CLM500731,PH100102,Auto,Theft,London,Mobile App,2023-06-10,2023-06-11,1,5434.26,6,1,False,Under Review,1
CLM500732,PH100918,Travel,Medical,London,Online,2024-04-20,2024-05-04,14,2097.07,2,2,True,Approved,0
CLM500733,PH101269,Auto,Third Party,Midlands,Mobile App,2023-08-13,2023-08-31,18,1276.21,6,1,True,Approved,0
CLM500734,PH100376,Life,Critical Illness,Midlands,Branch,2023-10-14,2023-10-19,5,40622.48,0,2,True,Approved,0
CLM500735,PH100036,Health,Dental,Yorkshire,Mobile App,2023-04-03,2023-04-20,17,2700.76,5,0,True,Pending,0
CLM500736,PH101189,Commercial,Business Interruption,Northern Ireland,Online,2024-10-30,2024-11-25,26,19584.7,2,3,True,Approved,0
CLM500737,PH100905,Commercial,Business Interruption,North East,Broker,2024-01-05,2024-01-31,26,18133.24,0,3,True,Pending,0
CLM500738,PH100437,Auto,Windscreen,South West,Mobile App,2023-10-20,2023-10-22,2,1951.7,2,0,True,Pending,0
CLM500739,PH101082,Health,Optical,North East,Online,2024-08-20,2024-09-09,20,12231.53,6,3,True,Approved,0
CLM500740,PH100775,Life,Death Benefit,South East,Online,2024-03-12,2024-03-23,11,36053.77,1,2,True,Under Review,0
CLM500741,PH100355,Home,Flood,Wales,Branch,2023-04-26,2023-04-26,0,23159.2,2,0,False,Rejected,1
CLM500742,PH100265,Life,Death Benefit,South West,Branch,2024-06-17,2024-06-23,6,15611.6,2,3,True,Approved,0
CLM500743,PH100650,Health,Dental,South East,Online,2024-04-04,2024-04-06,2,2627.43,0,2,False,Under Review,1
CLM500744,PH101229,Life,Critical Illness,London,Broker,2024-09-10,2024-10-07,27,40314.63,3,2,False,Approved,0
CLM500745,PH100772,Home,Burglary,Midlands,Broker,2023-10-30,2023-10-30,0,13150.82,1,0,False,Approved,0
CLM500746,PH101275,Health,Dental,North East,Broker,2024-01-14,2024-01-20,6,3902.7,4,1,True,Pending,0
CLM500747,PH100584,Auto,Collision,North East,Broker,2024-07-03,2024-07-07,4,6377.29,0,3,True,Approved,0
CLM500748,PH100988,Health,Dental,Wales,Broker,2023-08-03,2023-08-04,1,3671.73,7,3,True,Approved,0
CLM500749,PH100635,Home,Storm,Wales,Online,2024-11-06,2024-11-30,24,4174.72,5,2,True,Approved,0
CLM500750,PH100303,Auto,Fire,North West,Call Center,2024-11-18,2024-11-25,7,4956.18,0,1,True,Rejected,0
CLM500751,PH100518,Travel,Delay,South West,Branch,2023-01-16,2023-02-12,27,852.16,4,0,False,Approved,0
CLM500752,PH100015,Health,Dental,Wales,Online,2023-10-31,2023-11-20,20,3062.73,7,1,False,Approved,0
CLM500753,PH100303,Commercial,Property Damage,North West,Broker,2024-12-30,2025-01-22,23,48675.05,2,1,True,Under Review,0
CLM500754,PH100161,Commercial,Business Interruption,Yorkshire,Online,2023-10-15,2023-10-31,16,45299.16,3,3,True,Approved,0
CLM500755,PH101336,Travel,Lost Luggage,North East,Call Center,2023-04-23,2023-05-22,29,1952.0,5,0,True,Approved,0
CLM500756,PH101191,Life,Death Benefit,Scotland,Branch,2023-06-29,2023-07-25,26,105579.78,2,0,False,Approved,0
CLM500757,PH100409,Health,Dental,Wales,Broker,2023-08-12,2023-08-29,17,451.9,2,2,True,Approved,0
CLM500758,PH101228,Auto,Third Party,Scotland,Mobile App,2023-09-02,2023-09-26,24,3469.45,3,2,False,Rejected,0
CLM500759,PH100714,Home,Flood,North East,Broker,2024-07-21,2024-08-03,13,2039.67,1,2,True,Under Review,0
CLM500760,PH100023,Auto,Theft,South East,Call Center,2024-09-26,2024-10-17,21,2210.98,0,2,True,Under Review,0
CLM500761,PH100505,Commercial,Liability,Yorkshire,Broker,2024-07-31,2024-08-03,3,4018.68,2,1,True,Approved,0
CLM500762,PH101479,Commercial,Property Damage,Midlands,Broker,2024-04-13,2024-04-23,10,62049.36,2,1,True,Approved,0
CLM500763,PH100520,Health,Hospitalisation,Yorkshire,Branch,2024-06-16,2024-06-20,4,4751.67,2,0,False,Approved,0
CLM500764,PH101081,Travel,Cancellation,North West,Online,2023-06-14,2023-06-16,2,4514.67,3,2,False,Rejected,1
CLM500765,PH100032,Auto,Collision,Midlands,Call Center,2023-04-29,2023-05-15,16,10957.45,4,2,True,Approved,0
CLM500766,PH101407,Home,Accidental Damage,South East,Mobile App,2023-08-16,2023-08-21,5,1041.84,6,3,True,Approved,0
CLM500767,PH100801,Travel,Medical,Midlands,Mobile App,2024-07-02,2024-07-18,16,1663.23,7,2,True,Under Review,0
CLM500768,PH100475,Travel,Delay,North West,Call Center,2023-01-11,2023-02-01,21,287.01,7,3,False,Approved,0
CLM500769,PH100736,Auto,Third Party,Scotland,Branch,2023-01-17,2023-01-30,13,2321.28,7,1,False,Approved,0
CLM500770,PH100709,Commercial,Business Interruption,Yorkshire,Broker,2024-10-07,2024-10-15,8,15181.13,0,1,False,Under Review,0
CLM500771,PH100249,Home,Burglary,Scotland,Mobile App,2023-03-19,2023-03-30,11,7055.22,5,2,True,Approved,0
CLM500772,PH100845,Home,Flood,Wales,Branch,2024-06-08,2024-06-27,19,5742.6,1,2,False,Under Review,0
CLM500773,PH100819,Life,Critical Illness,Yorkshire,Branch,2024-08-28,2024-09-20,23,7835.65,4,2,False,Approved,0
CLM500774,PH100455,Travel,Delay,Yorkshire,Mobile App,2023-01-27,2023-02-09,13,1367.12,3,3,False,Pending,0
CLM500775,PH101221,Travel,Cancellation,Midlands,Online,2023-07-27,2023-08-04,8,2231.79,3,1,True,Approved,0
CLM500776,PH100662,Commercial,Property Damage,Northern Ireland,Broker,2023-01-08,2023-01-16,8,17457.41,0,0,True,Approved,0
CLM500777,PH100490,Auto,Collision,South East,Mobile App,2023-04-03,2023-04-06,3,1965.99,2,1,False,Approved,0
CLM500778,PH101155,Auto,Windscreen,South East,Call Center,2023-12-20,2023-12-29,9,4022.12,5,1,True,Rejected,0
CLM500779,PH101345,Auto,Theft,Midlands,Mobile App,2024-08-25,2024-08-31,6,2740.49,0,0,True,Approved,0
CLM500780,PH101085,Life,Death Benefit,South West,Online,2023-12-14,2023-12-27,13,27378.28,2,1,False,Approved,0
CLM500781,PH100625,Home,Accidental Damage,North East,Broker,2024-06-27,2024-07-12,15,15694.12,6,3,False,Approved,0
CLM500782,PH100695,Life,Critical Illness,South West,Mobile App,2024-10-13,2024-11-06,24,40208.61,1,0,True,Approved,0
CLM500783,PH100610,Auto,Windscreen,Midlands,Call Center,2024-06-18,2024-06-27,9,3090.28,2,0,True,Approved,0
CLM500784,PH101119,Auto,Third Party,London,Mobile App,2024-02-28,2024-03-02,3,76.46,4,1,True,Approved,0
CLM500785,PH101181,Auto,Theft,Scotland,Mobile App,2024-11-03,2024-11-04,1,6950.37,7,3,True,Rejected,0
CLM500786,PH100761,Health,Dental,Midlands,Online,2024-05-27,2024-06-25,29,2188.17,6,0,True,Approved,0
CLM500787,PH101298,Auto,Collision,London,Branch,2024-02-17,2024-03-03,15,7591.84,0,2,False,Approved,0
CLM500788,PH100386,Life,Critical Illness,North East,Call Center,2024-04-28,2024-05-23,25,56944.65,3,0,True,Approved,0
CLM500789,PH100696,Travel,Delay,Scotland,Online,2024-07-10,2024-07-30,20,1081.18,0,0,True,Pending,0
CLM500790,PH101064,Health,Optical,North East,Branch,2023-08-07,2023-08-08,1,15291.47,6,3,False,Rejected,1
CLM500791,PH100056,Auto,Third Party,Yorkshire,Branch,2023-10-31,2023-11-20,20,3847.59,2,0,True,Under Review,0
CLM500792,PH100616,Life,Critical Illness,London,Mobile App,2023-01-17,2023-01-24,7,26573.06,2,0,True,Approved,0
CLM500793,PH100709,Travel,Delay,Yorkshire,Online,2024-09-07,2024-09-25,18,656.71,2,1,False,Approved,0
CLM500794,PH100201,Auto,Windscreen,Northern Ireland,Mobile App,2024-07-26,2024-07-27,1,40380.96,2,0,False,Approved,1
CLM500795,PH100284,Commercial,Liability,Wales,Mobile App,2023-12-31,2024-01-16,16,41589.67,6,0,True,Approved,0
CLM500796,PH100699,Life,Critical Illness,North East,Broker,2023-11-06,2023-11-12,6,3293.98,7,2,False,Rejected,0
CLM500797,PH100658,Travel,Cancellation,Scotland,Branch,2024-01-06,2024-01-07,1,2124.55,4,2,False,Approved,0
CLM500798,PH100374,Life,Death Benefit,South West,Broker,2024-09-11,2024-09-16,5,46181.39,6,2,True,Pending,0
CLM500799,PH101214,Travel,Medical,South West,Online,2023-06-09,2023-06-09,0,495.66,7,2,True,Under Review,1
CLM500800,PH100833,Health,Hospitalisation,South West,Broker,2023-11-23,2023-12-16,23,1126.99,7,3,True,Approved,0
CLM500801,PH101428,Commercial,Business Interruption,North East,Broker,2023-08-12,2023-09-05,24,32191.08,2,1,False,Approved,0
CLM500802,PH100840,Home,Fire,Yorkshire,Mobile App,2023-04-02,2023-04-22,20,26333.88,5,2,True,Pending,0
CLM500803,PH100811,Life,Critical Illness,Wales,Branch,2023-09-23,2023-10-06,13,11642.85,3,2,True,Under Review,0
CLM500804,PH100352,Travel,Cancellation,South East,Online,2024-06-24,2024-07-10,16,179.55,2,2,True,Approved,0
CLM500805,PH100022,Health,Dental,Scotland,Call Center,2023-03-20,2023-03-21,1,4039.11,7,0,False,Approved,1
CLM500806,PH101284,Commercial,Property Damage,South East,Branch,2024-02-25,2024-03-01,5,24497.09,4,3,False,Approved,0
CLM500807,PH100867,Commercial,Business Interruption,Yorkshire,Online,2023-04-22,2023-04-25,3,3473.4,3,2,True,Pending,0
CLM500808,PH100718,Home,Storm,South West,Online,2024-01-05,2024-01-06,1,14714.24,7,3,False,Approved,1
CLM500809,PH100026,Commercial,Liability,South East,Broker,2024-12-11,2024-12-29,18,13764.09,3,2,True,Approved,0
CLM500810,PH101177,Commercial,Property Damage,North East,Mobile App,2024-07-07,2024-07-07,0,54621.26,1,3,False,Approved,1
CLM500811,PH101421,Health,Hospitalisation,Northern Ireland,Broker,2023-08-10,2023-09-07,28,1136.18,5,3,True,Approved,0
CLM500812,PH100342,Auto,Fire,London,Branch,2023-07-20,2023-07-28,8,2980.59,4,3,True,Approved,0
CLM500813,PH100613,Home,Accidental Damage,London,Branch,2023-10-17,2023-10-21,4,968.19,5,1,False,Pending,0
CLM500814,PH100143,Health,Optical,Midlands,Broker,2023-05-26,2023-06-06,11,2552.44,5,3,True,Pending,0
CLM500815,PH101347,Auto,Windscreen,South East,Mobile App,2023-12-20,2023-12-25,5,1641.59,3,3,True,Approved,0
CLM500816,PH101216,Home,Accidental Damage,Wales,Broker,2024-04-08,2024-04-28,20,6825.61,5,1,False,Under Review,0
CLM500817,PH101172,Commercial,Liability,Midlands,Online,2023-09-09,2023-09-14,5,27602.02,7,0,True,Approved,0
CLM500818,PH101271,Life,Critical Illness,Midlands,Call Center,2024-07-05,2024-07-21,16,57086.41,3,3,True,Approved,0
CLM500819,PH100142,Health,Outpatient,Wales,Broker,2024-11-01,2024-11-08,7,5391.93,2,3,False,Under Review,0
CLM500820,PH100253,Auto,Third Party,Scotland,Call Center,2023-12-17,2024-01-12,26,1559.75,5,2,True,Approved,0
CLM500821,PH101413,Auto,Fire,North East,Call Center,2023-09-09,2023-09-14,5,5003.83,0,2,False,Pending,0
CLM500822,PH100781,Commercial,Liability,North West,Mobile App,2023-12-12,2024-01-05,24,17180.69,0,1,True,Approved,0
CLM500823,PH100823,Travel,Lost Luggage,  SOUTH EAST ,Call Center,2024-11-06,2024-11-10,4,320.7,1,1,True,Under Review,0
CLM500824,PH101377,Life,Death Benefit,North West,Branch,2024-09-07,2024-09-28,21,44160.45,2,1,True,Rejected,0
CLM500825,PH101083,Life,Critical Illness,North East,Broker,2023-08-26,2023-09-13,18,99566.08,5,3,True,Approved,0
CLM500826,PH100619,Life,Death Benefit,London,Broker,2023-11-04,2023-11-30,26,25774.98,6,1,True,Approved,0
CLM500827,PH100381,Life,Death Benefit,North East,Branch,2024-03-20,2024-04-07,18,36102.22,3,2,True,Pending,0
CLM500828,PH100571,Life,Death Benefit,Yorkshire,Mobile App,2023-11-29,2023-12-06,7,26639.93,3,3,False,Pending,0
CLM500829,PH100556,Life,Critical Illness,North East,Online,2023-11-12,2023-11-29,17,19730.27,1,3,True,Approved,0
CLM500830,PH100766,Travel,Cancellation,South West,Call Center,2023-10-04,2023-10-04,0,654.86,5,1,False,Approved,0
CLM500831,PH100795,Travel,Delay,North West,Mobile App,2023-12-29,2024-01-07,9,263.82,4,0,True,Rejected,0
CLM500832,PH101179,Commercial,Liability,Wales,Mobile App,2024-04-08,2024-04-10,2,36348.75,7,1,True,Approved,0
CLM500833,PH100870,Commercial,Business Interruption,London,Broker,2024-07-27,2024-08-23,27,21963.49,2,1,True,Pending,0
CLM500834,PH100768,Life,Death Benefit,Yorkshire,Online,2023-11-21,2023-12-16,25,46438.3,1,3,True,Rejected,0
CLM500835,PH100241,Health,Dental,North West,Online,2023-04-07,2023-04-19,12,430.78,4,1,True,Rejected,0
CLM500836,PH100172,Home,Storm,Wales,Call Center,2023-03-16,2023-03-18,2,2669.8,1,2,True,Under Review,0
CLM500837,PH100001,Life,Critical Illness,South West,Mobile App,2023-03-12,2023-03-27,15,6198.1,7,2,True,Pending,0
CLM500838,PH100306,Life,Critical Illness,North West,Broker,2024-09-29,2024-10-16,17,12392.5,5,0,False,Approved,0
CLM500839,PH100930,Auto,Windscreen,North East,Call Center,2023-12-09,2023-12-09,0,3285.13,2,0,True,Approved,0
CLM500840,PH101087,Home,Flood,Northern Ireland,Call Center,2024-02-14,2024-02-27,13,16222.3,6,1,True,Pending,0
CLM500841,PH101226,Home,Burglary,Wales,Branch,2024-03-24,2024-03-24,0,6167.91,0,0,True,Approved,0
CLM500842,PH101065,Auto,Fire,Scotland,Call Center,2023-05-04,2023-05-06,2,9725.36,0,3,True,Pending,0
CLM500843,PH100856,Auto,Theft,Scotland,Online,2024-06-01,2024-06-12,11,3636.32,0,2,True,Approved,0
CLM500844,PH100944,Commercial,Business Interruption,South East,Mobile App,2024-07-30,2024-07-30,0,36885.56,3,1,False,Rejected,1
CLM500845,PH100239,Home,Burglary,London,Broker,2024-01-11,2024-01-24,13,11151.65,6,2,False,Approved,0
CLM500846,PH101394,Travel,Cancellation,Midlands,Branch,2023-02-02,2023-02-21,19,263.0,2,2,False,Approved,0
CLM500847,PH100644,Auto,Third Party,Northern Ireland,Online,2024-06-15,2024-06-15,0,3546.21,0,1,False,Under Review,1
CLM500848,PH100308,Health,Optical,London,Mobile App,2023-12-06,2024-01-02,27,2770.22,5,2,True,Under Review,0
CLM500849,PH100104,Auto,Fire,North East,Mobile App,2023-05-09,2023-06-05,27,982.58,2,2,True,Approved,0
CLM500850,PH100290,Home,Burglary,Wales,Broker,2024-11-17,2024-11-19,2,2860.18,3,2,True,Approved,0
CLM500851,PH100035,Home,Burglary,Northern Ireland,Broker,2023-08-02,2023-08-15,13,4197.62,0,2,True,Approved,0
CLM500852,PH100939,Auto,Third Party,Midlands,Mobile App,2024-06-27,2024-07-26,29,2910.18,1,0,True,Approved,0
CLM500853,PH101118,Home,Flood,North West,Broker,2024-04-18,2024-05-15,27,4581.87,3,0,True,Pending,0
CLM500854,PH100286,Life,Critical Illness,South East,Branch,2023-08-29,2023-09-24,26,100227.32,2,3,True,Pending,0
CLM500855,PH100190,Home,Storm,London,Branch,2024-08-10,2024-08-21,11,10108.65,3,2,True,Pending,0
CLM500856,PH100362,Health,Hospitalisation,London,Call Center,2024-03-18,2024-03-25,7,2954.19,6,2,True,Rejected,0
CLM500857,PH100800,Health,Outpatient,Northern Ireland,Online,2024-07-10,2024-07-31,21,420.69,0,0,True,Approved,0
CLM500858,PH101161,Commercial,Property Damage,Scotland,Mobile App,2023-11-28,2023-12-16,18,12798.49,0,0,True,Approved,0
CLM500859,PH100298,Health,Hospitalisation,Midlands,Online,2024-07-23,2024-08-18,26,5146.94,6,3,True,Approved,0
CLM500860,PH101151,Auto,Third Party,Midlands,Call Center,2023-08-01,2023-08-07,6,6036.33,2,1,False,Under Review,0
CLM500861,PH100667,Auto,Fire,South East,Broker,2023-03-18,2023-03-29,11,1965.07,1,0,True,Approved,0
CLM500862,PH100913,Auto,Third Party,Midlands,Call Center,2024-08-13,2024-08-22,9,4912.59,7,3,False,Rejected,0
CLM500863,PH101227,Health,Dental,South West,Call Center,2024-03-26,2024-04-20,25,2544.67,3,1,True,Pending,0
CLM500864,PH100928,Home,Burglary,South West,Online,2024-02-12,2024-02-16,4,5458.38,4,2,True,Pending,0
CLM500865,PH101310,Health,Optical,Midlands,Mobile App,2023-04-01,2023-04-05,4,8656.23,2,3,True,Rejected,0
CLM500866,PH100799,Health,Outpatient,London,Broker,2024-11-15,2024-11-29,14,5787.51,0,1,False,Approved,0
CLM500867,PH101035,Health,Dental,London,Broker,2024-07-06,2024-07-24,18,8023.76,2,3,True,Approved,0
CLM500868,PH101419,Home,Accidental Damage,South East,Broker,2024-12-04,2024-12-19,15,9914.84,6,2,True,Under Review,0
CLM500869,PH100030,Travel,Medical,North East,Online,2024-10-08,2024-10-20,12,1748.66,7,0,True,Approved,0
CLM500870,PH101361,Travel,Cancellation,North East,Call Center,2023-09-04,2023-09-15,11,1442.57,2,0,False,Approved,0
CLM500871,PH100456,Home,Burglary,North East,Branch,2024-10-16,2024-10-31,15,20915.42,0,3,True,Pending,0
CLM500872,PH100171,Life,Death Benefit,Northern Ireland,Mobile App,2024-02-01,2024-02-22,21,66946.58,6,2,True,Under Review,0
CLM500873,PH100643,Life,Critical Illness,Wales,Mobile App,2024-04-17,2024-05-04,17,39663.47,6,1,False,Rejected,0
CLM500874,PH100352,Travel,Lost Luggage,South East,Broker,2024-01-13,2024-01-30,17,1365.25,5,3,False,Under Review,0
CLM500875,PH100830,Home,Storm,Yorkshire,Online,2024-06-06,2024-06-06,0,35833.71,3,3,False,Under Review,1
CLM500876,PH100796,Home,Accidental Damage,South West,Broker,2023-10-22,2023-11-16,25,2173.13,7,0,True,Approved,0
CLM500877,PH101107,Commercial,Property Damage,Yorkshire,Call Center,2023-04-06,2023-04-17,11,22318.67,2,0,False,Approved,0
CLM500878,PH100547,Health,Outpatient,Yorkshire,Call Center,2023-03-01,2023-03-08,7,984.24,7,0,True,Approved,0
CLM500879,PH100621,Auto,Theft,North West,Mobile App,2023-08-29,2023-09-24,26,2489.23,3,2,False,Approved,0
CLM500880,PH100579,Health,Hospitalisation,London,Mobile App,2023-11-06,2023-11-15,9,1114.38,0,0,False,Approved,0
CLM500881,PH100341,Home,Storm,Scotland,Mobile App,2023-03-22,2023-03-31,9,4067.1,7,2,False,Pending,0
CLM500882,PH100885,Health,Dental,Wales,Call Center,2023-08-05,2023-08-06,1,1639.69,5,3,False,Approved,0
CLM500883,PH100648,Travel,Cancellation,Northern Ireland,Branch,2023-06-07,2023-06-12,5,444.75,6,3,True,Approved,0
CLM500884,PH100642,Auto,Theft,Northern Ireland,Branch,2023-07-29,2023-08-17,19,977.1,3,3,True,Approved,0
CLM500885,PH100544,Commercial,Business Interruption,London,Branch,2024-09-14,2024-09-16,2,11638.0,7,0,True,Approved,0
CLM500886,PH100531,Home,Flood,London,Online,2024-02-12,2024-02-17,5,1925.18,7,0,False,Pending,0
CLM500887,PH101394,Travel,Delay,Midlands,Online,2023-03-16,2023-03-24,8,846.95,5,2,True,Approved,0
CLM500888,PH100213,Travel,Cancellation,Northern Ireland,Online,2023-09-08,2023-09-08,0,6386.02,6,0,True,Under Review,1
CLM500889,PH101265,Commercial,Liability,Northern Ireland,Call Center,2024-10-01,2024-10-06,5,17715.74,6,3,False,Approved,0
CLM500890,PH101261,Travel,Delay,North West,Branch,2023-01-07,2023-01-26,19,139.54,7,3,False,Pending,0
CLM500891,PH101341,Travel,Medical,Wales,Broker,2024-01-06,2024-01-31,25,572.42,6,0,True,Approved,0
CLM500892,PH100348,Commercial,Property Damage,South East,Online,2023-02-18,2023-03-06,16,14855.95,0,1,True,Approved,0
CLM500893,PH101169,Travel,Medical,South West,Branch,2024-03-08,2024-03-15,7,206.69,1,0,False,Approved,0
CLM500894,PH100326,Auto,Fire,South East,Broker,2024-05-02,2024-05-02,0,852.25,6,3,True,Rejected,0
CLM500895,PH100376,Travel,Delay,Midlands,Branch,2024-07-18,2024-08-15,28,2699.07,7,1,True,Under Review,0
CLM500896,PH101233,Life,Critical Illness,North West,Branch,2023-09-29,2023-10-03,4,11328.52,0,1,False,Approved,0
CLM500897,PH100313,Life,Death Benefit,North West,Broker,2024-06-29,2024-06-30,1,8027.92,5,0,False,Rejected,1
CLM500898,PH101135,Travel,Cancellation,Northern Ireland,Branch,2024-10-29,2024-11-22,24,1123.55,3,3,True,Approved,0
CLM500899,PH100735,Commercial,Property Damage,North West,Call Center,2024-07-24,2024-07-29,5,33018.41,3,3,True,Approved,0
CLM500900,PH100344,Auto,Windscreen,Midlands,Branch,2023-12-08,2023-12-24,16,5391.07,2,1,True,Approved,0
CLM500901,PH100204,Travel,Lost Luggage,North West,Online,2023-04-21,2023-04-23,2,1403.52,7,1,True,Approved,1
CLM500902,PH100782,Auto,Theft,South East,Broker,2023-10-25,2023-11-08,14,7366.68,5,3,True,Approved,0
CLM500903,PH100526,Commercial,Business Interruption,South East,Online,2024-11-11,2024-11-19,8,52897.25,5,2,True,Approved,0
CLM500904,PH100781,Commercial,Business Interruption,North West,Broker,2024-06-16,2024-06-23,7,6535.68,4,3,False,Under Review,0
CLM500905,PH100253,Life,Death Benefit,Scotland,Online,2024-02-26,2024-03-02,5,41520.2,0,2,True,Approved,0
CLM500906,PH100666,Home,Accidental Damage,Midlands,Call Center,2023-03-18,2023-03-23,5,20671.86,5,1,True,Approved,0
CLM500907,PH101337,Travel,Lost Luggage,Scotland,Branch,2024-09-19,2024-10-03,14,586.29,7,3,True,Pending,0
CLM500908,PH101390,Commercial,Property Damage,South East,Online,2023-10-29,2023-11-01,3,56954.65,4,2,True,Approved,0
CLM500909,PH100711,Travel,Medical,Northern Ireland,Broker,2023-05-13,2023-06-06,24,882.98,1,0,True,Pending,0
CLM500910,PH100467,Commercial,Liability,North West,Broker,2023-02-09,2023-02-10,1,15373.26,6,2,False,Approved,0
CLM500911,PH100493,Home,Storm,North East,Online,2023-03-20,2023-03-23,3,12593.17,5,3,True,Rejected,0
CLM500912,PH100284,Life,Death Benefit,Wales,Branch,2024-04-06,2024-04-30,24,97047.17,6,0,True,Under Review,0
CLM500913,PH100180,Commercial,Liability,North West,Branch,2023-08-08,2023-08-22,14,13712.62,2,2,True,Approved,0
CLM500914,PH101175,Home,Burglary,Scotland,Online,2023-04-13,2023-05-05,22,5490.66,6,2,True,Approved,0
CLM500915,PH101229,Commercial,Property Damage,London,Mobile App,2024-05-11,2024-05-22,11,5565.6,7,2,True,Pending,0
CLM500916,PH100448,Home,Accidental Damage,South West,Broker,2024-03-24,2024-04-02,9,3469.78,0,0,True,Approved,0
CLM500917,PH100083,Life,Death Benefit,North West,Mobile App,2024-02-10,2024-03-04,23,8377.09,7,2,True,Under Review,0
CLM500918,PH100810,Travel,Delay,North West,Branch,2023-03-29,2023-04-25,27,2751.69,5,3,True,Approved,0
CLM500919,PH100260,Auto,Windscreen,Wales,Online,2024-06-10,2024-06-24,14,4250.49,2,3,False,Approved,0
CLM500920,PH100496,Home,Flood,South East,Branch,2023-07-19,2023-08-02,14,3099.59,6,1,True,Pending,0
CLM500921,PH100695,Travel,Medical,South West,Call Center,2024-09-03,2024-09-21,18,13.09,6,0,True,Approved,0
CLM500922,PH100094,Commercial,Business Interruption,Northern Ireland,Online,2023-01-04,2023-01-22,18,14987.74,0,2,True,Under Review,0
CLM500923,PH101148,Health,Hospitalisation,Yorkshire,Branch,2024-08-18,2024-09-11,24,3141.97,2,0,True,Approved,0
CLM500924,PH101134,Auto,Fire,Northern Ireland,Call Center,2024-09-17,2024-10-01,14,1296.74,7,2,True,Approved,0
CLM500925,PH101156,Travel,Cancellation,North East,Branch,2024-11-27,2024-12-23,26,149.07,6,0,True,Approved,0
CLM500926,PH100600,Life,Critical Illness,Wales,Broker,2023-09-23,2023-09-25,2,7283.51,4,3,False,Rejected,1
CLM500927,PH100919,Home,Burglary,South West,Mobile App,2024-03-14,2024-03-23,9,6994.83,2,3,True,Under Review,0
CLM500928,PH100876,Commercial,Liability,South West,Broker,2023-10-31,2023-11-06,6,15168.84,4,2,False,Approved,0
CLM500929,PH100082,Travel,Cancellation,North West,Mobile App,2023-06-18,2023-07-09,21,2848.57,6,2,True,Rejected,0
CLM500930,PH100866,Home,Flood,Midlands,Online,2024-01-15,2024-01-29,14,1322.82,1,2,False,Pending,0
CLM500931,PH101211,Travel,Cancellation,North East,Call Center,2024-07-29,2024-08-18,20,3233.67,4,1,True,Approved,0
CLM500932,PH100414,Health,Hospitalisation,Midlands,Call Center,2024-11-15,2024-12-06,21,2176.18,3,1,False,Approved,0
CLM500933,PH101441,Commercial,Property Damage,Scotland,Broker,2023-11-12,2023-11-17,5,12334.98,1,2,False,Approved,0
CLM500934,PH100683,Auto,Windscreen,Midlands,Branch,2024-05-31,2024-06-09,9,4466.47,7,3,True,Pending,0
CLM500935,PH100102,Commercial,Liability,London,Mobile App,2024-12-04,2024-12-26,22,30013.06,2,3,False,Approved,0
CLM500936,PH101298,Travel,Delay,London,Online,2024-07-27,2024-08-08,12,191.47,1,3,True,Under Review,0
CLM500937,PH101006,Commercial,Liability,North West,Branch,2024-07-13,2024-07-15,2,11913.54,6,3,False,Approved,0
CLM500938,PH100393,Travel,Cancellation,South East,Online,2024-08-04,2024-08-06,2,1058.71,0,1,True,Approved,0
CLM500939,PH100784,Commercial,Business Interruption,Northern Ireland,Mobile App,2023-08-26,2023-08-30,4,15786.65,2,3,True,Approved,0
CLM500940,PH101180,Travel,Medical,South West,Mobile App,2023-11-15,2023-11-21,6,2068.68,7,1,True,Approved,0
CLM500941,PH101006,Auto,Windscreen,North West,Branch,2024-06-21,2024-07-06,15,2765.17,6,0,False,Pending,0
CLM500942,PH101368,Health,Dental,Northern Ireland,Online,2023-04-11,2023-04-28,17,1865.38,1,1,True,Approved,0
CLM500943,PH100524,Health,Optical,North West,Call Center,2023-06-07,2023-06-23,16,3477.06,1,3,True,Approved,0
CLM500944,PH100501,Travel,Cancellation,South West,Mobile App,2023-02-07,2023-02-16,9,748.7,3,3,False,Pending,0
CLM500945,PH100983,Travel,Delay,South West,Branch,2023-05-01,2023-05-20,19,2611.91,3,1,True,Pending,0
CLM500946,PH100007,Health,Outpatient,Wales,Mobile App,2024-11-15,2024-11-27,12,2665.99,3,3,False,Under Review,0
CLM500947,PH101443,Health,Optical,Wales,Call Center,2023-10-29,2023-11-17,19,2739.91,1,0,True,Pending,0
CLM500948,PH100299,Home,Burglary,Yorkshire,Online,2023-10-26,2023-11-19,24,10956.83,6,2,True,Approved,0
CLM500949,PH101172,Commercial,Property Damage,Midlands,Online,2024-03-13,2024-03-15,2,30145.43,3,0,True,Rejected,0
CLM500950,PH100921,Commercial,Liability,South West,Broker,2024-08-18,2024-08-27,9,38565.17,5,2,True,Approved,0
CLM500951,PH101475,Auto,Windscreen,Scotland,Call Center,2024-07-03,2024-07-04,1,7556.55,3,1,True,Rejected,0
CLM500952,PH101050,Health,Optical,Scotland,Mobile App,2023-06-14,2023-07-09,25,540.09,7,0,True,Pending,0
CLM500953,PH101213,Home,Storm,North East,Mobile App,2023-10-21,2023-10-29,8,4551.46,3,3,True,Under Review,0
CLM500954,PH100433,Travel,Medical,Scotland,Mobile App,2024-06-13,2024-07-01,18,6297.52,4,3,False,Rejected,0
CLM500955,PH101006,Home,Burglary,North West,Broker,2024-11-04,2024-11-18,14,-13259.69,0,0,True,Approved,0
CLM500956,PH101403,Health,Dental,Northern Ireland,Online,2024-06-20,2024-07-01,11,2280.34,4,3,True,Approved,0
CLM500957,PH100973,Travel,Cancellation,North West,Broker,2024-07-13,2024-07-13,0,13707.67,0,2,False,Rejected,1
CLM500958,PH100525,Auto,Collision,North West,Call Center,2024-04-06,2024-04-19,13,5052.41,7,2,True,Rejected,0
CLM500959,PH100084,Life,Critical Illness,Scotland,Online,2024-06-21,2024-07-05,14,96843.52,7,1,False,Pending,0
CLM500960,PH101382,Life,Critical Illness,Scotland,Branch,2024-05-07,2024-05-28,21,136767.17,4,3,True,Pending,0
CLM500961,PH101326,Commercial,Liability,Yorkshire,Online,2024-12-29,2025-01-04,6,31174.79,7,1,False,Approved,0
CLM500962,PH100072,Home,Burglary,North West,Broker,2024-07-26,2024-08-21,26,9442.76,7,0,True,Approved,0
CLM500963,PH100067,Auto,Fire,North East,Mobile App,2023-06-03,2023-06-21,18,6057.13,7,3,True,Approved,0
CLM500964,PH101159,Auto,Third Party,London,Broker,2024-10-28,2024-11-09,12,3226.42,6,3,True,Approved,0
CLM500965,PH100322,Home,Burglary,North East,Mobile App,2023-02-12,2023-03-05,21,6644.36,3,1,True,Approved,0
CLM500966,PH100603,Travel,Medical,South West,Online,2024-03-26,2024-04-17,22,2119.38,6,1,False,Approved,0
CLM500967,PH101250,Home,Accidental Damage,Wales,Online,2023-06-08,2023-06-09,1,3639.72,4,0,True,Under Review,1
CLM500968,PH100058,Life,Critical Illness,Scotland,Call Center,2024-02-26,2024-03-25,28,15604.41,2,3,True,Approved,0
CLM500969,PH101466,Home,Storm,North East,Branch,2024-02-02,2024-02-04,2,39601.27,2,1,True,Approved,1
CLM500970,PH101341,Health,Optical,Wales,Online,2024-11-25,2024-12-03,8,5185.97,3,2,True,Approved,0
CLM500971,PH101343,Life,Death Benefit,North West,Mobile App,2023-10-23,2023-11-02,10,47643.58,2,3,False,Approved,0
CLM500972,PH100829,Life,Critical Illness,South East,Call Center,2024-05-02,2024-05-31,29,20312.82,7,3,True,Pending,0
CLM500973,PH101488,Health,Optical,South West,Call Center,2023-10-14,2023-10-26,12,3649.8,4,0,True,Approved,0
CLM500974,PH101254,Commercial,Property Damage,Scotland,Broker,2024-04-14,2024-05-03,19,8213.14,3,0,True,Approved,0
CLM500975,PH100564,Travel,Medical,North East,Mobile App,2023-04-14,2023-05-06,22,974.46,2,0,False,Approved,0
CLM500976,PH100390,Commercial,Business Interruption,North West,Online,2024-04-26,2024-05-08,12,21596.39,3,0,False,Approved,0
CLM500977,PH101168,Home,Fire,Midlands,Broker,2023-07-04,2023-07-30,26,4091.55,6,3,True,Approved,0
CLM500978,PH100971,Commercial,Liability,Northern Ireland,Broker,2023-08-23,2023-09-21,29,11114.41,5,3,True,Approved,0
CLM500979,PH100315,Home,Fire,Yorkshire,Branch,2023-11-26,2023-12-04,8,10876.47,5,3,True,Approved,0
CLM500980,PH101211,Commercial,Business Interruption,North East,Mobile App,2023-07-07,2023-07-18,11,85421.02,7,1,False,Approved,0
CLM500981,PH100565,Travel,Delay,North West,Branch,2024-01-14,2024-01-28,14,897.44,4,0,False,Approved,0
CLM500982,PH100123,Life,Death Benefit,South West,Branch,2023-11-30,2023-12-16,16,25274.78,3,0,False,Approved,0
CLM500983,PH100068,Commercial,Property Damage,South East,Online,2024-03-02,2024-03-20,18,25113.07,5,2,True,Approved,0
CLM500984,PH101121,Commercial,Liability,Northern Ireland,Call Center,2023-12-15,2023-12-27,12,24103.48,1,0,True,Pending,0
CLM500985,PH101223,Commercial,Property Damage,Midlands,Branch,2024-01-05,2024-01-15,10,6876.14,4,3,True,Pending,0
CLM500986,PH100949,Auto,Collision,South East,Call Center,2024-05-27,2024-06-13,17,2989.14,4,0,True,Approved,0
CLM500987,PH100297,Health,Optical,Northern Ireland,Online,2024-11-04,2024-12-02,28,880.85,0,0,False,Approved,0
CLM500988,PH100336,Life,Death Benefit,Midlands,Mobile App,2024-08-02,2024-08-22,20,28473.9,7,2,False,Approved,0
CLM500989,PH101075,Auto,Windscreen,London,Online,2023-09-24,2023-09-24,0,5658.43,7,1,False,Rejected,1
CLM500990,PH101352,Home,Burglary,Midlands,Call Center,2023-04-14,2023-05-02,18,5250.05,1,2,True,Approved,0
CLM500991,PH100921,Life,Death Benefit,South West,Call Center,2023-05-30,2023-06-10,11,53002.4,3,0,True,Approved,0
CLM500992,PH101298,Life,Death Benefit,London,Mobile App,2023-05-20,2023-06-07,18,35849.73,5,0,True,Rejected,0
CLM500993,PH100155,Auto,Collision,Yorkshire,Mobile App,2023-07-30,2023-08-04,5,4713.2,5,0,False,Approved,0
CLM500994,PH100572,Life,Death Benefit,South West,Call Center,2023-08-03,2023-08-08,5,33105.35,7,0,True,Under Review,0
CLM500995,PH101228,Auto,Third Party,Scotland,Broker,2023-02-26,2023-03-03,5,822.46,2,0,True,Pending,0
CLM500996,PH101305,Life,Death Benefit,North East,Broker,2023-11-04,2023-11-15,11,82278.29,5,0,True,Under Review,0
CLM500997,PH100227,Travel,Cancellation,Scotland,Broker,2023-05-28,2023-06-13,16,1064.48,0,0,True,Under Review,0
CLM500998,PH101230,Travel,Lost Luggage,London,Branch,2024-01-15,2024-01-18,3,2301.49,7,0,True,Approved,0
CLM500999,PH100942,Life,Critical Illness,Northern Ireland,Call Center,2024-08-18,2024-09-16,29,157034.36,2,0,False,Rejected,0
CLM501000,PH100777,Auto,Theft,Yorkshire,Branch,2023-10-25,2023-11-07,13,7087.69,7,2,True,Approved,0
CLM501001,PH100571,Auto,Fire,Yorkshire,Branch,2024-12-23,2025-01-03,11,3602.74,0,0,True,Approved,0
CLM501002,PH100221,Health,Dental,North West,Online,2023-10-27,2023-11-03,7,510.49,1,2,True,Approved,0
CLM501003,PH100384,Travel,Delay,North East,Online,2023-12-26,2024-01-22,27,1260.5,4,0,True,Rejected,0
CLM501004,PH100617,Health,Outpatient,Wales,Mobile App,2023-02-15,2023-03-07,20,1997.31,6,0,True,Approved,0
CLM501005,PH100105,Health,Outpatient,Scotland,Branch,2023-09-05,2023-09-20,15,1706.41,5,2,True,Pending,0
CLM501006,PH100099,Health,Hospitalisation,North West,Call Center,2023-04-18,2023-05-03,15,2477.86,7,2,False,Approved,0
CLM501007,PH100111,Life,Critical Illness,North East,Broker,2023-03-22,2023-04-13,22,62725.93,5,0,False,Approved,0
CLM501008,PH100769,Home,Accidental Damage,Scotland,Call Center,2023-12-11,2023-12-26,15,5017.55,3,3,False,Approved,0
CLM501009,PH100189,Commercial,Liability,Yorkshire,Mobile App,2024-07-28,2024-07-28,0,51449.16,4,1,False,Rejected,1
CLM501010,PH100591,Home,Burglary,North West,Branch,2024-06-10,2024-06-19,9,7199.01,5,3,True,Approved,0
CLM501011,PH101382,Home,Flood,Scotland,Call Center,2023-04-11,2023-05-01,20,11632.28,7,2,True,Approved,0
CLM501012,PH101289,Commercial,Business Interruption,Scotland,Broker,2024-11-29,2024-12-07,8,21820.59,0,3,True,Pending,0
CLM501013,PH100558,Life,Death Benefit,South East,Call Center,2024-06-06,2024-06-18,12,42592.33,7,0,True,Under Review,0
CLM501014,PH100675,Auto,Windscreen,Wales,Call Center,2023-04-23,2023-05-14,21,3196.84,7,1,False,Approved,0
CLM501015,PH101399,Travel,Lost Luggage,South West,Call Center,2023-09-14,2023-09-30,16,6460.1,1,3,True,Approved,0
CLM501016,PH100058,Health,Dental,Scotland,Online,2024-09-18,2024-10-10,22,2125.59,7,0,True,Approved,0
CLM501017,PH101204,Auto,Windscreen,North West,Call Center,2023-06-13,2023-06-23,10,3188.39,0,0,True,Approved,0
CLM501018,PH100216,Auto,Fire,London,Mobile App,2024-01-12,2024-02-06,25,9645.4,4,3,False,Approved,0
CLM501019,PH100803,Health,Optical,London,Mobile App,2023-04-22,2023-05-13,21,3729.01,1,1,True,Approved,0
CLM501020,PH100582,Home,Storm,North West,Broker,2023-11-09,2023-11-18,9,581.91,6,2,False,Approved,0
CLM501021,PH100342,Commercial,Property Damage,London,Mobile App,2024-11-06,2024-11-13,7,15433.71,5,0,True,Approved,0
CLM501022,PH100973,Home,Burglary,North West,Online,2023-05-19,2023-06-04,16,1340.9,0,1,False,Pending,0
CLM501023,PH101484,Home,Burglary,Wales,Call Center,2024-02-17,2024-03-10,22,12940.51,4,1,True,Pending,0
CLM501024,PH100461,Life,Death Benefit,Northern Ireland,Online,2023-02-09,2023-02-25,16,41989.29,5,2,True,Approved,0
CLM501025,PH100078,Life,Death Benefit,North West,Broker,2024-04-19,2024-05-05,16,21382.53,7,2,True,Approved,0
CLM501026,PH101218,Life,Death Benefit,Midlands,Mobile App,2024-07-24,2024-08-21,28,33415.25,7,0,True,Under Review,0
CLM501027,PH100860,Home,Accidental Damage,Midlands,Online,2023-08-04,2023-09-02,29,4381.32,7,2,False,Approved,0
CLM501028,PH100446,Commercial,Property Damage,Scotland,Mobile App,2023-11-24,2023-11-27,3,8564.21,0,2,True,Pending,0
CLM501029,PH101190,Auto,Fire,Wales,Broker,2024-02-02,2024-02-15,13,1768.32,0,1,True,Approved,0
CLM501030,PH100510,Life,Death Benefit,Northern Ireland,Mobile App,2024-03-18,2024-03-31,13,12239.3,3,2,True,Rejected,0
CLM501031,PH101401,Commercial,Liability,South East,Mobile App,2023-06-16,2023-06-18,2,10553.5,6,0,True,Approved,0
CLM501032,PH100954,Commercial,Property Damage,Midlands,Online,2024-07-22,2024-08-13,22,6720.39,4,0,True,Pending,0
CLM501033,PH101178,Auto,Windscreen,Wales,Mobile App,2024-03-11,2024-04-02,22,4167.88,3,3,True,Approved,0
CLM501034,PH101233,Auto,Third Party,North West,Broker,2024-08-14,2024-09-02,19,2802.43,6,0,True,Under Review,0
CLM501035,PH101469,Home,Storm,North East,Broker,2023-12-22,2023-12-23,1,5318.84,7,0,True,Approved,0
CLM501036,PH101367,Life,Death Benefit,South East,Branch,2023-02-28,2023-03-10,10,45593.64,7,2,False,Pending,0
CLM501037,PH100371,Life,Critical Illness,North West,Broker,2023-01-04,2023-01-18,14,45951.95,7,2,True,Pending,0
CLM501038,PH100744,Auto,Theft,North West,Online,2023-05-28,2023-06-17,20,6608.59,0,0,False,Rejected,0
CLM501039,PH100662,Auto,Third Party,Northern Ireland,Online,2024-04-23,2024-04-29,6,2018.37,5,1,False,Approved,0
CLM501040,PH100351,Home,Flood,Northern Ireland,Broker,2024-01-31,2024-02-05,5,3442.94,4,2,True,Approved,0
CLM501041,PH100624,Life,Death Benefit,Yorkshire,Broker,2024-09-10,2024-09-20,10,137118.51,7,2,True,Approved,0
CLM501042,PH100703,Commercial,Business Interruption,Northern Ireland,Online,2023-10-26,2023-11-09,14,9377.65,3,1,False,Approved,0
CLM501043,PH100262,Commercial,Property Damage,North East,Mobile App,2023-09-13,2023-09-24,11,12711.48,0,2,False,Approved,0
CLM501044,PH101422,Travel,Cancellation,North East,Mobile App,2023-07-02,2023-07-06,4,1651.86,0,1,True,Approved,0
CLM501045,PH100367,Home,Flood,North West,Branch,2024-03-16,2024-03-28,12,7308.24,3,2,False,Approved,0
CLM501046,PH100021,Travel,Delay,South East,Call Center,2024-09-28,2024-10-20,22,3537.8,6,1,True,Under Review,0
CLM501047,PH101284,Health,Outpatient,South East,Online,2024-06-22,2024-06-22,0,5686.14,4,2,False,Pending,0
CLM501048,PH100234,Home,Burglary,Midlands,Call Center,2024-09-11,2024-10-03,22,17075.32,7,3,True,Approved,0
CLM501049,PH101225,Health,Outpatient,South East,Call Center,2023-07-21,2023-08-02,12,4097.17,2,3,True,Approved,0
CLM501050,PH100677,Travel,Delay,North East,Call Center,2023-07-19,2023-08-07,19,2971.53,6,1,True,Under Review,0
CLM501051,PH100860,Travel,Lost Luggage,Midlands,Broker,2023-01-07,2023-01-26,19,868.69,4,1,True,Approved,0
CLM501052,PH100737,Health,Dental,Midlands,Broker,2024-10-15,2024-11-13,29,3326.33,5,3,True,Approved,0
CLM501053,PH100532,Travel,Cancellation,London,Mobile App,2023-07-15,2023-07-29,14,372.16,1,3,True,Approved,0
CLM501054,PH100981,Travel,Cancellation,London,Call Center,2024-05-27,2024-06-13,17,2349.5,2,3,True,Approved,0
CLM501055,PH100770,Commercial,Property Damage,Wales,Branch,2023-04-13,2023-04-25,12,14597.07,6,0,True,Rejected,0
CLM501056,PH101001,Commercial,Business Interruption,Yorkshire,Online,2023-08-19,2023-08-20,1,43268.01,5,2,False,Approved,1
CLM501057,PH100961,Commercial,Property Damage,Yorkshire,Online,2023-02-20,2023-03-16,24,32266.09,5,3,True,Pending,0
CLM501058,PH101158,Auto,Windscreen,South East,Online,2023-11-03,2023-11-14,11,1826.17,6,1,True,Approved,0
CLM501059,PH100233,Home,Burglary,London,Call Center,2023-10-22,2023-11-06,15,607.49,1,0,False,Approved,0
CLM501060,PH100782,Home,Burglary,South East,Mobile App,2024-05-21,2024-05-21,0,5557.5,7,3,False,Approved,0
CLM501061,PH100187,Auto,Third Party,Wales,Online,2024-02-28,2024-03-01,2,3998.21,1,0,False,Under Review,0
CLM501062,PH101170,Travel,Medical,Scotland,Mobile App,2024-08-13,2024-09-08,26,374.44,1,2,False,Approved,0
CLM501063,PH100871,Life,Death Benefit,South East,Online,2023-04-28,2023-05-08,10,18222.32,7,2,True,Approved,0
CLM501064,PH100861,Health,Optical,South West,Call Center,2024-01-17,2024-01-28,11,12133.61,3,2,True,Pending,0
CLM501065,PH100846,Life,Critical Illness,North East,Online,2024-04-07,2024-04-16,9,42351.61,4,2,True,Approved,0
CLM501066,PH100825,Home,Storm,Northern Ireland,Online,2023-09-08,2023-09-08,0,21741.12,4,0,False,Under Review,1
CLM501067,PH100959,Travel,Lost Luggage,North West,Call Center,2024-01-04,2024-01-29,25,705.32,0,1,True,Pending,0
CLM501068,PH101130,Auto,Collision,London,Broker,2023-12-28,2023-12-28,0,20492.1,0,1,False,Pending,1
CLM501069,PH101398,Travel,Cancellation,London,Online,2023-08-04,2023-08-31,27,1396.76,7,3,False,Under Review,0
CLM501070,PH100439,Auto,Third Party,Yorkshire,Mobile App,2024-10-13,2024-10-15,2,7016.98,7,2,True,Rejected,1
CLM501071,PH101064,Home,Storm,North East,Mobile App,2023-02-17,2023-03-02,13,9319.41,2,2,True,Approved,0
CLM501072,PH100708,Health,Dental,Wales,Online,2024-01-12,2024-01-13,1,5783.51,7,0,False,Rejected,1
CLM501073,PH101494,Auto,Windscreen,Scotland,Broker,2023-12-12,2023-12-28,16,1191.81,3,2,True,Pending,0
CLM501074,PH100063,Life,Critical Illness,South East,Online,2024-12-06,2025-01-02,27,30634.24,5,0,False,Approved,0
CLM501075,PH100116,Home,Fire,South West,Branch,2023-05-20,2023-05-24,4,7020.87,4,0,True,Under Review,0
CLM501076,PH100397,Health,Hospitalisation,Northern Ireland,Mobile App,2024-06-22,2024-06-22,0,3031.13,6,1,False,Approved,0
CLM501077,PH100594,Home,Flood,North West,Online,2023-11-29,2023-12-19,20,14529.28,2,2,False,Under Review,0
CLM501078,PH101378,Auto,Theft,South East,Broker,2024-07-10,2024-07-31,21,2573.4,6,0,True,Approved,0
CLM501079,PH100178,Commercial,Property Damage,North West,Branch,2023-10-26,2023-11-05,10,10244.66,1,1,False,Pending,0
CLM501080,PH101178,Life,Death Benefit,Wales,Broker,2023-07-14,2023-07-23,9,51223.75,0,0,True,Approved,0
CLM501081,PH100428,Commercial,Business Interruption,North East,Mobile App,2024-03-11,2024-04-05,25,38655.01,2,3,False,Rejected,0
CLM501082,PH100834,Travel,Cancellation,South East,Broker,2024-10-10,2024-10-29,19,223.64,0,2,True,Approved,0
CLM501083,PH100895,Health,Dental,Northern Ireland,Online,2023-03-12,2023-03-20,8,1145.35,2,1,True,Approved,0
CLM501084,PH101144,Home,Storm,South East,Broker,2023-07-17,2023-08-01,15,2515.24,3,3,True,Approved,0
CLM501085,PH100773,Health,Optical,South East,Online,2024-08-21,2024-09-06,16,2403.14,7,0,True,Approved,0
CLM501086,PH100396,Life,Critical Illness,Wales,Branch,2023-06-22,2023-07-15,23,34072.15,6,2,True,Approved,0
CLM501087,PH101097,Home,Burglary,South East,Mobile App,2023-03-05,2023-03-07,2,6643.64,6,0,False,Approved,1
CLM501088,PH101229,Health,Hospitalisation,London,Call Center,2023-04-20,2023-04-27,7,5058.29,7,1,True,Rejected,0
CLM501089,PH100202,Commercial,Business Interruption,North East,Broker,2023-01-25,2023-02-14,20,49533.89,1,0,False,Approved,0
CLM501090,PH100634,Health,Optical,Northern Ireland,Online,2024-10-09,2024-10-16,7,749.89,7,3,True,Pending,0
CLM501091,PH101436,Health,Optical,South West,Broker,2024-02-26,2024-03-21,24,2335.43,7,3,True,Rejected,0
CLM501092,PH101253,Home,Storm,Scotland,Online,2023-05-10,2023-05-21,11,3632.6,5,1,True,Under Review,0
CLM501093,PH100898,Auto,Windscreen,Scotland,Branch,2023-03-20,2023-03-22,2,1012.82,2,2,True,Rejected,1
CLM501094,PH100178,Travel,Cancellation,North West,Call Center,2024-09-04,2024-09-06,2,994.19,7,2,True,Under Review,0
CLM501095,PH100702,Commercial,Business Interruption,North West,Call Center,2023-01-28,2023-02-15,18,15480.12,7,0,False,Approved,0
CLM501096,PH100224,Home,Flood,South West,Online,2024-08-07,2024-08-07,0,5011.78,4,0,True,Approved,0
CLM501097,PH100827,Commercial,Business Interruption,Midlands,Branch,2023-01-19,2023-01-19,0,7322.16,6,0,True,Pending,0
CLM501098,PH100088,Auto,Third Party,North West,Call Center,2023-06-15,2023-06-15,0,4659.43,6,2,False,Approved,0
CLM501099,PH101172,Commercial,Business Interruption,Midlands,Branch,2024-07-03,2024-07-21,18,34789.34,3,1,True,Pending,0
CLM501100,PH100534,Life,Critical Illness,London,Online,2024-10-25,2024-11-08,14,8342.7,6,1,True,Approved,0
CLM501101,PH100803,Travel,Cancellation,London,Mobile App,2024-07-05,2024-07-10,5,1158.06,3,0,False,Pending,0
CLM501102,PH100545,Health,Optical,South West,Online,2024-07-01,2024-07-13,12,1407.97,0,3,True,Approved,0
CLM501103,PH100096,Health,Optical,South East,Call Center,2024-10-17,2024-11-04,18,4249.35,1,0,False,Approved,0
CLM501104,PH100577,Life,Critical Illness,Yorkshire,Call Center,2023-04-02,2023-04-18,16,8859.64,0,1,True,Rejected,0
CLM501105,PH101198,Commercial,Property Damage,Northern Ireland,Branch,2023-10-01,2023-10-07,6,31069.87,2,1,True,Pending,0
CLM501106,PH101050,Commercial,Liability,  SCOTLAND ,Branch,2023-11-23,2023-12-21,28,12954.28,1,1,False,Approved,0
CLM501107,PH100372,Health,Optical,Scotland,Broker,2023-10-26,2023-11-19,24,4292.08,3,1,True,Approved,0
CLM501108,PH101330,Auto,Collision,South East,Branch,2023-02-27,2023-03-07,8,5564.51,5,2,True,Approved,0
CLM501109,PH100454,Life,Death Benefit,Yorkshire,Broker,2023-04-14,2023-04-28,14,23866.88,1,0,True,Approved,0
CLM501110,PH100750,Home,Burglary,Midlands,Call Center,2023-01-01,2023-01-05,4,2320.3,1,0,True,Approved,0
CLM501111,PH100404,Life,Death Benefit,Scotland,Call Center,2023-06-22,2023-07-21,29,43361.74,1,2,True,Approved,0
CLM501112,PH100562,Commercial,Business Interruption,Wales,Branch,2024-12-13,2025-01-06,24,22741.24,0,2,True,Approved,0
CLM501113,PH100389,Health,Outpatient,South West,Branch,2024-06-01,2024-06-28,27,2157.79,5,2,True,Approved,0
CLM501114,PH100740,Home,Accidental Damage,North West,Call Center,2023-09-21,2023-10-09,18,3637.99,4,3,True,Approved,0
CLM501115,PH101001,Home,Burglary,Yorkshire,Branch,2024-09-26,2024-10-12,16,14692.47,1,3,True,Pending,0
CLM501116,PH100685,Life,Critical Illness,South East,Online,2024-05-01,2024-05-04,3,2625.45,5,1,True,Approved,0
CLM501117,PH100171,Home,Burglary,Northern Ireland,Branch,2024-04-15,2024-05-12,27,5877.84,7,2,True,Approved,0
CLM501118,PH101320,Home,Storm,South West,Online,2023-02-21,2023-02-21,0,11401.85,1,0,False,Pending,1
CLM501119,PH100251,Health,Dental,North East,Broker,2023-05-01,2023-05-03,2,920.73,6,1,True,Rejected,0
CLM501120,PH101481,Life,Critical Illness,North West,Call Center,2023-08-08,2023-08-14,6,49217.73,4,2,False,Under Review,0
CLM501121,PH100041,Home,Burglary,North West,Online,2024-02-16,2024-02-24,8,6478.11,5,2,False,Under Review,0
CLM501122,PH100295,Commercial,Business Interruption,North East,Call Center,2024-02-19,2024-02-29,10,18340.77,2,0,True,Approved,0
CLM501123,PH101199,Health,Outpatient,North West,Mobile App,2023-06-16,2023-06-30,14,1845.36,0,3,True,Under Review,0
CLM501124,PH100986,Home,Flood,Scotland,Broker,2024-11-19,2024-12-11,22,5654.17,3,0,False,Rejected,0
CLM501125,PH100735,Home,Flood,North West,Branch,2023-08-05,2023-08-23,18,10812.93,6,0,False,Approved,0
CLM501126,PH100934,Commercial,Liability,South East,Branch,2024-04-26,2024-05-25,29,14662.71,5,1,True,Approved,0
CLM501127,PH100627,Health,Outpatient,North West,Mobile App,2023-08-21,2023-09-17,27,2293.93,1,0,True,Pending,0
CLM501128,PH100448,Auto,Collision,South West,Call Center,2023-02-15,2023-02-15,0,7607.26,6,1,False,Pending,1
CLM501129,PH101107,Life,Critical Illness,Yorkshire,Online,2023-09-05,2023-09-11,6,98633.32,0,1,True,Approved,0
CLM501130,PH100137,Commercial,Liability,Wales,Mobile App,2024-09-03,2024-09-10,7,3867.92,3,0,True,Approved,0
CLM501131,PH101010,Travel,Cancellation,Scotland,Call Center,2023-09-26,2023-10-24,28,1644.36,7,3,False,Approved,0
CLM501132,PH101113,Health,Optical,Northern Ireland,Online,2024-05-30,2024-05-30,0,874.2,5,2,False,Approved,0
CLM501133,PH100372,Commercial,Property Damage,Scotland,Mobile App,2024-01-21,2024-02-13,23,16455.04,0,2,True,Approved,0
CLM501134,PH101372,Health,Outpatient,North West,Branch,2023-05-15,2023-05-28,13,564.96,2,1,True,Rejected,0
CLM501135,PH100112,Travel,Cancellation,London,Online,2024-11-07,2024-12-01,24,4390.74,1,3,True,Pending,0
CLM501136,PH100409,Commercial,Liability,Wales,Call Center,2023-07-17,2023-08-02,16,23787.23,3,0,True,Pending,0
CLM501137,PH101485,Health,Outpatient,Scotland,Online,2023-06-07,2023-06-12,5,4080.34,7,3,True,Under Review,0
CLM501138,PH100653,Travel,Lost Luggage,Midlands,Online,2024-09-24,2024-10-03,9,592.25,2,0,True,Approved,0
CLM501139,PH101167,Home,Burglary,South East,Mobile App,2023-02-03,2023-03-03,28,8888.8,1,1,True,Under Review,0
CLM501140,PH100093,Travel,Lost Luggage,North West,Broker,2024-08-18,2024-09-04,17,920.99,1,3,True,Pending,0
CLM501141,PH100875,Home,Flood,South West,Branch,2023-07-29,2023-08-18,20,13119.97,0,0,True,Approved,0
CLM501142,PH101106,Commercial,Liability,South East,Online,2024-11-15,2024-11-18,3,58170.5,3,0,True,Approved,0
CLM501143,PH100680,Travel,Delay,North East,Mobile App,2024-08-17,2024-08-24,7,683.94,1,2,True,Approved,0
CLM501144,PH101308,Commercial,Liability,Yorkshire,Broker,2023-05-07,2023-05-30,23,57914.54,6,1,True,Approved,0
CLM501145,PH100929,Home,Burglary,North East,Call Center,2024-11-01,2024-11-25,24,5184.77,2,3,True,Approved,0
CLM501146,PH100348,Home,Storm,South East,Broker,2023-07-27,2023-08-20,24,10745.06,2,1,True,Approved,0
CLM501147,PH101125,Travel,Cancellation,Midlands,Mobile App,2023-02-03,2023-02-15,12,231.09,4,3,True,Rejected,0
CLM501148,PH101253,Travel,Cancellation,Scotland,Branch,2024-01-04,2024-01-07,3,2540.08,4,0,True,Approved,0
CLM501149,PH101178,Health,Hospitalisation,Wales,Branch,2023-04-24,2023-05-16,22,6974.54,7,3,True,Approved,0
CLM501150,PH101352,Commercial,Business Interruption,Midlands,Branch,2024-04-13,2024-05-07,24,15746.77,7,0,True,Approved,0
CLM501151,PH100488,Commercial,Liability,Wales,Mobile App,2024-09-04,2024-10-01,27,37742.44,0,0,False,Approved,0
CLM501152,PH101489,Home,Storm,Scotland,Mobile App,2023-08-01,2023-08-03,2,4665.22,0,0,False,Rejected,1
CLM501153,PH101485,Commercial,Liability,Scotland,Online,2023-08-30,2023-09-01,2,31726.93,6,3,True,Under Review,1
CLM501154,PH101286,Home,Burglary,North East,Mobile App,2024-05-29,2024-06-13,15,4224.19,7,0,True,Approved,0
CLM501155,PH101175,Home,Fire,Scotland,Online,2024-02-21,2024-02-23,2,7956.83,3,3,False,Rejected,1
CLM501156,PH100833,Travel,Delay,South West,Branch,2024-03-27,2024-03-29,2,1698.4,5,3,True,Under Review,1
CLM501157,PH100593,Commercial,Business Interruption,Midlands,Branch,2024-12-17,2025-01-12,26,2033.74,1,1,True,Approved,0
CLM501158,PH101490,Commercial,Business Interruption,South East,Mobile App,2023-07-09,2023-08-07,29,38107.24,0,3,True,Rejected,0
CLM501159,PH101075,Auto,Fire,London,Mobile App,2023-07-27,2023-08-24,28,2784.9,0,1,True,Pending,0
CLM501160,PH100322,Home,Burglary,North East,Branch,2023-08-17,2023-09-08,22,7579.34,3,0,False,Approved,0
CLM501161,PH100345,Commercial,Property Damage,North East,Broker,2024-02-01,2024-02-24,23,2864.86,2,0,True,Approved,0
CLM501162,PH100572,Travel,Cancellation,South West,Mobile App,2023-10-19,2023-10-22,3,3780.56,4,3,True,Approved,0
CLM501163,PH101397,Commercial,Business Interruption,North West,Branch,2023-10-03,2023-10-21,18,4881.36,5,1,True,Under Review,0
CLM501164,PH101388,Auto,Collision,Scotland,Online,2024-03-23,2024-04-01,9,1161.72,4,0,True,Approved,0
CLM501165,PH100265,Auto,Collision,South West,Call Center,2024-12-21,2025-01-05,15,585.12,2,0,True,Approved,0
CLM501166,PH100473,Travel,Lost Luggage,Yorkshire,Online,2023-04-06,2023-04-15,9,599.0,1,2,True,Approved,0
CLM501167,PH100364,Auto,Fire,South East,Branch,2024-07-31,2024-08-03,3,,6,2,False,Approved,0
CLM501168,PH100696,Travel,Cancellation,Scotland,Branch,2024-01-11,2024-01-22,11,2398.1,5,0,True,Approved,0
CLM501169,PH100962,Home,Storm,South West,Call Center,2023-05-25,2023-06-14,20,7979.37,5,0,True,Pending,0
CLM501170,PH101488,Life,Critical Illness,South West,Mobile App,2023-10-14,2023-10-15,1,85228.83,0,3,False,Under Review,1
CLM501171,PH100562,Health,Outpatient,Wales,Call Center,2024-11-21,2024-12-06,15,1277.66,6,2,False,Pending,0
CLM501172,PH100317,Commercial,Business Interruption,Scotland,Broker,2023-11-19,2023-12-04,15,36728.43,6,0,True,Under Review,0
CLM501173,PH100246,Commercial,Business Interruption,North East,Broker,2024-11-16,2024-12-04,18,38948.66,7,1,True,Approved,0
CLM501174,PH100440,Travel,Medical,Northern Ireland,Online,2024-03-29,2024-04-18,20,1272.3,7,1,True,Under Review,0
CLM501175,PH101225,Travel,Lost Luggage,South East,Branch,2024-10-01,2024-10-10,9,655.96,1,1,False,Approved,0
CLM501176,PH100768,Life,Critical Illness,Yorkshire,Online,2023-01-08,2023-01-25,17,109458.4,2,2,True,Approved,0
CLM501177,PH100903,Commercial,Business Interruption,London,Branch,2023-07-11,2023-07-18,7,5031.83,5,0,True,Approved,0
CLM501178,PH100186,Home,Storm,North East,Branch,2024-07-17,2024-07-29,12,3232.91,3,1,True,Approved,0
CLM501179,PH100555,Commercial,Property Damage,Wales,Broker,2023-03-08,2023-03-31,23,47488.65,6,2,False,Under Review,0
CLM501180,PH101309,Home,Flood,South West,Mobile App,2024-08-11,2024-08-12,1,9776.4,6,2,True,Approved,0
CLM501181,PH100999,Travel,Medical,Midlands,Mobile App,2023-10-28,2023-10-30,2,9325.7,6,3,False,Under Review,1
CLM501182,PH101210,Auto,Windscreen,South East,Branch,2023-02-04,2023-02-25,21,1034.55,4,1,False,Pending,0
CLM501183,PH100178,Commercial,Liability,North West,Call Center,2024-03-01,2024-03-15,14,58764.3,2,2,True,Approved,0
CLM501184,PH100278,Auto,Fire,Northern Ireland,Branch,2023-03-16,2023-03-29,13,3117.12,6,3,True,Approved,0
CLM501185,PH100660,Travel,Cancellation,Midlands,Online,2024-08-19,2024-09-15,27,2517.61,2,1,False,Approved,0
CLM501186,PH101341,Health,Dental,Wales,Branch,2023-04-28,2023-05-21,23,1520.04,2,3,True,Rejected,0
CLM501187,PH100292,Life,Death Benefit,North West,Online,2024-01-08,2024-02-03,26,77860.36,5,2,False,Approved,0
CLM501188,PH101378,Health,Optical,South East,Broker,2023-12-08,2023-12-19,11,3130.45,2,1,True,Approved,0
CLM501189,PH100838,Auto,Third Party,Northern Ireland,Mobile App,2023-03-09,2023-04-06,28,3061.26,3,3,True,Approved,0
CLM501190,PH100684,Health,Dental,Northern Ireland,Branch,2023-12-31,2024-01-01,1,1147.82,4,1,False,Rejected,1
CLM501191,PH100921,Life,Death Benefit,South West,Broker,2024-01-06,2024-01-06,0,144267.31,4,1,False,Approved,0
CLM501192,PH100470,Travel,Lost Luggage,North West,Call Center,2024-09-11,2024-09-27,16,1861.34,3,3,True,Approved,0
CLM501193,PH100895,Life,Critical Illness,Northern Ireland,Call Center,2024-10-13,2024-10-25,12,30193.59,5,0,False,Pending,0
CLM501194,PH101274,Health,Hospitalisation,London,Mobile App,2024-10-22,2024-11-15,24,2898.46,6,0,True,Rejected,0
CLM501195,PH100540,Life,Critical Illness,North East,Broker,2023-04-25,2023-05-06,11,90401.33,4,3,True,Pending,0
CLM501196,PH100731,Life,Death Benefit,Yorkshire,Branch,2023-06-15,2023-06-24,9,23316.39,7,0,False,Approved,0
CLM501197,PH100237,Home,Fire,Northern Ireland,Online,2024-11-19,2024-11-23,4,8620.72,2,2,False,Pending,0
CLM501198,PH101160,Health,Outpatient,Wales,Branch,2023-02-12,2023-02-21,9,2217.08,6,1,True,Approved,0
CLM501199,PH101099,Home,Storm,Scotland,Broker,2023-07-20,2023-07-28,8,848.55,2,2,True,Pending,0
CLM501200,PH100348,Auto,Fire,South East,Call Center,2024-08-30,2024-09-10,11,2177.03,2,1,False,Under Review,0
CLM501201,PH101097,Commercial,Business Interruption,South East,Online,2024-08-04,2024-08-18,14,21437.92,6,2,True,Pending,0
CLM501202,PH100327,Life,Critical Illness,North West,Call Center,2023-10-04,2023-10-31,27,7545.03,0,3,True,Pending,0
CLM501203,PH100524,Life,Death Benefit,North West,Mobile App,2023-06-24,2023-07-14,20,11131.22,1,3,True,Approved,0
CLM501204,PH100166,Travel,Lost Luggage,North East,Online,2024-08-27,2024-09-06,10,353.18,5,3,True,Under Review,0
CLM501205,PH100217,Auto,Third Party,Wales,Online,2023-08-10,2023-08-13,3,1590.81,7,2,True,Approved,0
CLM501206,PH100361,Auto,Fire,North East,Online,2023-03-19,2023-04-05,17,6962.28,2,2,False,Approved,0
CLM501207,PH100694,Life,Death Benefit,Scotland,Broker,2024-04-16,2024-05-08,22,18788.23,6,1,True,Approved,0
CLM501208,PH101491,Home,Fire,South East,Branch,2023-09-17,2023-09-24,7,15345.34,4,1,False,Approved,0
CLM501209,PH100605,Home,Storm,South East,Broker,2023-01-06,2023-01-15,9,15422.44,3,3,True,Approved,0
CLM501210,PH100832,Auto,Third Party,Yorkshire,Broker,2023-10-05,2023-10-20,15,4052.36,3,0,False,Approved,0
CLM501211,PH100894,Commercial,Property Damage,South West,Online,2024-09-22,2024-09-27,5,19065.96,6,3,True,Rejected,0
CLM501212,PH100755,Health,Outpatient,Scotland,Branch,2023-06-10,2023-06-26,16,1379.58,2,1,True,Rejected,0
CLM501213,PH100211,Home,Burglary,North West,Online,2023-10-20,2023-11-13,24,8160.78,2,3,True,Approved,0
CLM501214,PH100509,Commercial,Liability,Scotland,Broker,2024-11-30,2024-12-19,19,41421.18,3,3,True,Approved,0
CLM501215,PH101276,Life,Death Benefit,London,Broker,2024-01-05,2024-01-17,12,33539.08,1,1,False,Pending,0
CLM501216,PH101171,Travel,Cancellation,North West,Branch,2024-08-09,2024-09-05,27,2672.97,6,3,False,Approved,0
CLM501217,PH101022,Commercial,Property Damage,Midlands,Mobile App,2024-06-23,2024-07-12,19,55231.3,7,0,True,Pending,0
CLM501218,PH101358,Travel,Lost Luggage,South West,Online,2024-07-04,2024-07-08,4,1054.14,4,2,True,Rejected,0
CLM501219,PH100448,Health,Optical,South West,Broker,2024-02-05,2024-02-07,2,6816.49,3,2,True,Pending,0
CLM501220,PH100237,Commercial,Property Damage,Northern Ireland,Mobile App,2023-04-24,2023-05-21,27,34664.23,1,3,False,Approved,0
CLM501221,PH100686,Commercial,Property Damage,South East,Mobile App,2024-10-19,2024-10-23,4,29935.48,4,2,False,Approved,0
CLM501222,PH101451,Commercial,Property Damage,North West,Mobile App,2024-06-15,2024-06-19,4,38781.4,7,0,False,Approved,0
CLM501223,PH100910,Travel,Delay,North West,Mobile App,2023-03-05,2023-03-21,16,681.33,6,2,True,Rejected,0
CLM501224,PH100543,Health,Dental,North East,Mobile App,2023-08-21,2023-09-08,18,3799.21,5,1,False,Approved,0
CLM501225,PH100287,Health,Optical,North West,Branch,2024-11-03,2024-11-11,8,1960.88,4,3,True,Approved,0
CLM501226,PH100549,Travel,Delay,South West,Call Center,2023-01-08,2023-01-10,2,3453.36,2,0,True,Rejected,1
CLM501227,PH100615,Auto,Windscreen,Wales,Branch,2024-02-11,2024-02-11,0,8690.52,7,3,True,Under Review,0
CLM501228,PH100003,Life,Death Benefit,Northern Ireland,Call Center,2023-12-31,2024-01-06,6,18043.67,0,3,False,Rejected,0
CLM501229,PH100931,Home,Accidental Damage,London,Broker,2024-11-19,2024-12-13,24,9672.48,7,0,False,Under Review,0
CLM501230,PH100605,Commercial,Business Interruption,South East,Branch,2024-11-25,2024-12-08,13,18832.09,1,0,True,Pending,0
CLM501231,PH101046,Commercial,Liability,Wales,Broker,2023-05-29,2023-06-09,11,7247.15,7,1,False,Approved,0
CLM501232,PH100897,Health,Outpatient,London,Branch,2024-07-23,2024-07-25,2,2319.37,4,3,True,Under Review,0
CLM501233,PH100985,Travel,Medical,Scotland,Mobile App,2023-06-10,2023-07-09,29,852.24,3,2,True,Approved,0
CLM501234,PH100052,Home,Accidental Damage,North East,Online,2023-07-29,2023-08-16,18,4135.55,5,2,True,Rejected,0
CLM501235,PH100794,Commercial,Business Interruption,Yorkshire,Branch,2024-06-19,2024-07-08,19,25725.3,2,3,True,Approved,0
CLM501236,PH101449,Health,Hospitalisation,Yorkshire,Broker,2024-09-07,2024-09-08,1,773.21,0,2,True,Approved,0
CLM501237,PH101243,Commercial,Property Damage,London,Broker,2023-04-16,2023-04-27,11,29551.23,2,2,False,Approved,0
CLM501238,PH100016,Commercial,Business Interruption,Midlands,Mobile App,2024-03-08,2024-03-25,17,23869.03,0,2,True,Under Review,0
CLM501239,PH101164,Travel,Delay,North East,Online,2024-11-12,2024-11-16,4,526.36,7,1,False,Approved,0
CLM501240,PH100388,Auto,Fire,North West,Mobile App,2024-09-19,2024-10-08,19,4744.89,2,2,True,Under Review,0
CLM501241,PH100183,Travel,Medical,London,Mobile App,2023-03-01,2023-03-15,14,2157.33,4,3,True,Approved,0
CLM501242,PH101061,Commercial,Liability,London,Mobile App,2024-12-13,2024-12-23,10,11501.56,0,2,True,Rejected,0
CLM501243,PH100632,Travel,Delay,London,Call Center,2024-05-22,2024-05-25,3,143.78,1,1,True,Pending,0
CLM501244,PH100188,Life,Critical Illness,London,Mobile App,2024-07-28,2024-08-06,9,68803.47,5,0,True,Approved,0
CLM501245,PH101045,Auto,Collision,London,Call Center,2024-12-29,2025-01-15,17,4196.49,6,2,True,Pending,0
CLM501246,PH100620,Home,Accidental Damage,Northern Ireland,Mobile App,2024-12-23,2024-12-29,6,5098.44,3,1,True,Approved,0
CLM501247,PH100187,Home,Storm,Wales,Broker,2023-04-04,2023-04-30,26,9827.88,0,3,True,Pending,0
CLM501248,PH100220,Commercial,Property Damage,South West,Mobile App,2023-03-28,2023-03-31,3,1829.29,1,3,False,Rejected,0
CLM501249,PH100505,Travel,Lost Luggage,Yorkshire,Broker,2023-01-22,2023-02-18,27,456.99,0,1,True,Approved,0
CLM501250,PH101123,Travel,Medical,North West,Call Center,2024-09-19,2024-10-08,19,810.1,4,1,False,Rejected,0
CLM501251,PH100378,Commercial,Property Damage,Yorkshire,Online,2024-09-24,2024-10-22,28,12763.25,2,2,True,Approved,0
CLM501252,PH100212,Auto,Windscreen,Scotland,Call Center,2024-09-09,2024-09-10,1,4943.54,3,2,False,Pending,0
CLM501253,PH101012,Life,Death Benefit,South West,Mobile App,2023-10-16,2023-11-09,24,18230.91,2,3,False,Approved,0
CLM501254,PH101148,Health,Optical,Yorkshire,Branch,2023-06-25,2023-07-24,29,1898.35,1,0,True,Approved,0
CLM501255,PH101365,Travel,Delay,Yorkshire,Call Center,2024-09-02,2024-09-22,20,1029.49,6,2,False,Approved,0
CLM501256,PH100941,Health,Optical,Scotland,Branch,2024-12-24,2025-01-09,16,3101.61,4,1,True,Rejected,0
CLM501257,PH100063,Home,Storm,South East,Branch,2024-01-20,2024-02-13,24,9413.44,7,2,False,Rejected,0
CLM501258,PH101418,Home,Burglary,North East,Online,2024-06-15,2024-07-02,17,-2380.35,2,0,True,Under Review,0
CLM501259,PH100920,Travel,Delay,Northern Ireland,Mobile App,2023-07-06,2023-08-04,29,1042.14,4,0,True,Under Review,0
CLM501260,PH100097,Life,Critical Illness,Scotland,Online,2024-06-25,2024-06-25,0,147043.04,4,2,False,Under Review,1
CLM501261,PH101111,Auto,Windscreen,Wales,Mobile App,2024-09-04,2024-09-24,20,2879.79,0,3,False,Under Review,0
CLM501262,PH100127,Travel,Cancellation,Northern Ireland,Mobile App,2024-04-30,2024-05-02,2,1511.01,7,0,True,Approved,0
CLM501263,PH100218,Health,Hospitalisation,Northern Ireland,Online,2023-06-13,2023-07-12,29,5923.82,2,1,True,Pending,0
CLM501264,PH100663,Travel,Medical,Northern Ireland,Call Center,2024-07-29,2024-08-07,9,567.01,5,3,False,Approved,0
CLM501265,PH100911,Life,Death Benefit,Northern Ireland,Online,2024-10-30,2024-11-25,26,58122.53,4,2,False,Approved,0
CLM501266,PH101360,Commercial,Property Damage,London,Online,2024-02-13,2024-03-07,23,24734.45,3,2,False,Approved,0
CLM501267,PH101182,Auto,Theft,  SOUTH EAST ,Branch,2023-08-27,2023-09-07,11,4086.38,4,2,True,Approved,0
CLM501268,PH100754,Auto,Collision,London,Mobile App,2024-03-21,2024-04-16,26,835.81,5,3,True,Approved,0
CLM501269,PH100237,Life,Critical Illness,Northern Ireland,Mobile App,2023-12-08,2023-12-28,20,66731.23,4,2,False,Approved,0
CLM501270,PH100891,Travel,Cancellation,Northern Ireland,Call Center,2023-08-20,2023-09-02,13,1523.81,1,0,False,Pending,0
CLM501271,PH100113,Home,Burglary,Northern Ireland,Branch,2024-09-02,2024-09-22,20,8403.75,6,2,True,Approved,0
CLM501272,PH100063,Auto,Fire,South East,Call Center,2024-12-26,2025-01-11,16,9528.99,5,3,True,Approved,0
CLM501273,PH100231,Auto,Third Party,North West,Online,2023-12-19,2023-12-19,0,17537.54,3,1,False,Rejected,1
CLM501274,PH100691,Home,Flood,South West,Broker,2024-09-20,2024-10-09,19,3661.35,6,2,False,Pending,0
CLM501275,PH101402,Health,Outpatient,Scotland,Branch,2023-03-18,2023-04-09,22,262.14,6,1,False,Under Review,0
CLM501276,PH100127,Home,Burglary,Northern Ireland,Mobile App,2024-04-29,2024-05-23,24,9005.98,3,2,True,Approved,0
CLM501277,PH101457,Travel,Lost Luggage,London,Broker,2023-11-26,2023-11-27,1,5236.34,7,0,False,Pending,1
CLM501278,PH100464,Commercial,Business Interruption,Scotland,Call Center,2023-05-16,2023-06-14,29,13069.74,6,1,False,Approved,0
CLM501279,PH101304,Home,Burglary,South West,Broker,2024-06-11,2024-07-07,26,8490.71,6,3,True,Approved,0
CLM501280,PH100532,Life,Critical Illness,London,Online,2023-06-08,2023-06-16,8,-14746.99,6,2,True,Pending,0
CLM501281,PH100847,Life,Death Benefit,Scotland,Mobile App,2024-03-26,2024-04-13,18,31672.92,6,1,True,Pending,0
CLM501282,PH100639,Commercial,Business Interruption,South West,Mobile App,2024-10-15,2024-11-03,19,23851.52,4,3,True,Under Review,0
CLM501283,PH101396,Commercial,Property Damage,North West,Broker,2023-01-25,2023-01-29,4,21411.51,5,0,False,Approved,0
CLM501284,PH101173,Auto,Fire,Scotland,Call Center,2023-12-27,2024-01-23,27,7173.78,0,1,False,Approved,0
CLM501285,PH101499,Auto,Theft,Scotland,Broker,2024-07-13,2024-08-07,25,1417.52,5,2,False,Rejected,0
CLM501286,PH100762,Auto,Collision,Midlands,Broker,2023-10-31,2023-11-12,12,3012.58,1,3,False,Pending,0
CLM501287,PH101468,Commercial,Property Damage,Yorkshire,Mobile App,2023-10-30,2023-11-04,5,3913.71,2,0,True,Rejected,0
CLM501288,PH100962,Home,Flood,South West,Branch,2023-02-20,2023-02-27,7,16933.87,2,0,False,Approved,0
CLM501289,PH100721,Home,Storm,Midlands,Broker,2024-09-27,2024-09-27,0,7993.12,7,3,False,Rejected,1
CLM501290,PH100066,Travel,Medical,Yorkshire,Branch,2024-08-11,2024-09-05,25,3761.22,0,0,True,Approved,0
CLM501291,PH101340,Life,Critical Illness,London,Branch,2024-03-08,2024-03-19,11,61261.4,4,3,True,Approved,0
CLM501292,PH100790,Health,Hospitalisation,South East,Branch,2024-04-11,2024-04-12,1,1097.49,1,3,True,Approved,0
CLM501293,PH100660,Health,Hospitalisation,Midlands,Broker,2024-08-13,2024-08-21,8,7023.3,6,3,True,Rejected,0
CLM501294,PH100922,Life,Death Benefit,Wales,Mobile App,2023-05-06,2023-05-15,9,8008.24,1,2,True,Approved,0
CLM501295,PH100190,Life,Death Benefit,London,Broker,2024-02-27,2024-03-26,28,25605.06,6,0,True,Approved,0
CLM501296,PH100627,Home,Accidental Damage,North West,Online,2023-07-14,2023-07-14,0,2643.3,6,0,False,Approved,0
CLM501297,PH100159,Health,Dental,Yorkshire,Mobile App,2024-02-15,2024-02-28,13,4661.44,7,2,False,Approved,0
CLM501298,PH100257,Commercial,Property Damage,South East,Online,2024-10-04,2024-10-05,1,14071.34,4,3,True,Pending,0
CLM501299,PH100603,Commercial,Property Damage,South West,Branch,2023-08-13,2023-08-16,3,24338.66,3,2,True,Rejected,0
CLM501300,PH100388,Auto,Third Party,North West,Branch,2024-05-10,2024-06-02,23,2072.69,1,2,True,Pending,0
CLM501301,PH100700,Commercial,Business Interruption,South East,Broker,2023-01-04,2023-01-24,20,46280.88,3,2,True,Pending,0
CLM501302,PH100686,Health,Outpatient,South East,Broker,2024-03-21,2024-04-17,27,5148.27,0,3,False,Approved,0
CLM501303,PH100087,Auto,Theft,South East,Online,2024-07-28,2024-08-02,5,6655.47,6,1,True,Approved,0
CLM501304,PH100019,Health,Optical,North East,Branch,2023-03-20,2023-04-02,13,2737.11,2,0,True,Pending,0
CLM501305,PH100553,Life,Death Benefit,North East,Mobile App,2023-11-01,2023-11-05,4,67072.92,0,1,False,Under Review,0
CLM501306,PH100805,Commercial,Business Interruption,Yorkshire,Broker,2023-05-29,2023-06-20,22,16646.95,5,3,True,Approved,0
CLM501307,PH101261,Health,Dental,North West,Online,2023-11-21,2023-12-09,18,917.98,0,1,True,Pending,0
CLM501308,PH101393,Life,Critical Illness,London,Branch,2024-10-10,2024-10-24,14,155384.95,6,0,True,Under Review,0
CLM501309,PH100220,Travel,Medical,South West,Online,2024-06-24,2024-07-19,25,528.62,2,0,False,Approved,0
CLM501310,PH100453,Travel,Medical,Scotland,Online,2024-04-16,2024-04-28,12,1606.62,3,0,False,Approved,0
CLM501311,PH100456,Home,Storm,North East,Broker,2023-08-08,2023-09-02,25,5690.6,0,3,False,Approved,0
CLM501312,PH101282,Commercial,Business Interruption,South East,Call Center,2023-10-09,2023-10-16,7,8984.02,3,1,False,Rejected,0
CLM501313,PH100881,Commercial,Property Damage,North West,Call Center,2023-05-11,2023-05-11,0,9259.49,6,2,False,Approved,0
CLM501314,PH100587,Life,Death Benefit,South West,Branch,2023-02-25,2023-03-14,17,87497.64,7,2,True,Approved,0
CLM501315,PH100507,Commercial,Business Interruption,Yorkshire,Branch,2024-01-17,2024-02-02,16,6680.33,6,0,False,Under Review,0
CLM501316,PH101203,Commercial,Business Interruption,South East,Mobile App,2024-05-15,2024-05-31,16,36318.88,1,0,False,Approved,0
CLM501317,PH100968,Commercial,Business Interruption,Midlands,Call Center,2024-11-08,2024-11-08,0,30496.59,3,2,False,Rejected,1
CLM501318,PH101016,Life,Critical Illness,North West,Online,2024-04-02,2024-05-01,29,2024.56,5,1,False,Pending,0
CLM501319,PH101253,Auto,Theft,Scotland,Call Center,2024-07-15,2024-07-19,4,4542.61,5,3,True,Approved,0
CLM501320,PH100250,Commercial,Business Interruption,Scotland,Call Center,2024-06-03,2024-06-09,6,10430.71,3,2,True,Approved,0
CLM501321,PH101030,Health,Hospitalisation,Midlands,Mobile App,2024-04-20,2024-05-17,27,7847.1,6,1,False,Approved,0
CLM501322,PH100917,Commercial,Property Damage,Yorkshire,Broker,2023-01-25,2023-02-14,20,13560.53,2,1,True,Approved,0
CLM501323,PH100327,Auto,Theft,North West,Branch,2024-08-06,2024-08-27,21,2335.73,0,1,False,Approved,0
CLM501324,PH101042,Auto,Windscreen,North East,Branch,2024-08-03,2024-08-23,20,2157.27,0,3,True,Approved,0
CLM501325,PH100936,Travel,Lost Luggage,Midlands,Mobile App,2024-11-20,2024-11-20,0,3603.81,7,1,True,Rejected,1
CLM501326,PH101420,Home,Accidental Damage,North East,Branch,2024-08-02,2024-08-25,23,18786.1,2,0,True,Approved,0
CLM501327,PH100943,Life,Death Benefit,Northern Ireland,Broker,2023-09-14,2023-09-29,15,24521.97,1,0,True,Approved,0
CLM501328,PH100975,Home,Storm,South West,Mobile App,2023-12-20,2024-01-14,25,4806.26,0,3,True,Under Review,0
CLM501329,PH100402,Auto,Windscreen,South East,Mobile App,2024-05-02,2024-05-25,23,6466.43,4,2,True,Under Review,0
CLM501330,PH100695,Commercial,Business Interruption,South West,Call Center,2023-07-30,2023-08-08,9,16196.9,2,2,False,Approved,0
CLM501331,PH100889,Commercial,Business Interruption,Yorkshire,Mobile App,2023-07-21,2023-07-23,2,18582.59,2,2,True,Rejected,0
CLM501332,PH101170,Commercial,Business Interruption,Scotland,Online,2024-05-18,2024-06-09,22,9222.15,6,3,True,Approved,0
CLM501333,PH100931,Home,Burglary,London,Call Center,2024-02-01,2024-02-01,0,5380.71,4,1,True,Approved,0
CLM501334,PH100970,Commercial,Property Damage,Wales,Mobile App,2024-06-30,2024-07-22,22,17176.86,1,1,False,Pending,0
CLM501335,PH100982,Home,Burglary,South West,Online,2024-03-24,2024-04-13,20,4177.2,4,0,True,Pending,0
CLM501336,PH100426,Commercial,Business Interruption,Wales,Branch,2023-02-13,2023-03-13,28,8643.86,6,1,True,Approved,0
CLM501337,PH100872,Home,Storm,Yorkshire,Branch,2023-12-26,2024-01-16,21,11860.11,1,3,True,Approved,0
CLM501338,PH100254,Home,Accidental Damage,North West,Broker,2023-12-19,2023-12-19,0,7345.14,2,3,True,Approved,0
CLM501339,PH100040,Commercial,Liability,Scotland,Mobile App,2024-12-15,2025-01-02,18,39782.89,7,0,False,Approved,0
CLM501340,PH101191,Travel,Delay,Scotland,Online,2023-08-02,2023-08-26,24,2417.79,1,1,True,Approved,0
CLM501341,PH101404,Commercial,Business Interruption,North West,Branch,2024-01-23,2024-02-13,21,6023.91,4,2,True,Under Review,0
CLM501342,PH100282,Life,Death Benefit,Northern Ireland,Broker,2024-05-25,2024-05-31,6,32289.46,6,0,True,Approved,0
CLM501343,PH100333,Travel,Medical,Yorkshire,Call Center,2023-08-10,2023-08-27,17,1070.43,6,1,True,Approved,0
CLM501344,PH101104,Life,Critical Illness,London,Mobile App,2023-08-26,2023-08-28,2,59394.54,5,1,True,Rejected,0
CLM501345,PH100490,Commercial,Business Interruption,South East,Mobile App,2023-08-15,2023-09-01,17,15579.06,2,1,True,Pending,0
CLM501346,PH101024,Home,Fire,Wales,Branch,2024-02-16,2024-02-22,6,6324.08,7,0,False,Approved,0
CLM501347,PH100313,Life,Critical Illness,North West,Branch,2023-03-12,2023-03-24,12,34789.19,3,2,True,Approved,0
CLM501348,PH100420,Life,Critical Illness,Midlands,Mobile App,2024-08-02,2024-08-14,12,9330.06,0,3,True,Approved,0
CLM501349,PH101004,Commercial,Business Interruption,Yorkshire,Online,2023-01-16,2023-02-05,20,11527.02,7,2,True,Pending,0
CLM501350,PH100850,Travel,Medical,North East,Mobile App,2024-04-28,2024-05-07,9,403.19,5,3,True,Approved,0
CLM501351,PH101429,Home,Burglary,Northern Ireland,Branch,2023-06-21,2023-07-17,26,9033.8,6,2,True,Approved,0
CLM501352,PH100870,Health,Hospitalisation,London,Branch,2023-07-13,2023-07-20,7,212.89,6,1,False,Approved,0
CLM501353,PH100322,Auto,Fire,North East,Branch,2024-03-07,2024-03-15,8,4849.89,3,2,True,Approved,0
CLM501354,PH101030,Life,Critical Illness,Midlands,Branch,2023-08-29,2023-09-02,4,21220.34,7,0,False,Pending,0
CLM501355,PH101194,Health,Hospitalisation,Midlands,Branch,2023-05-02,2023-05-11,9,,0,1,True,Rejected,0
CLM501356,PH100300,Home,Flood,South West,Branch,2023-10-29,2023-11-19,21,6010.91,0,0,True,Pending,0
CLM501357,PH101186,Commercial,Business Interruption,North West,Branch,2023-12-13,2023-12-23,10,8132.61,4,3,True,Under Review,0
CLM501358,PH100923,Commercial,Business Interruption,Wales,Broker,2024-11-05,2024-11-15,10,16764.54,4,1,True,Approved,0
CLM501359,PH101385,Home,Burglary,North East,Call Center,2024-07-01,2024-07-29,28,6563.91,6,2,True,Approved,0
CLM501360,PH100536,Health,Dental,London,Online,2023-05-22,2023-06-15,24,3331.69,0,0,True,Under Review,0
CLM501361,PH100064,Home,Flood,North East,Branch,2024-03-08,2024-04-03,26,7777.51,4,0,False,Approved,0
CLM501362,PH100478,Health,Hospitalisation,Wales,Mobile App,2023-01-25,2023-02-11,17,7030.25,1,2,True,Approved,0
CLM501363,PH101238,Auto,Third Party,North East,Online,2024-06-25,2024-06-26,1,4276.68,7,0,True,Approved,0
CLM501364,PH100447,Auto,Third Party,Midlands,Online,2024-10-02,2024-10-19,17,658.23,7,0,True,Approved,0
CLM501365,PH101494,Commercial,Business Interruption,Scotland,Mobile App,2024-01-21,2024-01-30,9,33237.28,0,3,True,Rejected,0
CLM501366,PH101497,Life,Death Benefit,Scotland,Broker,2023-10-20,2023-10-26,6,21806.8,6,2,True,Approved,0
CLM501367,PH100934,Auto,Collision,South East,Online,2023-02-04,2023-02-27,23,1947.39,4,0,False,Approved,0
CLM501368,PH101430,Auto,Collision,Northern Ireland,Call Center,2024-03-07,2024-03-22,15,4037.12,0,3,True,Approved,0
CLM501369,PH101399,Health,Dental,South West,Broker,2024-07-04,2024-07-10,6,1597.97,4,3,False,Approved,0
CLM501370,PH101121,Life,Critical Illness,Northern Ireland,Broker,2024-12-22,2025-01-11,20,74816.24,4,1,True,Under Review,0
CLM501371,PH100373,Life,Critical Illness,Midlands,Mobile App,2024-01-10,2024-01-11,1,193565.19,6,2,False,Pending,1
CLM501372,PH100532,Auto,Third Party,London,Broker,2023-07-03,2023-07-18,15,3956.76,4,3,True,Approved,0
CLM501373,PH100084,Travel,Medical,Scotland,Branch,2023-12-03,2023-12-08,5,3600.81,0,2,True,Pending,0
CLM501374,PH100828,Home,Fire,South West,Broker,2023-04-11,2023-05-02,21,3935.91,5,2,True,Approved,0
CLM501375,PH101181,Auto,Third Party,Scotland,Online,2023-09-13,2023-10-01,18,4350.18,7,0,True,Rejected,0
CLM501376,PH101286,Health,Optical,North East,Branch,2023-06-24,2023-07-10,16,609.49,1,2,True,Approved,0
CLM501377,PH101380,Travel,Medical,Northern Ireland,Online,2024-07-01,2024-07-27,26,2733.04,1,1,True,Under Review,0
CLM501378,PH100893,Life,Death Benefit,North West,Call Center,2023-01-28,2023-02-19,22,107630.12,4,2,True,Approved,0
CLM501379,PH100514,Auto,Windscreen,North West,Online,2024-10-05,2024-10-07,2,3910.5,1,1,True,Approved,0
CLM501380,PH100716,Health,Outpatient,Scotland,Call Center,2023-09-10,2023-09-10,0,9407.45,6,3,False,Approved,1
CLM501381,PH100927,Travel,Delay,South East,Branch,2024-01-26,2024-02-01,6,1991.07,6,2,False,Rejected,0
CLM501382,PH101159,Auto,Windscreen,London,Online,2023-10-31,2023-11-23,23,2612.58,5,1,True,Under Review,0
CLM501383,PH100365,Home,Accidental Damage,North East,Mobile App,2023-04-07,2023-04-07,0,12748.79,3,2,False,Approved,1
CLM501384,PH100554,Travel,Cancellation,Wales,Online,2023-10-26,2023-10-28,2,4239.28,7,0,True,Rejected,1
CLM501385,PH101460,Commercial,Liability,South East,Mobile App,2024-03-22,2024-04-13,22,16751.41,7,1,True,Approved,0
CLM501386,PH100929,Health,Optical,North East,Mobile App,2024-07-05,2024-07-23,18,1861.88,0,0,True,Rejected,0
CLM501387,PH101464,Home,Flood,Wales,Mobile App,2024-04-20,2024-05-11,21,8174.26,4,0,False,Approved,0
CLM501388,PH100149,Auto,Windscreen,South East,Mobile App,2023-04-07,2023-05-02,25,15264.33,6,1,True,Under Review,0
CLM501389,PH100350,Travel,Lost Luggage,South East,Branch,2023-07-04,2023-07-20,16,5832.99,1,3,False,Rejected,0
CLM501390,PH101256,Life,Death Benefit,Scotland,Mobile App,2024-04-08,2024-04-24,16,3801.6,4,3,True,Pending,0
CLM501391,PH100914,Travel,Cancellation,North East,Online,2023-09-13,2023-09-23,10,1894.61,0,0,True,Pending,0
CLM501392,PH100745,Travel,Medical,Northern Ireland,Call Center,2023-07-16,2023-08-06,21,846.7,2,1,True,Approved,0
CLM501393,PH101490,Health,Dental,South East,Mobile App,2023-12-25,2024-01-19,25,3212.85,3,2,True,Pending,0
CLM501394,PH101437,Commercial,Business Interruption,Northern Ireland,Online,2023-05-18,2023-05-20,2,41984.31,7,0,True,Approved,0
CLM501395,PH100592,Home,Fire,Northern Ireland,Online,2024-06-08,2024-06-08,0,16585.01,7,2,False,Approved,0
CLM501396,PH100720,Auto,Third Party,South West,Mobile App,2024-10-21,2024-11-01,11,1831.65,5,0,True,Approved,0
CLM501397,PH101075,Home,Accidental Damage,London,Mobile App,2024-02-02,2024-03-02,29,2523.57,5,2,True,Pending,0
CLM501398,PH101238,Health,Hospitalisation,North East,Mobile App,2024-06-18,2024-06-27,9,3003.93,7,1,True,Approved,0
CLM501399,PH101165,Home,Fire,South West,Call Center,2023-11-29,2023-11-30,1,26011.65,3,2,False,Rejected,1
CLM501400,PH101434,Commercial,Property Damage,Midlands,Mobile App,2024-06-08,2024-07-01,23,7584.57,0,0,False,Rejected,0
CLM501401,PH100290,Auto,Collision,Wales,Call Center,2024-10-02,2024-10-25,23,6153.97,2,0,False,Approved,0
CLM501402,PH100080,Home,Storm,Wales,Mobile App,2023-08-17,2023-08-22,5,3737.46,4,3,False,Approved,0
CLM501403,PH101366,Life,Death Benefit,South East,Mobile App,2023-03-07,2023-03-14,7,13268.56,6,3,True,Approved,0
CLM501404,PH100244,Auto,Windscreen,North East,Branch,2023-12-16,2023-12-17,1,6369.08,7,3,False,Pending,1
CLM501405,PH101448,Health,Optical,Midlands,Mobile App,2023-06-25,2023-06-25,0,1988.03,3,1,True,Approved,0
CLM501406,PH101236,Home,Storm,Northern Ireland,Mobile App,2024-10-06,2024-10-09,3,12785.42,2,3,True,Rejected,0
CLM501407,PH100512,Auto,Third Party,South East,Online,2023-02-25,2023-02-26,1,1832.48,3,2,False,Approved,0
CLM501408,PH100477,Auto,Fire,Midlands,Online,2023-01-28,2023-02-01,4,3359.57,3,3,True,Approved,0
CLM501409,PH101414,Commercial,Liability,Wales,Online,2023-08-25,2023-09-18,24,29604.42,1,0,True,Approved,0
CLM501410,PH101348,Health,Dental,North East,Branch,2023-09-04,2023-09-29,25,4409.07,6,1,True,Rejected,0
CLM501411,PH100570,Home,Storm,North East,Branch,2023-03-16,2023-04-12,27,3921.96,4,1,True,Pending,0
CLM501412,PH100228,Commercial,Property Damage,North East,Call Center,2023-07-01,2023-07-07,6,6154.47,0,1,False,Approved,0
CLM501413,PH100370,Home,Fire,Northern Ireland,Branch,2023-05-31,2023-06-12,12,3930.73,7,0,True,Pending,0
CLM501414,PH100976,Health,Hospitalisation,South West,Call Center,2024-04-03,2024-05-02,29,8165.5,2,1,True,Pending,0
CLM501415,PH100838,Home,Flood,Northern Ireland,Mobile App,2023-03-04,2023-03-25,21,4855.94,3,0,True,Approved,0
CLM501416,PH100939,Auto,Fire,Midlands,Online,2024-12-24,2024-12-30,6,1119.97,5,2,True,Approved,0
CLM501417,PH100393,Commercial,Business Interruption,South East,Call Center,2024-11-23,2024-11-29,6,37408.48,7,1,True,Approved,0
CLM501418,PH100897,Commercial,Property Damage,London,Call Center,2024-01-19,2024-02-01,13,50370.43,5,3,True,Approved,0
CLM501419,PH100340,Life,Death Benefit,Midlands,Mobile App,2024-12-20,2025-01-04,15,23179.06,5,1,False,Approved,0
CLM501420,PH100659,Home,Burglary,Wales,Call Center,2024-09-24,2024-10-14,20,7917.84,5,2,False,Under Review,0
CLM501421,PH100271,Home,Accidental Damage,Wales,Branch,2024-07-11,2024-07-29,18,4554.78,3,1,True,Under Review,0
CLM501422,PH101246,Life,Death Benefit,North West,Call Center,2023-08-05,2023-08-14,9,152822.95,4,0,True,Approved,0
CLM501423,PH101441,Life,Death Benefit,Scotland,Online,2024-10-26,2024-11-08,13,80588.76,2,2,False,Under Review,0
CLM501424,PH101158,Home,Fire,South East,Online,2024-11-11,2024-12-09,28,19236.78,7,2,True,Pending,0
CLM501425,PH101150,Life,Critical Illness,Scotland,Branch,2024-05-27,2024-06-06,10,13572.18,7,0,True,Approved,0
CLM501426,PH101244,Health,Hospitalisation,Scotland,Online,2023-04-06,2023-04-08,2,4631.51,6,1,True,Approved,1
CLM501427,PH100995,Auto,Fire,Scotland,Call Center,2023-06-02,2023-06-11,9,1874.82,2,1,True,Approved,0
CLM501428,PH100220,Travel,Cancellation,South West,Branch,2023-07-31,2023-08-27,27,334.51,4,1,True,Under Review,0
CLM501429,PH100812,Auto,Windscreen,South West,Online,2023-10-22,2023-10-24,2,558.27,3,2,True,Approved,0
CLM501430,PH101065,Auto,Collision,Scotland,Broker,2024-05-23,2024-05-28,5,4208.85,3,3,True,Pending,0
CLM501431,PH101194,Health,Hospitalisation,Midlands,Online,2023-05-30,2023-06-15,16,1766.11,3,0,True,Under Review,0
CLM501432,PH100273,Travel,Delay,Wales,Broker,2024-08-01,2024-08-22,21,875.27,4,3,True,Approved,0
CLM501433,PH101015,Home,Storm,South East,Branch,2023-10-26,2023-11-03,8,15085.89,7,2,True,Under Review,0
CLM501434,PH101435,Home,Storm,Northern Ireland,Branch,2024-12-27,2024-12-27,0,2072.84,5,0,True,Approved,0
CLM501435,PH100785,Auto,Fire,Midlands,Online,2023-10-03,2023-10-22,19,5654.94,2,3,False,Under Review,0
CLM501436,PH100989,Home,Flood,Wales,Branch,2023-06-29,2023-07-13,14,5043.31,5,3,True,Rejected,0
CLM501437,PH101369,Commercial,Business Interruption,Midlands,Mobile App,2024-08-01,2024-08-07,6,30326.53,0,2,True,Pending,0
CLM501438,PH100050,Home,Flood,Yorkshire,Branch,2024-11-12,2024-12-08,26,1569.29,2,0,True,Approved,0
CLM501439,PH100963,Life,Critical Illness,Scotland,Mobile App,2024-11-23,2024-12-21,28,20839.99,4,1,True,Pending,0
CLM501440,PH100485,Travel,Cancellation,London,Broker,2023-07-05,2023-07-22,17,568.41,4,2,True,Approved,0
CLM501441,PH100448,Travel,Lost Luggage,South West,Call Center,2024-11-25,2024-12-16,21,1344.71,4,0,True,Approved,0
CLM501442,PH100751,Life,Critical Illness,North East,Broker,2024-04-28,2024-05-15,17,26824.74,2,2,True,Approved,0
CLM501443,PH100299,Life,Critical Illness,Yorkshire,Online,2023-11-13,2023-11-28,15,75179.85,7,0,False,Under Review,0
CLM501444,PH100971,Home,Fire,Northern Ireland,Broker,2023-11-07,2023-11-20,13,25284.02,7,3,True,Approved,0
CLM501445,PH101021,Commercial,Property Damage,London,Online,2024-09-26,2024-09-28,2,64909.79,0,3,False,Under Review,1
CLM501446,PH100259,Life,Death Benefit,Wales,Online,2024-05-16,2024-06-03,18,58567.69,0,1,True,Pending,0
CLM501447,PH101209,Travel,Delay,South West,Online,2024-12-29,2025-01-06,8,828.25,5,3,False,Approved,0
CLM501448,PH101226,Travel,Delay,Wales,Online,2023-05-02,2023-05-10,8,1457.84,1,3,True,Approved,0
CLM501449,PH101404,Auto,Collision,North West,Call Center,2024-08-15,2024-08-29,14,4606.69,5,3,True,Rejected,0
CLM501450,PH100694,Home,Flood,Scotland,Broker,2024-12-21,2025-01-09,19,7501.77,3,3,False,Approved,0
CLM501451,PH100238,Home,Burglary,Yorkshire,Branch,2024-10-15,2024-10-28,13,14045.0,3,3,True,Under Review,0
CLM501452,PH101139,Travel,Medical,Midlands,Broker,2023-10-06,2023-10-28,22,1501.96,7,1,False,Under Review,0
CLM501453,PH100123,Travel,Lost Luggage,South West,Online,2024-06-09,2024-07-03,24,641.28,5,3,True,Approved,0
CLM501454,PH100914,Auto,Windscreen,North East,Branch,2023-03-15,2023-03-17,2,2905.97,2,1,False,Rejected,0
CLM501455,PH101397,Commercial,Business Interruption,North West,Online,2023-04-08,2023-04-23,15,49984.1,0,2,True,Approved,0
CLM501456,PH101013,Auto,Collision,Wales,Broker,2023-09-17,2023-10-11,24,2436.89,7,0,True,Approved,0
CLM501457,PH100030,Travel,Medical,North East,Online,2023-11-05,2023-11-27,22,104.7,2,3,True,Approved,0
CLM501458,PH101384,Commercial,Liability,Scotland,Mobile App,2024-03-31,2024-04-01,1,7723.14,3,1,True,Approved,0
CLM501459,PH100609,Health,Outpatient,South West,Branch,2023-10-28,2023-11-16,19,2315.8,6,1,True,Approved,0
CLM501460,PH100451,Auto,Theft,London,Branch,2023-02-11,2023-02-13,2,612.85,3,0,True,Approved,0
CLM501461,PH100302,Auto,Third Party,South West,Mobile App,2023-02-06,2023-02-20,14,5534.76,7,0,True,Approved,0
CLM501462,PH100414,Home,Fire,Midlands,Mobile App,2024-11-22,2024-11-30,8,1948.25,6,0,True,Approved,0
CLM501463,PH100735,Travel,Medical,North West,Branch,2023-05-26,2023-05-30,4,1280.19,6,1,True,Rejected,0
CLM501464,PH101423,Travel,Lost Luggage,Wales,Broker,2024-06-03,2024-06-07,4,2654.14,7,3,True,Pending,0
CLM501465,PH100912,Life,Critical Illness,South East,Branch,2023-06-08,2023-06-11,3,54631.38,0,3,False,Pending,0
CLM501466,PH100340,Life,Critical Illness,Midlands,Mobile App,2023-09-15,2023-10-12,27,7879.73,3,3,False,Approved,0
CLM501467,PH100441,Home,Burglary,London,Branch,2024-12-05,2024-12-18,13,2585.39,0,1,False,Approved,0
CLM501468,PH100422,Health,Dental,South West,Online,2024-09-12,2024-10-03,21,1841.28,6,0,True,Under Review,0
CLM501469,PH101328,Health,Outpatient,London,Call Center,2024-03-24,2024-04-02,9,2021.32,6,3,True,Rejected,0
CLM501470,PH101480,Commercial,Liability,Wales,Mobile App,2023-05-18,2023-06-15,28,14397.83,4,1,True,Pending,0
CLM501471,PH101240,Auto,Third Party,Scotland,Mobile App,2023-08-02,2023-08-18,16,2247.05,1,1,True,Under Review,0
CLM501472,PH101420,Travel,Delay,North East,Broker,2024-07-11,2024-07-12,1,1246.39,4,1,True,Rejected,0
CLM501473,PH100164,Home,Storm,South East,Call Center,2023-09-22,2023-10-17,25,2919.67,1,1,True,Approved,0
CLM501474,PH101093,Commercial,Business Interruption,Wales,Mobile App,2024-03-12,2024-03-15,3,34979.82,2,3,False,Approved,0
CLM501475,PH100480,Travel,Cancellation,North East,Branch,2023-03-04,2023-03-18,14,2887.04,5,1,False,Under Review,0
CLM501476,PH100243,Commercial,Liability,Midlands,Call Center,2024-09-03,2024-09-05,2,18604.99,0,3,True,Approved,0
CLM501477,PH100860,Commercial,Business Interruption,Midlands,Call Center,2024-09-06,2024-09-18,12,35440.0,7,1,False,Approved,0
CLM501478,PH100162,Travel,Medical,South East,Broker,2023-04-28,2023-05-12,14,1658.37,2,3,True,Approved,0
CLM501479,PH100328,Travel,Cancellation,Scotland,Broker,2023-06-23,2023-07-18,25,,0,0,True,Approved,0
CLM501480,PH100797,Travel,Cancellation,London,Online,2024-12-15,2024-12-30,15,448.38,7,0,True,Rejected,0
CLM501481,PH100238,Commercial,Business Interruption,Yorkshire,Mobile App,2023-12-22,2023-12-22,0,73697.77,2,0,True,Rejected,1
CLM501482,PH100328,Health,Outpatient,Scotland,Mobile App,2023-01-30,2023-02-02,3,6482.48,6,0,False,Under Review,0
CLM501483,PH100094,Commercial,Liability,Northern Ireland,Online,2024-08-04,2024-08-15,11,22943.42,3,2,True,Approved,0
CLM501484,PH100898,Home,Accidental Damage,Scotland,Online,2023-05-10,2023-06-01,22,15142.08,5,0,True,Approved,0
CLM501485,PH100060,Auto,Collision,North West,Online,2024-12-01,2024-12-18,17,2453.22,3,0,True,Approved,0
CLM501486,PH101497,Health,Outpatient,Scotland,Call Center,2024-08-23,2024-08-26,3,2378.9,1,1,True,Rejected,0
CLM501487,PH100723,Travel,Medical,Northern Ireland,Branch,2023-01-05,2023-01-11,6,981.48,5,0,True,Approved,0
CLM501488,PH100489,Auto,Third Party,North East,Mobile App,2023-04-07,2023-04-24,17,-4489.01,1,1,True,Approved,0
CLM501489,PH101392,Health,Hospitalisation,London,Call Center,2023-12-28,2024-01-15,18,1880.09,6,3,False,Approved,0
CLM501490,PH101185,Home,Storm,Midlands,Call Center,2024-07-26,2024-08-15,20,25941.01,4,0,True,Approved,0
CLM501491,PH100412,Health,Hospitalisation,North West,Call Center,2023-03-05,2023-03-09,4,5790.35,3,2,True,Approved,0
CLM501492,PH100356,Health,Dental,London,Online,2024-01-21,2024-01-28,7,2734.06,2,3,False,Approved,0
CLM501493,PH101246,Health,Hospitalisation,North West,Online,2024-10-08,2024-10-23,15,1884.42,0,1,False,Rejected,0
CLM501494,PH101282,Commercial,Liability,South East,Call Center,2023-07-17,2023-08-06,20,8155.69,0,0,False,Approved,0
CLM501495,PH101238,Health,Dental,North East,Online,2023-05-09,2023-06-01,23,1782.21,7,0,True,Approved,0
CLM501496,PH101378,Health,Optical,South East,Broker,2023-11-08,2023-11-24,16,5892.45,7,1,True,Approved,0
CLM501497,PH100899,Travel,Delay,Northern Ireland,Call Center,2023-03-22,2023-03-26,4,921.11,2,0,True,Approved,0
CLM501498,PH101137,Health,Outpatient,North West,Branch,2023-04-26,2023-05-25,29,1782.18,5,3,True,Under Review,0
CLM501499,PH100918,Travel,Medical,London,Call Center,2024-04-22,2024-05-20,28,1461.35,7,3,False,Under Review,0
CLM501500,PH101140,Life,Critical Illness,North East,Broker,2024-04-16,2024-05-13,27,86797.66,1,3,True,Approved,0
CLM501501,PH100606,Travel,Lost Luggage,Scotland,Call Center,2023-05-25,2023-06-08,14,2672.66,4,1,True,Approved,0
CLM501502,PH101411,Health,Optical,Midlands,Branch,2024-09-13,2024-09-29,16,2397.49,0,3,True,Under Review,0
CLM501503,PH101143,Life,Critical Illness,Wales,Mobile App,2023-11-07,2023-11-18,11,112834.65,2,1,False,Approved,0
CLM501504,PH100358,Life,Critical Illness,South East,Mobile App,2023-11-14,2023-11-16,2,20403.26,0,0,True,Approved,0
CLM501505,PH100723,Travel,Medical,Northern Ireland,Online,2023-09-08,2023-09-09,1,5774.97,4,3,False,Rejected,1
CLM501506,PH101042,Travel,Lost Luggage,North East,Call Center,2024-11-27,2024-12-10,13,2061.79,3,3,True,Approved,0
CLM501507,PH101087,Commercial,Business Interruption,Northern Ireland,Broker,2023-05-30,2023-06-09,10,32049.88,7,3,True,Under Review,0
CLM501508,PH101268,Health,Optical,London,Broker,2024-09-30,2024-10-27,27,2496.81,5,2,True,Approved,0
CLM501509,PH101496,Health,Optical,Scotland,Call Center,2023-05-01,2023-05-03,2,2229.04,2,2,True,Rejected,1
CLM501510,PH100599,Life,Critical Illness,South West,Online,2024-09-24,2024-10-13,19,39369.53,3,1,True,Under Review,0
CLM501511,PH101149,Home,Fire,Scotland,Branch,2024-04-24,2024-05-05,11,7599.47,3,1,False,Approved,0
CLM501512,PH100927,Travel,Cancellation,South East,Online,2023-02-08,2023-02-08,0,1659.38,4,0,False,Pending,0
CLM501513,PH100340,Life,Critical Illness,Midlands,Broker,2024-10-10,2024-11-08,29,22678.74,1,2,True,Approved,0
CLM501514,PH100915,Travel,Lost Luggage,London,Call Center,2024-11-20,2024-12-04,14,3067.72,7,2,True,Approved,0
CLM501515,PH101405,Home,Flood,Yorkshire,Online,2024-03-25,2024-04-03,9,12450.38,7,1,True,Approved,0
CLM501516,PH100018,Commercial,Business Interruption,Midlands,Online,2023-03-05,2023-03-13,8,19027.02,4,0,False,Approved,0
CLM501517,PH100575,Life,Critical Illness,South West,Branch,2024-12-28,2025-01-12,15,85563.85,4,3,True,Approved,0
CLM501518,PH100495,Home,Burglary,Midlands,Broker,2023-11-17,2023-11-24,7,18440.24,3,1,False,Approved,0
CLM501519,PH101350,Life,Critical Illness,South West,Branch,2023-11-12,2023-11-21,9,48367.55,4,2,False,Approved,0
CLM501520,PH100587,Life,Critical Illness,South West,Branch,2024-06-11,2024-07-09,28,66368.53,6,3,True,Approved,0
CLM501521,PH100406,Health,Hospitalisation,Scotland,Broker,2024-01-23,2024-01-30,7,1194.52,5,0,False,Under Review,0
CLM501522,PH100110,Travel,Lost Luggage,Midlands,Mobile App,2023-06-12,2023-06-30,18,524.94,0,0,True,Approved,0
CLM501523,PH100462,Commercial,Property Damage,Yorkshire,Branch,2024-08-26,2024-09-19,24,27284.92,5,1,False,Approved,0
CLM501524,PH100022,Home,Fire,Scotland,Broker,2024-10-30,2024-11-20,21,2845.74,2,1,True,Pending,0
CLM501525,PH100859,Auto,Collision,Wales,Branch,2024-01-28,2024-02-09,12,2724.08,5,0,True,Under Review,0
CLM501526,PH100502,Life,Death Benefit,Scotland,Branch,2024-10-23,2024-10-30,7,79622.8,3,2,True,Approved,0
CLM501527,PH100334,Auto,Fire,London,Online,2023-12-06,2023-12-30,24,6673.69,0,2,True,Rejected,0
CLM501528,PH101371,Auto,Collision,South East,Broker,2024-11-21,2024-11-23,2,1166.76,1,0,False,Approved,0
CLM501529,PH101203,Travel,Medical,South East,Online,2023-05-20,2023-06-03,14,442.77,6,0,False,Approved,0
CLM501530,PH100068,Travel,Cancellation,South East,Call Center,2024-08-29,2024-08-30,1,2979.98,2,1,False,Approved,1
CLM501531,PH100068,Life,Death Benefit,South East,Mobile App,2024-01-17,2024-01-19,2,163025.92,7,2,False,Approved,1
CLM501532,PH100587,Health,Outpatient,South West,Call Center,2024-07-04,2024-07-27,23,1915.36,7,3,True,Approved,0
CLM501533,PH100884,Auto,Theft,South East,Online,2024-05-24,2024-05-27,3,816.8,0,2,True,Approved,0
CLM501534,PH101159,Life,Death Benefit,London,Mobile App,2023-07-30,2023-08-11,12,97656.59,5,1,False,Approved,0
CLM501535,PH101181,Auto,Collision,Scotland,Online,2024-08-13,2024-08-23,10,3241.49,5,0,True,Approved,0
CLM501536,PH100972,Commercial,Business Interruption,South East,Mobile App,2023-07-01,2023-07-03,2,79023.05,0,0,False,Under Review,1
CLM501537,PH100319,Health,Outpatient,London,Mobile App,2024-01-24,2024-02-04,11,1132.08,3,3,True,Approved,0
CLM501538,PH100773,Home,Flood,South East,Branch,2023-04-08,2023-05-04,26,8229.81,5,1,False,Approved,0
CLM501539,PH100782,Travel,Delay,South East,Mobile App,2024-07-17,2024-08-15,29,1841.41,0,2,True,Approved,0
CLM501540,PH101310,Commercial,Property Damage,Midlands,Broker,2024-04-07,2024-04-08,1,14695.15,6,2,True,Approved,0
CLM501541,PH101236,Home,Flood,Northern Ireland,Online,2024-01-17,2024-01-25,8,10697.99,4,0,False,Under Review,0
CLM501542,PH100435,Life,Death Benefit,South West,Online,2023-05-06,2023-06-03,28,44988.93,1,3,True,Under Review,0
CLM501543,PH100154,Auto,Fire,London,Mobile App,2024-12-30,2025-01-04,5,7312.22,6,0,True,Approved,0
CLM501544,PH100794,Life,Critical Illness,Yorkshire,Call Center,2023-08-06,2023-08-13,7,88934.4,0,2,True,Under Review,0
CLM501545,PH100121,Health,Outpatient,Northern Ireland,Broker,2023-01-03,2023-01-30,27,2623.9,7,2,True,Approved,0
CLM501546,PH101194,Auto,Windscreen,Midlands,Mobile App,2024-07-12,2024-07-12,0,2460.45,4,2,False,Approved,1
CLM501547,PH100756,Health,Hospitalisation,South West,Call Center,2023-07-08,2023-07-22,14,1095.58,7,0,False,Under Review,0
CLM501548,PH100618,Home,Flood,Wales,Online,2024-09-04,2024-09-28,24,7802.68,3,0,True,Under Review,0
CLM501549,PH100529,Travel,Cancellation,South East,Mobile App,2024-01-11,2024-01-19,8,3720.12,4,0,True,Approved,0
CLM501550,PH100017,Commercial,Liability,North West,Mobile App,2024-10-09,2024-10-10,1,56423.03,6,1,False,Approved,1
CLM501551,PH101310,Health,Optical,Midlands,Broker,2024-01-27,2024-02-02,6,2774.64,4,0,True,Approved,0
CLM501552,PH101233,Home,Fire,North West,Branch,2023-11-15,2023-11-22,7,5047.62,5,1,True,Approved,0
CLM501553,PH100604,Health,Optical,Northern Ireland,Call Center,2023-07-07,2023-08-01,25,4909.07,5,2,False,Approved,0
CLM501554,PH100104,Auto,Windscreen,North East,Broker,2023-06-04,2023-06-22,18,3113.35,0,3,True,Rejected,0
CLM501555,PH101229,Life,Death Benefit,London,Branch,2024-06-05,2024-06-24,19,59557.02,6,2,True,Under Review,0
CLM501556,PH100303,Life,Death Benefit,North West,Call Center,2023-06-27,2023-07-17,20,101448.64,4,1,True,Approved,0
CLM501557,PH100177,Health,Dental,North West,Online,2023-02-23,2023-03-18,23,2355.23,5,0,True,Approved,0
CLM501558,PH100705,Commercial,Property Damage,Midlands,Mobile App,2023-12-14,2023-12-25,11,11042.09,2,0,False,Approved,0
CLM501559,PH100086,Auto,Fire,South East,Online,2024-04-08,2024-04-10,2,5821.35,7,2,True,Rejected,1
CLM501560,PH100812,Commercial,Liability,South West,Branch,2023-05-29,2023-05-29,0,106313.81,2,3,False,Rejected,1
CLM501561,PH100589,Travel,Medical,Northern Ireland,Broker,2023-11-04,2023-12-02,28,1650.51,6,0,True,Under Review,0
CLM501562,PH101059,Life,Death Benefit,Midlands,Branch,2023-08-22,2023-09-12,21,38731.97,1,3,True,Approved,0
CLM501563,PH101451,Home,Storm,North West,Branch,2024-08-13,2024-08-29,16,1197.43,6,3,True,Approved,0
CLM501564,PH100089,Home,Burglary,Wales,Online,2024-02-15,2024-02-15,0,17041.6,6,1,True,Under Review,0
CLM501565,PH100945,Life,Death Benefit,North East,Branch,2023-05-19,2023-06-05,17,41744.36,0,0,True,Approved,0
CLM501566,PH100984,Health,Hospitalisation,Yorkshire,Call Center,2023-06-15,2023-06-15,0,8625.17,7,2,False,Under Review,1
CLM501567,PH100356,Travel,Delay,London,Branch,2024-10-04,2024-11-01,28,670.56,0,0,False,Pending,0
CLM501568,PH100024,Auto,Fire,Scotland,Call Center,2024-03-15,2024-04-12,28,9108.19,6,1,False,Approved,0
CLM501569,PH101237,Commercial,Liability,South East,Broker,2024-08-02,2024-08-08,6,10118.18,2,3,True,Under Review,0
CLM501570,PH100047,Auto,Collision,North East,Broker,2024-06-24,2024-07-13,19,4843.63,1,2,False,Approved,0
CLM501571,PH101012,Auto,Windscreen,South West,Call Center,2024-09-09,2024-09-19,10,11747.54,7,0,True,Approved,0
CLM501572,PH100094,Travel,Cancellation,Northern Ireland,Call Center,2023-06-29,2023-07-28,29,309.71,4,0,True,Under Review,0
CLM501573,PH100801,Travel,Cancellation,Midlands,Broker,2023-11-16,2023-12-08,22,1026.09,1,2,True,Approved,0
CLM501574,PH101118,Auto,Windscreen,North West,Online,2024-10-10,2024-10-31,21,4131.71,5,0,True,Approved,0
CLM501575,PH100996,Home,Accidental Damage,London,Branch,2023-07-24,2023-08-06,13,301.89,7,0,True,Under Review,0
CLM501576,PH100980,Travel,Delay,Wales,Online,2024-05-27,2024-06-06,10,651.1,2,1,True,Approved,0
CLM501577,PH100159,Auto,Third Party,Yorkshire,Call Center,2024-11-23,2024-11-24,1,8933.5,4,3,True,Approved,1
CLM501578,PH101212,Commercial,Business Interruption,Wales,Call Center,2024-02-07,2024-02-11,4,20873.09,2,1,False,Pending,0
CLM501579,PH100318,Health,Outpatient,North West,Call Center,2024-05-13,2024-06-01,19,11159.22,5,3,True,Rejected,0
CLM501580,PH100839,Travel,Medical,Northern Ireland,Online,2024-04-10,2024-05-07,27,942.64,0,1,True,Approved,0
CLM501581,PH100378,Life,Critical Illness,Yorkshire,Broker,2023-06-22,2023-06-24,2,79949.91,4,1,False,Approved,0
CLM501582,PH101381,Home,Flood,South East,Mobile App,2023-02-05,2023-02-08,3,13446.11,4,3,True,Approved,0
CLM501583,PH100969,Auto,Theft,South West,Broker,2023-11-14,2023-11-20,6,7429.62,4,0,True,Approved,0
CLM501584,PH100914,Travel,Lost Luggage,North East,Mobile App,2024-03-14,2024-03-15,1,2604.64,6,3,False,Rejected,1
CLM501585,PH100398,Health,Hospitalisation,London,Online,2023-09-25,2023-10-11,16,2326.92,1,3,False,Approved,0
CLM501586,PH101022,Home,Fire,Midlands,Online,2024-01-27,2024-02-20,24,1917.19,1,2,True,Approved,0
CLM501587,PH100795,Home,Flood,North West,Branch,2024-07-23,2024-08-05,13,8026.5,6,1,True,Approved,0
CLM501588,PH101015,Auto,Third Party,South East,Branch,2024-10-05,2024-10-26,21,3387.06,0,3,True,Pending,0
CLM501589,PH100075,Travel,Medical,North East,Call Center,2023-09-29,2023-10-28,29,3262.43,0,0,True,Approved,0
CLM501590,PH101101,Life,Critical Illness,Northern Ireland,Call Center,2024-03-05,2024-03-18,13,78388.66,0,0,False,Approved,0
CLM501591,PH101289,Health,Hospitalisation,Scotland,Branch,2023-09-02,2023-09-05,3,1667.82,1,1,True,Pending,0
CLM501592,PH100870,Travel,Delay,London,Branch,2024-10-26,2024-10-28,2,1914.26,7,2,True,Approved,0
CLM501593,PH100486,Home,Flood,Scotland,Online,2023-03-24,2023-03-24,0,14685.73,5,0,True,Approved,1
CLM501594,PH100803,Health,Dental,London,Call Center,2024-02-09,2024-02-16,7,1554.87,7,0,True,Approved,0
CLM501595,PH100106,Health,Optical,Yorkshire,Mobile App,2024-04-11,2024-04-23,12,8059.73,7,0,True,Under Review,0
CLM501596,PH101187,Commercial,Business Interruption,North West,Call Center,2023-05-13,2023-06-01,19,28008.9,1,1,False,Approved,0
CLM501597,PH101439,Life,Critical Illness,Scotland,Call Center,2024-05-29,2024-06-02,4,40366.7,1,3,True,Approved,0
CLM501598,PH100498,Commercial,Business Interruption,South East,Mobile App,2023-04-12,2023-04-12,0,52427.96,3,1,True,Rejected,1
CLM501599,PH100322,Auto,Third Party,North East,Online,2023-09-15,2023-09-24,9,3995.21,1,1,True,Approved,0
CLM501600,PH100394,Travel,Medical,Scotland,Online,2024-04-30,2024-05-28,28,2606.44,4,1,False,Pending,0
CLM501601,PH100272,Travel,Delay,South West,Broker,2024-04-07,2024-05-02,25,2259.08,5,2,True,Under Review,0
CLM501602,PH100688,Home,Fire,Northern Ireland,Branch,2023-06-28,2023-07-08,10,9175.82,6,2,True,Under Review,0
CLM501603,PH100901,Commercial,Liability,Northern Ireland,Call Center,2023-09-14,2023-09-14,0,51173.15,2,0,True,Under Review,0
CLM501604,PH100090,Life,Critical Illness,Scotland,Call Center,2023-10-22,2023-11-04,13,125785.65,7,1,False,Under Review,0
CLM501605,PH101212,Travel,Medical,Wales,Online,2024-03-29,2024-04-23,25,5035.57,5,2,True,Approved,0
CLM501606,PH101423,Life,Critical Illness,Wales,Mobile App,2023-08-10,2023-08-17,7,12267.17,0,1,True,Under Review,0
CLM501607,PH100587,Auto,Collision,South West,Branch,2024-07-22,2024-07-26,4,5137.4,7,1,True,Rejected,0
CLM501608,PH100460,Home,Flood,Wales,Call Center,2024-06-12,2024-06-13,1,7153.93,4,2,True,Under Review,0
CLM501609,PH100476,Health,Outpatient,Midlands,Broker,2023-12-04,2023-12-18,14,1251.36,3,1,False,Pending,0
CLM501610,PH101475,Home,Flood,Scotland,Broker,2023-01-23,2023-02-10,18,6873.73,3,1,True,Approved,0
CLM501611,PH100958,Travel,Delay,London,Call Center,2023-07-20,2023-08-05,16,1683.52,6,3,True,Approved,0
CLM501612,PH100353,Travel,Cancellation,North East,Mobile App,2023-08-08,2023-08-10,2,2487.44,2,2,False,Rejected,1
CLM501613,PH100331,Life,Death Benefit,Yorkshire,Broker,2023-11-11,2023-11-12,1,96687.51,2,3,True,Approved,0
CLM501614,PH101027,Home,Accidental Damage,Wales,Broker,2023-09-26,2023-10-13,17,11531.41,6,2,True,Approved,0
CLM501615,PH101107,Health,Optical,Yorkshire,Call Center,2024-05-19,2024-06-11,23,3772.6,6,2,True,Under Review,0
CLM501616,PH100713,Travel,Delay,North West,Call Center,2024-10-05,2024-10-18,13,3974.71,2,3,True,Rejected,0
CLM501617,PH100294,Health,Optical,South East,Branch,2023-03-08,2023-03-21,13,3292.6,4,2,True,Approved,0
CLM501618,PH101026,Home,Fire,North West,Broker,2024-02-17,2024-02-17,0,6986.32,3,2,True,Approved,0
CLM501619,PH101080,Auto,Windscreen,Northern Ireland,Branch,2024-05-19,2024-05-29,10,3896.12,7,1,True,Approved,0
CLM501620,PH100136,Life,Death Benefit,Midlands,Branch,2024-05-19,2024-06-10,22,108411.28,2,0,True,Pending,0
CLM501621,PH100961,Commercial,Business Interruption,Yorkshire,Call Center,2023-02-15,2023-03-03,16,7009.54,7,2,True,Approved,0
CLM501622,PH100435,Auto,Third Party,South West,Call Center,2024-04-18,2024-04-28,10,2856.06,4,2,True,Approved,0
CLM501623,PH100141,Travel,Delay,Wales,Mobile App,2024-01-24,2024-02-02,9,4753.72,4,2,True,Approved,0
CLM501624,PH100570,Health,Optical,North East,Broker,2024-06-06,2024-06-10,4,5062.71,3,0,True,Under Review,0
CLM501625,PH100321,Health,Optical,South East,Mobile App,2023-05-11,2023-05-23,12,1764.9,3,1,True,Approved,0
CLM501626,PH101452,Travel,Delay,Wales,Mobile App,2024-02-27,2024-02-29,2,4057.86,5,1,False,Pending,1
CLM501627,PH100114,Health,Hospitalisation,Scotland,Online,2023-11-01,2023-11-01,0,2030.28,0,3,False,Approved,0
CLM501628,PH101024,Health,Hospitalisation,Wales,Call Center,2024-12-03,2024-12-05,2,2306.71,1,1,True,Pending,0
CLM501629,PH100130,Auto,Collision,Scotland,Call Center,2024-12-06,2024-12-17,11,1306.38,4,3,True,Approved,0
CLM501630,PH100341,Auto,Collision,Scotland,Online,2023-01-08,2023-01-12,4,2152.84,0,0,False,Approved,0
CLM501631,PH100818,Commercial,Business Interruption,South West,Online,2024-07-03,2024-07-05,2,35575.53,7,3,False,Rejected,0
CLM501632,PH100623,Travel,Cancellation,Wales,Broker,2024-01-05,2024-02-01,27,1036.05,6,3,True,Pending,0
CLM501633,PH100427,Home,Fire,Yorkshire,Mobile App,2023-02-07,2023-02-20,13,2972.94,5,3,True,Under Review,0
CLM501634,PH101000,Commercial,Property Damage,Scotland,Mobile App,2024-09-30,2024-10-27,27,6003.66,5,2,True,Pending,0
CLM501635,PH100457,Auto,Fire,London,Online,2023-07-22,2023-08-16,25,13783.08,0,1,True,Rejected,0
CLM501636,PH100347,Auto,Collision,South East,Branch,2024-04-10,2024-04-25,15,774.43,4,3,True,Pending,0
CLM501637,PH101150,Commercial,Property Damage,Scotland,Branch,2024-07-10,2024-07-28,18,28805.15,1,3,True,Pending,0
CLM501638,PH100100,Auto,Third Party,Scotland,Call Center,2023-02-18,2023-03-02,12,1676.51,2,3,False,Approved,0
CLM501639,PH100648,Home,Accidental Damage,Northern Ireland,Branch,2024-05-09,2024-05-09,0,8362.9,1,2,True,Approved,0
CLM501640,PH101034,Commercial,Property Damage,Wales,Broker,2023-06-17,2023-06-26,9,36474.5,2,3,True,Rejected,0
CLM501641,PH101408,Auto,Third Party,North West,Branch,2024-11-07,2024-11-20,13,3830.24,7,2,True,Approved,0
CLM501642,PH100806,Travel,Lost Luggage,South East,Branch,2024-11-09,2024-11-24,15,238.07,2,0,True,Approved,0
CLM501643,PH100827,Commercial,Business Interruption,Midlands,Online,2024-08-22,2024-09-16,25,19145.24,4,2,True,Pending,0
CLM501644,PH101352,Travel,Delay,Midlands,Online,2024-11-07,2024-11-14,7,2663.29,3,1,False,Approved,0
CLM501645,PH100733,Health,Optical,Northern Ireland,Call Center,2023-12-21,2024-01-12,22,3747.21,4,2,False,Under Review,0
CLM501646,PH101166,Auto,Theft,Wales,Call Center,2023-06-14,2023-07-10,26,4413.67,3,1,True,Rejected,0
CLM501647,PH100175,Health,Dental,Midlands,Broker,2023-04-03,2023-04-05,2,2007.36,7,2,True,Approved,0
CLM501648,PH100469,Health,Dental,Yorkshire,Broker,2023-06-01,2023-06-21,20,6392.34,4,2,False,Pending,0
CLM501649,PH100611,Life,Critical Illness,South West,Branch,2023-09-12,2023-09-14,2,21413.53,7,2,True,Approved,0
CLM501650,PH101204,Home,Flood,North West,Online,2024-01-07,2024-01-23,16,6440.3,6,3,True,Approved,0
CLM501651,PH100705,Travel,Cancellation,Midlands,Branch,2023-01-06,2023-01-25,19,2381.88,1,3,True,Approved,0
CLM501652,PH100655,Home,Fire,Wales,Call Center,2024-04-08,2024-04-24,16,8996.38,2,3,False,Approved,0
CLM501653,PH100339,Commercial,Liability,Yorkshire,Online,2024-09-24,2024-10-13,19,24493.93,6,1,False,Approved,0
CLM501654,PH100332,Life,Death Benefit,North West,Mobile App,2024-12-10,2024-12-24,14,25381.08,2,1,True,Pending,0
CLM501655,PH100870,Commercial,Business Interruption,London,Call Center,2024-06-06,2024-06-16,10,12255.71,6,3,True,Under Review,0
CLM501656,PH100656,Auto,Collision,Midlands,Broker,2023-01-29,2023-02-04,6,6936.28,7,2,False,Approved,0
CLM501657,PH100066,Travel,Medical,Yorkshire,Mobile App,2023-04-13,2023-04-19,6,2068.56,7,0,True,Under Review,0
CLM501658,PH100145,Health,Outpatient,Midlands,Mobile App,2023-08-05,2023-09-02,28,1719.48,3,3,True,Approved,0
CLM501659,PH101247,Home,Accidental Damage,South East,Branch,2023-03-15,2023-03-16,1,8222.18,0,2,True,Approved,1
CLM501660,PH101149,Travel,Cancellation,Scotland,Mobile App,2024-01-06,2024-01-13,7,1827.17,5,2,False,Pending,0
CLM501661,PH100213,Auto,Windscreen,Northern Ireland,Branch,2024-12-04,2024-12-04,0,4016.47,5,0,False,Approved,0
CLM501662,PH100507,Life,Critical Illness,Yorkshire,Mobile App,2024-04-16,2024-05-05,19,3608.94,2,1,True,Approved,0
CLM501663,PH100662,Home,Fire,Northern Ireland,Branch,2023-02-01,2023-02-22,21,3786.08,4,0,True,Under Review,0
CLM501664,PH100430,Life,Death Benefit,North West,Broker,2023-03-01,2023-03-10,9,15383.23,3,3,False,Approved,0
CLM501665,PH100461,Travel,Lost Luggage,Northern Ireland,Call Center,2023-07-13,2023-07-26,13,3243.16,5,2,True,Approved,0
CLM501666,PH100655,Home,Storm,Wales,Mobile App,2023-10-22,2023-11-02,11,3122.09,1,0,False,Approved,0
CLM501667,PH100483,Life,Death Benefit,North West,Broker,2023-09-23,2023-10-21,28,8863.37,3,0,True,Pending,0
CLM501668,PH100692,Health,Optical,South East,Online,2023-06-23,2023-06-25,2,8753.07,6,3,True,Under Review,1
CLM501669,PH100857,Health,Hospitalisation,London,Online,2024-08-15,2024-08-22,7,5806.34,2,2,False,Approved,0
CLM501670,PH100158,Travel,Cancellation,South West,Online,2023-07-18,2023-07-23,5,185.83,1,0,True,Approved,0
CLM501671,PH100660,Life,Death Benefit,Midlands,Mobile App,2023-01-16,2023-01-17,1,15880.69,2,3,True,Approved,0
CLM501672,PH100570,Health,Dental,North East,Online,2024-04-23,2024-04-25,2,3222.39,7,3,True,Approved,0
CLM501673,PH100381,Commercial,Property Damage,North East,Mobile App,2023-07-09,2023-08-07,29,47207.06,0,1,False,Approved,0
CLM501674,PH101363,Home,Storm,Northern Ireland,Call Center,2024-03-13,2024-03-22,9,7792.02,1,1,True,Approved,0
CLM501675,PH100692,Life,Death Benefit,South East,Branch,2024-02-19,2024-03-02,12,78633.53,6,0,True,Approved,0
CLM501676,PH100553,Travel,Medical,North East,Broker,2024-03-17,2024-03-18,1,1771.87,7,1,False,Approved,1
CLM501677,PH100521,Home,Burglary,Scotland,Broker,2023-09-03,2023-09-19,16,12398.85,5,3,False,Approved,0
CLM501678,PH101392,Travel,Cancellation,London,Broker,2023-10-28,2023-11-15,18,1784.4,2,1,False,Under Review,0
CLM501679,PH100460,Travel,Delay,Wales,Mobile App,2024-07-25,2024-08-04,10,1551.08,6,3,False,Approved,0
CLM501680,PH100685,Travel,Medical,South East,Mobile App,2024-11-27,2024-11-28,1,712.85,1,3,True,Pending,0
CLM501681,PH100560,Commercial,Liability,London,Branch,2024-03-29,2024-04-27,29,26533.59,0,0,True,Approved,0
CLM501682,PH100750,Health,Dental,Midlands,Online,2023-07-22,2023-07-22,0,668.66,5,0,True,Approved,0
CLM501683,PH101001,Life,Critical Illness,Yorkshire,Branch,2024-10-13,2024-11-01,19,48675.77,4,2,False,Approved,0
CLM501684,PH100883,Commercial,Property Damage,Wales,Branch,2024-05-10,2024-05-14,4,13315.71,7,3,True,Approved,0
CLM501685,PH100150,Travel,Delay,North East,Online,2023-05-24,2023-05-25,1,1224.2,3,2,False,Under Review,1
CLM501686,PH101237,Commercial,Business Interruption,South East,Broker,2024-11-10,2024-12-02,22,11797.16,4,1,True,Approved,0
CLM501687,PH100114,Health,Outpatient,Scotland,Mobile App,2024-07-24,2024-08-10,17,2232.58,5,1,False,Approved,0
CLM501688,PH100426,Commercial,Liability,Wales,Broker,2024-01-09,2024-01-09,0,50463.69,1,0,True,Pending,0
CLM501689,PH100434,Health,Dental,North West,Mobile App,2023-11-25,2023-11-25,0,1842.17,6,2,True,Approved,0
CLM501690,PH101214,Home,Fire,South West,Call Center,2024-10-15,2024-10-15,0,15557.9,0,1,False,Under Review,1
CLM501691,PH100832,Auto,Third Party,Yorkshire,Mobile App,2023-01-22,2023-02-10,19,412.4,6,3,False,Approved,0
CLM501692,PH100601,Health,Dental,South West,Mobile App,2024-02-23,2024-03-05,11,5438.5,6,0,True,Pending,0
CLM501693,PH101450,Travel,Medical,Yorkshire,Online,2024-06-21,2024-06-24,3,2786.1,4,1,True,Approved,0
CLM501694,PH100201,Auto,Third Party,Northern Ireland,Online,2024-02-03,2024-02-05,2,12600.77,1,1,False,Approved,1
CLM501695,PH101064,Travel,Cancellation,North East,Broker,2023-06-24,2023-07-23,29,3363.34,0,2,True,Pending,0
CLM501696,PH101196,Life,Critical Illness,Midlands,Branch,2023-08-25,2023-09-09,15,65341.43,0,3,False,Rejected,0
CLM501697,PH100902,Travel,Medical,Midlands,Call Center,2023-06-16,2023-07-07,21,1221.4,1,0,True,Approved,0
CLM501698,PH101213,Travel,Delay,North East,Call Center,2024-04-03,2024-05-01,28,2103.36,3,1,True,Rejected,0
CLM501699,PH100018,Travel,Lost Luggage,Midlands,Online,2024-01-08,2024-01-20,12,3830.72,3,3,True,Approved,0
CLM501700,PH101498,Commercial,Liability,North West,Branch,2023-11-03,2023-11-21,18,10793.87,3,1,True,Approved,0
CLM501701,PH101407,Health,Optical,South East,Online,2023-06-20,2023-06-22,2,10152.09,1,1,True,Under Review,1
CLM501702,PH100392,Life,Critical Illness,North East,Branch,2024-01-26,2024-02-16,21,21661.26,7,3,True,Under Review,0
CLM501703,PH100876,Travel,Medical,South West,Online,2023-09-07,2023-09-07,0,2355.48,4,1,True,Approved,0
CLM501704,PH101217,Travel,Delay,Scotland,Online,2023-12-09,2023-12-10,1,888.2,4,3,True,Approved,1
CLM501705,PH100644,Life,Death Benefit,Northern Ireland,Broker,2024-06-03,2024-06-04,1,134025.45,6,1,True,Under Review,1
CLM501706,PH100268,Life,Critical Illness,South East,Mobile App,2023-05-18,2023-05-28,10,1405.13,7,0,True,Approved,0
CLM501707,PH100283,Travel,Delay,London,Call Center,2024-03-13,2024-03-31,18,618.43,6,0,True,Approved,0
CLM501708,PH100535,Auto,Windscreen,London,Branch,2024-07-04,2024-07-14,10,2128.52,4,3,True,Approved,0
CLM501709,PH101305,Auto,Windscreen,North East,Online,2024-09-01,2024-09-20,19,2555.85,7,0,True,Approved,0
CLM501710,PH100939,Travel,Delay,Midlands,Branch,2024-12-20,2024-12-20,0,2223.34,4,2,True,Under Review,0
CLM501711,PH100348,Auto,Third Party,South East,Online,2024-04-11,2024-04-20,9,1506.23,5,2,False,Approved,0
CLM501712,PH100730,Life,Death Benefit,North East,Branch,2023-09-03,2023-09-19,16,4433.74,5,1,True,Under Review,0
CLM501713,PH100403,Life,Death Benefit,Northern Ireland,Broker,2024-06-02,2024-06-25,23,84942.48,3,0,True,Approved,0
CLM501714,PH100061,Travel,Lost Luggage,Scotland,Online,2023-05-07,2023-05-12,5,1273.89,1,1,False,Under Review,0
CLM501715,PH101190,Life,Critical Illness,Wales,Broker,2024-12-26,2025-01-01,6,13186.25,3,0,True,Rejected,0
CLM501716,PH101346,Home,Accidental Damage,London,Online,2023-11-16,2023-11-22,6,2847.24,5,1,False,Approved,0
CLM501717,PH100091,Travel,Cancellation,Scotland,Branch,2023-11-20,2023-12-17,27,628.01,3,1,True,Approved,0
CLM501718,PH100161,Commercial,Property Damage,Yorkshire,Branch,2024-11-03,2024-11-05,2,12408.19,5,1,True,Approved,0
CLM501719,PH100445,Home,Burglary,North East,Mobile App,2023-01-01,2023-01-10,9,7454.47,3,1,False,Approved,0
CLM501720,PH100317,Life,Critical Illness,Scotland,Mobile App,2023-06-22,2023-06-29,7,15398.08,4,0,True,Approved,0
CLM501721,PH100629,Commercial,Liability,Yorkshire,Branch,2024-02-10,2024-02-10,0,128403.54,5,0,False,Rejected,1
CLM501722,PH100932,Auto,Collision,North East,Call Center,2024-12-17,2025-01-07,21,10054.99,2,1,False,Under Review,0
CLM501723,PH101285,Home,Accidental Damage,North East,Branch,2023-09-15,2023-10-01,16,1132.91,7,1,True,Approved,0
CLM501724,PH100019,Travel,Delay,North East,Mobile App,2024-08-16,2024-08-18,2,2002.79,6,2,False,Approved,1
CLM501725,PH100857,Commercial,Business Interruption,London,Online,2023-03-17,2023-03-25,8,5797.05,5,0,True,Pending,0
CLM501726,PH100785,Life,Critical Illness,Midlands,Mobile App,2024-12-07,2024-12-19,12,31123.41,7,2,True,Pending,0
CLM501727,PH101207,Auto,Collision,Northern Ireland,Call Center,2023-09-02,2023-09-03,1,1194.44,4,3,True,Rejected,0
CLM501728,PH100628,Auto,Collision,Yorkshire,Online,2023-01-09,2023-02-04,26,5328.95,7,0,True,Approved,0
CLM501729,PH100444,Auto,Third Party,Northern Ireland,Mobile App,2024-04-05,2024-04-21,16,5517.99,7,2,False,Approved,0
CLM501730,PH101205,Home,Flood,Yorkshire,Online,2023-06-09,2023-06-12,3,17647.57,1,0,True,Rejected,0
CLM501731,PH100160,Life,Death Benefit,South East,Branch,2023-08-19,2023-08-20,1,16431.66,0,1,False,Approved,1
CLM501732,PH100136,Health,Hospitalisation,Midlands,Call Center,2024-03-29,2024-04-25,27,803.34,4,0,True,Approved,0
CLM501733,PH100661,Life,Critical Illness,Wales,Mobile App,2023-02-18,2023-02-21,3,47874.08,2,2,False,Approved,0
CLM501734,PH101341,Commercial,Liability,Wales,Mobile App,2024-03-02,2024-03-31,29,20422.15,3,3,True,Approved,0
CLM501735,PH101260,Home,Burglary,North West,Mobile App,2023-05-05,2023-05-24,19,13776.86,0,3,True,Pending,0
CLM501736,PH100343,Health,Dental,South West,Online,2024-05-11,2024-05-12,1,6463.08,7,1,False,Approved,1
CLM501737,PH100293,Auto,Third Party,North West,Branch,2023-03-02,2023-03-19,17,1423.27,4,0,True,Pending,0
CLM501738,PH101160,Commercial,Liability,Wales,Call Center,2023-08-04,2023-08-15,11,21455.04,0,1,True,Approved,0
CLM501739,PH100860,Commercial,Business Interruption,Midlands,Branch,2023-10-23,2023-11-15,23,39370.82,7,1,True,Approved,0
CLM501740,PH101386,Commercial,Business Interruption,North West,Broker,2024-02-13,2024-03-04,20,9067.94,2,0,False,Approved,0
CLM501741,PH100235,Travel,Cancellation,Midlands,Mobile App,2024-08-13,2024-08-29,16,756.33,4,3,True,Approved,0
CLM501742,PH100669,Health,Hospitalisation,North West,Broker,2024-05-19,2024-05-23,4,1722.95,6,0,True,Approved,0
CLM501743,PH101058,Health,Dental,North West,Online,2023-01-20,2023-01-20,0,6520.03,7,0,False,Rejected,1
CLM501744,PH100656,Travel,Medical,Midlands,Broker,2024-03-16,2024-03-16,0,843.15,0,2,True,Approved,0
CLM501745,PH100002,Auto,Third Party,Northern Ireland,Call Center,2024-12-18,2025-01-05,18,2816.86,6,2,True,Under Review,0
CLM501746,PH101171,Life,Critical Illness,North West,Branch,2023-03-09,2023-03-28,19,119239.67,4,2,True,Approved,0
CLM501747,PH100010,Home,Accidental Damage,Scotland,Broker,2023-06-12,2023-06-29,17,1840.16,4,2,True,Pending,0
CLM501748,PH101250,Home,Burglary,Wales,Call Center,2023-01-10,2023-02-08,29,8954.32,0,3,True,Pending,0
CLM501749,PH100931,Home,Fire,London,Online,2023-03-16,2023-03-26,10,7915.99,1,1,True,Pending,0
CLM501750,PH100356,Commercial,Property Damage,London,Broker,2024-02-25,2024-03-23,27,7622.05,6,2,True,Approved,0
CLM501751,PH100718,Auto,Fire,South West,Online,2024-01-27,2024-02-22,26,7969.73,0,3,True,Approved,0
CLM501752,PH101361,Commercial,Liability,North East,Mobile App,2023-10-02,2023-10-26,24,35325.5,7,1,False,Approved,0
CLM501753,PH100064,Commercial,Business Interruption,North East,Call Center,2024-12-28,2025-01-11,14,20185.42,7,1,True,Approved,0
CLM501754,PH100665,Home,Flood,Wales,Broker,2024-06-17,2024-06-28,11,18362.24,2,1,True,Approved,0
CLM501755,PH101459,Commercial,Business Interruption,South West,Online,2024-02-05,2024-02-06,1,21661.81,3,3,True,Approved,1
CLM501756,PH100408,Auto,Windscreen,South West,Broker,2024-05-07,2024-05-10,3,2140.86,5,1,True,Approved,0
CLM501757,PH101250,Health,Hospitalisation,Wales,Broker,2023-12-29,2023-12-31,2,2236.65,0,3,True,Rejected,0
CLM501758,PH100445,Commercial,Liability,North East,Call Center,2023-10-12,2023-10-12,0,37107.83,1,1,True,Pending,0
CLM501759,PH100207,Travel,Medical,Yorkshire,Online,2024-09-05,2024-09-27,22,1573.36,4,2,False,Approved,0
CLM501760,PH101188,Health,Optical,London,Mobile App,2023-08-11,2023-08-11,0,4576.94,2,3,False,Pending,1
CLM501761,PH100895,Commercial,Business Interruption,Northern Ireland,Branch,2023-09-20,2023-10-09,19,46750.67,7,3,False,Rejected,0
CLM501762,PH101189,Life,Critical Illness,Northern Ireland,Call Center,2024-08-01,2024-08-10,9,13281.47,6,0,True,Approved,0
CLM501763,PH101065,Health,Hospitalisation,Scotland,Call Center,2024-09-06,2024-09-15,9,3836.49,7,1,True,Pending,0
CLM501764,PH101394,Commercial,Liability,Midlands,Online,2023-06-18,2023-07-02,14,24019.38,6,2,True,Approved,0
CLM501765,PH100570,Health,Outpatient,North East,Call Center,2024-10-03,2024-10-25,22,4069.08,0,3,True,Approved,0
CLM501766,PH101305,Health,Hospitalisation,North East,Call Center,2024-09-01,2024-09-30,29,5214.28,7,1,False,Pending,0
CLM501767,PH100218,Travel,Lost Luggage,Northern Ireland,Branch,2023-08-08,2023-08-13,5,1057.87,6,1,False,Pending,0
CLM501768,PH101078,Life,Death Benefit,North West,Mobile App,2023-06-25,2023-07-06,11,13377.86,5,3,True,Rejected,0
CLM501769,PH101005,Home,Accidental Damage,Northern Ireland,Broker,2023-01-22,2023-02-05,14,2138.32,3,1,False,Approved,0
CLM501770,PH100921,Auto,Fire,South West,Mobile App,2024-06-05,2024-07-03,28,1350.96,5,2,True,Approved,0
CLM501771,PH101423,Health,Dental,Wales,Call Center,2024-03-30,2024-04-16,17,978.58,2,0,True,Approved,0
CLM501772,PH100139,Travel,Delay,Wales,Broker,2024-06-06,2024-06-09,3,776.91,4,0,True,Approved,0
CLM501773,PH100756,Home,Fire,South West,Broker,2024-01-12,2024-02-06,25,13546.71,4,1,True,Rejected,0
CLM501774,PH100822,Commercial,Liability,Midlands,Branch,2024-11-26,2024-12-09,13,14925.82,2,2,True,Approved,0
CLM501775,PH100769,Home,Fire,Scotland,Online,2023-01-07,2023-01-08,1,15034.75,3,0,True,Under Review,1
CLM501776,PH100434,Life,Critical Illness,North West,Online,2023-08-21,2023-08-25,4,149925.28,0,1,True,Under Review,0
CLM501777,PH100890,Travel,Cancellation,Midlands,Online,2023-05-14,2023-05-25,11,1400.22,7,2,False,Pending,0
CLM501778,PH101366,Commercial,Business Interruption,South East,Online,2024-02-23,2024-02-27,4,50672.66,5,3,False,Rejected,0
CLM501779,PH100131,Auto,Third Party,Wales,Mobile App,2024-07-10,2024-07-25,15,5044.77,1,2,True,Rejected,0
CLM501780,PH100464,Life,Death Benefit,Scotland,Branch,2023-11-04,2023-11-04,0,96282.04,7,0,False,Approved,0
CLM501781,PH100325,Auto,Third Party,North East,Broker,2023-07-03,2023-07-26,23,1575.83,1,3,False,Pending,0
CLM501782,PH101409,Travel,Lost Luggage,Scotland,Call Center,2023-10-25,2023-11-19,25,1746.26,5,1,True,Approved,0
CLM501783,PH101177,Travel,Delay,North East,Broker,2024-10-15,2024-11-05,21,3935.95,1,0,True,Under Review,0
CLM501784,PH100013,Life,Death Benefit,North East,Branch,2024-06-18,2024-07-16,28,64431.37,4,0,False,Approved,0
CLM501785,PH100138,Auto,Theft,Wales,Broker,2023-08-01,2023-08-19,18,3416.74,7,0,True,Pending,0
CLM501786,PH101024,Life,Death Benefit,Wales,Broker,2023-07-11,2023-08-03,23,51302.97,0,0,False,Under Review,0
CLM501787,PH100626,Home,Flood,North East,Branch,2024-05-14,2024-05-23,9,5602.34,2,1,True,Approved,0
CLM501788,PH100196,Home,Fire,North West,Branch,2023-01-17,2023-01-19,2,2764.8,6,2,False,Approved,0
CLM501789,PH100982,Home,Storm,South West,Mobile App,2024-07-04,2024-07-28,24,3946.13,1,2,False,Rejected,0
CLM501790,PH101298,Health,Hospitalisation,London,Branch,2024-03-07,2024-03-27,20,2678.33,3,3,False,Approved,0
CLM501791,PH100505,Health,Optical,Yorkshire,Online,2023-02-13,2023-02-27,14,3357.66,0,2,True,Pending,0
CLM501792,PH100950,Life,Critical Illness,Scotland,Mobile App,2023-07-14,2023-07-15,1,29234.89,6,2,True,Pending,0
CLM501793,PH100963,Auto,Theft,Scotland,Mobile App,2024-09-27,2024-10-07,10,2747.73,4,1,True,Approved,0
CLM501794,PH100836,Auto,Theft,South East,Call Center,2023-10-30,2023-10-31,1,932.06,5,2,False,Approved,0
CLM501795,PH100853,Health,Outpatient,Scotland,Mobile App,2023-01-12,2023-01-14,2,990.34,6,1,True,Approved,0
CLM501796,PH100109,Life,Critical Illness,North West,Broker,2023-03-09,2023-03-18,9,120035.79,3,2,True,Pending,0
CLM501797,PH100653,Travel,Cancellation,Midlands,Mobile App,2023-01-11,2023-01-18,7,3228.03,3,3,False,Pending,0
CLM501798,PH100122,Home,Accidental Damage,Wales,Broker,2024-11-14,2024-12-03,19,16608.13,1,3,False,Under Review,0
CLM501799,PH100675,Commercial,Liability,Wales,Branch,2023-08-18,2023-08-19,1,9917.84,6,2,False,Approved,0
CLM501800,PH101318,Auto,Collision,Yorkshire,Mobile App,2023-06-12,2023-06-30,18,4334.09,1,0,True,Rejected,0
CLM501801,PH100499,Commercial,Property Damage,Wales,Call Center,2024-10-15,2024-10-15,0,5889.54,1,2,True,Under Review,0
CLM501802,PH100650,Travel,Delay,South East,Mobile App,2023-04-15,2023-04-15,0,5998.53,1,2,True,Pending,1
CLM501803,PH100508,Life,Death Benefit,London,Call Center,2024-02-13,2024-02-23,10,76808.6,1,0,True,Approved,0
CLM501804,PH101293,Auto,Windscreen,London,Mobile App,2024-06-05,2024-07-01,26,1772.18,4,2,True,Approved,0
CLM501805,PH100187,Auto,Fire,Wales,Branch,2024-06-24,2024-06-25,1,4139.53,1,1,True,Under Review,1
CLM501806,PH101206,Home,Flood,Northern Ireland,Online,2023-04-16,2023-04-19,3,6156.91,4,1,False,Under Review,0
CLM501807,PH100258,Travel,Delay,Midlands,Mobile App,2023-07-06,2023-07-23,17,820.94,6,0,True,Approved,0
CLM501808,PH101112,Auto,Collision,South East,Call Center,2024-10-16,2024-10-21,5,1166.31,2,1,True,Approved,0
CLM501809,PH100899,Auto,Theft,Northern Ireland,Mobile App,2023-11-19,2023-12-18,29,1774.46,2,3,False,Approved,0
CLM501810,PH100832,Home,Fire,Yorkshire,Call Center,2024-08-22,2024-09-03,12,9758.21,7,1,True,Under Review,0
CLM501811,PH100842,Life,Critical Illness,Midlands,Mobile App,2024-04-21,2024-04-26,5,33762.46,1,0,True,Pending,0
CLM501812,PH100735,Life,Death Benefit,North West,Mobile App,2023-06-14,2023-06-21,7,40166.86,5,2,False,Rejected,0
CLM501813,PH101073,Home,Flood,Northern Ireland,Mobile App,2023-07-31,2023-07-31,0,20625.13,4,3,False,Pending,1
CLM501814,PH100370,Auto,Theft,Northern Ireland,Online,2024-07-12,2024-07-18,6,8575.1,2,1,True,Rejected,0
CLM501815,PH100089,Home,Flood,Wales,Branch,2023-04-23,2023-04-23,0,,3,3,False,Rejected,1
CLM501816,PH100421,Home,Accidental Damage,North East,Online,2024-04-24,2024-04-28,4,3102.94,2,0,False,Approved,0
CLM501817,PH100661,Commercial,Property Damage,Wales,Broker,2023-12-21,2024-01-18,28,11475.02,2,2,True,Pending,0
CLM501818,PH100063,Commercial,Liability,South East,Call Center,2024-03-24,2024-03-29,5,12151.88,4,0,True,Approved,0
CLM501819,PH100932,Health,Hospitalisation,North East,Mobile App,2024-12-02,2024-12-14,12,912.58,0,3,True,Approved,0
CLM501820,PH100635,Commercial,Property Damage,Wales,Broker,2023-08-18,2023-09-02,15,13325.0,6,1,True,Approved,0
CLM501821,PH101003,Travel,Cancellation,Wales,Broker,2024-04-30,2024-05-19,19,435.46,0,0,False,Approved,0
CLM501822,PH100919,Home,Accidental Damage,South West,Branch,2023-11-30,2023-11-30,0,4127.69,4,1,True,Approved,0
CLM501823,PH100186,Travel,Delay,North East,Call Center,2024-12-16,2024-12-29,13,4052.45,6,1,True,Approved,0
CLM501824,PH100577,Commercial,Property Damage,Yorkshire,Broker,2023-08-04,2023-08-26,22,38184.75,4,2,False,Approved,0
CLM501825,PH100471,Travel,Lost Luggage,North East,Online,2024-10-19,2024-10-29,10,1110.64,2,3,True,Approved,0
CLM501826,PH101201,Life,Death Benefit,North East,Branch,2023-12-25,2024-01-05,11,39075.58,2,1,False,Pending,0
CLM501827,PH100047,Auto,Theft,North East,Online,2023-07-18,2023-07-21,3,1865.92,2,1,False,Pending,0
CLM501828,PH100825,Life,Critical Illness,Northern Ireland,Broker,2023-10-10,2023-11-05,26,106669.69,2,1,True,Approved,0
CLM501829,PH101169,Health,Hospitalisation,South West,Broker,2023-04-16,2023-04-16,0,2034.22,1,1,True,Approved,0
CLM501830,PH100441,Commercial,Liability,London,Broker,2024-07-08,2024-07-15,7,8548.18,0,3,False,Approved,0
CLM501831,PH100597,Commercial,Business Interruption,Midlands,Mobile App,2023-01-04,2023-02-01,28,24248.69,0,0,False,Pending,0
CLM501832,PH100270,Auto,Collision,South East,Online,2023-11-01,2023-11-19,18,7046.01,4,2,False,Rejected,0
CLM501833,PH100103,Travel,Cancellation,Wales,Call Center,2024-06-07,2024-06-18,11,5372.22,7,2,False,Rejected,0
CLM501834,PH100132,Life,Death Benefit,North East,Branch,2024-09-23,2024-10-21,28,42918.62,7,2,False,Approved,0
CLM501835,PH100090,Commercial,Liability,Scotland,Call Center,2023-06-23,2023-07-04,11,56991.49,6,1,True,Rejected,0
CLM501836,PH101406,Life,Death Benefit,North West,Online,2023-08-01,2023-08-15,14,38283.4,4,0,False,Approved,0
CLM501837,PH100403,Auto,Fire,Northern Ireland,Online,2024-05-16,2024-06-10,25,1013.51,5,2,True,Pending,0
CLM501838,PH101077,Auto,Fire,South West,Broker,2023-07-29,2023-08-03,5,14482.76,5,2,True,Pending,0
CLM501839,PH101353,Home,Flood,Wales,Mobile App,2024-02-08,2024-03-04,25,6643.94,3,1,False,Under Review,0
CLM501840,PH100320,Health,Dental,London,Branch,2023-10-13,2023-10-20,7,598.73,0,3,True,Pending,0
CLM501841,PH101428,Home,Flood,North East,Online,2023-07-23,2023-07-23,0,3199.62,3,2,True,Approved,0
CLM501842,PH100146,Life,Critical Illness,South West,Mobile App,2024-03-31,2024-04-22,22,47824.48,6,3,False,Approved,0
CLM501843,PH101066,Auto,Third Party,Yorkshire,Online,2024-12-26,2025-01-04,9,5284.24,3,1,True,Under Review,0
CLM501844,PH100313,Health,Optical,North West,Branch,2023-12-10,2023-12-20,10,5131.01,0,2,False,Approved,0
CLM501845,PH100360,Travel,Cancellation,Northern Ireland,Mobile App,2024-04-15,2024-04-16,1,1057.56,7,0,False,Approved,0
CLM501846,PH101308,Health,Dental,Yorkshire,Mobile App,2024-11-25,2024-11-26,1,20540.79,1,2,True,Under Review,1
CLM501847,PH100198,Auto,Windscreen,Northern Ireland,Online,2024-06-09,2024-06-10,1,1420.36,3,3,True,Approved,0
CLM501848,PH101472,Auto,Windscreen,Wales,Mobile App,2023-09-04,2023-09-04,0,10458.56,2,1,False,Under Review,1
CLM501849,PH100861,Auto,Fire,South West,Branch,2023-09-27,2023-10-03,6,6252.35,0,2,True,Under Review,0
CLM501850,PH101041,Auto,Fire,South West,Broker,2024-06-25,2024-07-15,20,7451.32,0,3,False,Rejected,0
CLM501851,PH100332,Life,Critical Illness,North West,Branch,2024-06-07,2024-06-17,10,44405.11,5,3,True,Approved,0
CLM501852,PH101065,Commercial,Liability,Scotland,Call Center,2024-02-19,2024-03-09,19,10623.24,3,3,True,Pending,0
CLM501853,PH100974,Travel,Medical,London,Broker,2023-03-25,2023-03-31,6,2042.75,6,0,False,Pending,0
CLM501854,PH100791,Home,Storm,South East,Broker,2024-08-02,2024-08-19,17,9345.07,3,0,False,Rejected,0
CLM501855,PH100879,Home,Flood,London,Online,2024-06-14,2024-06-29,15,15979.23,0,3,True,Approved,0
CLM501856,PH100695,Home,Storm,South West,Online,2023-06-23,2023-06-30,7,6283.27,0,3,True,Under Review,0
CLM501857,PH100493,Auto,Collision,North East,Online,2024-12-08,2024-12-23,15,2477.08,6,2,True,Approved,0
CLM501858,PH101083,Home,Fire,North East,Online,2023-01-03,2023-01-29,26,5539.93,0,3,True,Under Review,0
CLM501859,PH100161,Commercial,Property Damage,Yorkshire,Branch,2024-11-20,2024-12-08,18,26186.94,2,0,True,Rejected,0
CLM501860,PH101230,Home,Accidental Damage,London,Mobile App,2024-04-19,2024-04-21,2,15556.38,5,0,True,Approved,1
CLM501861,PH101032,Health,Dental,North West,Branch,2024-03-31,2024-04-10,10,1213.1,3,3,True,Approved,0
CLM501862,PH100712,Home,Storm,Yorkshire,Branch,2023-04-22,2023-05-11,19,1073.18,2,2,True,Approved,0
CLM501863,PH100239,Life,Death Benefit,London,Branch,2023-06-18,2023-07-17,29,68927.75,6,1,False,Approved,0
CLM501864,PH100742,Life,Death Benefit,Northern Ireland,Online,2023-12-22,2023-12-24,2,90700.98,2,1,False,Rejected,1
CLM501865,PH100115,Home,Burglary,Wales,Call Center,2024-12-21,2025-01-04,14,10971.94,5,3,False,Rejected,0
CLM501866,PH100015,Commercial,Property Damage,Wales,Online,2023-02-06,2023-02-17,11,24769.29,2,3,True,Approved,0
CLM501867,PH100624,Commercial,Business Interruption,Yorkshire,Mobile App,2024-10-21,2024-11-12,22,33293.2,7,0,True,Approved,0
CLM501868,PH100850,Travel,Cancellation,North East,Call Center,2023-05-12,2023-05-19,7,1479.92,5,0,True,Approved,0
CLM501869,PH100009,Commercial,Property Damage,Yorkshire,Branch,2024-08-31,2024-09-17,17,17734.28,6,3,True,Approved,0
CLM501870,PH101104,Life,Death Benefit,London,Mobile App,2023-07-20,2023-07-22,2,215128.54,1,3,True,Pending,1
CLM501871,PH100131,Life,Death Benefit,Wales,Broker,2023-08-28,2023-08-29,1,12740.44,3,2,False,Pending,0
CLM501872,PH100641,Auto,Windscreen,Northern Ireland,Mobile App,2023-05-10,2023-06-05,26,2894.83,0,1,True,Rejected,0
CLM501873,PH101211,Commercial,Business Interruption,North East,Branch,2024-05-06,2024-05-16,10,10094.0,4,3,False,Pending,0
CLM501874,PH100389,Auto,Theft,South West,Broker,2024-08-28,2024-08-29,1,8338.95,6,2,True,Approved,0
CLM501875,PH100022,Travel,Medical,Scotland,Broker,2024-01-21,2024-01-31,10,988.33,3,1,True,Pending,0
CLM501876,PH100107,Commercial,Liability,Scotland,Broker,2024-09-22,2024-09-27,5,14261.8,5,2,False,Approved,0
CLM501877,PH100599,Life,Critical Illness,South West,Mobile App,2023-01-20,2023-02-13,24,40295.32,2,3,False,Pending,0
CLM501878,PH100904,Auto,Windscreen,Yorkshire,Mobile App,2024-07-19,2024-08-08,20,8558.51,3,3,True,Pending,0
CLM501879,PH100321,Health,Optical,South East,Online,2023-03-25,2023-03-31,6,1889.34,7,1,False,Rejected,0
CLM501880,PH100933,Commercial,Liability,North East,Call Center,2024-01-19,2024-02-12,24,12278.31,5,0,True,Pending,0
CLM501881,PH100105,Travel,Delay,Scotland,Online,2023-02-15,2023-02-19,4,2017.98,5,0,True,Approved,0
CLM501882,PH100922,Life,Death Benefit,Wales,Branch,2023-11-21,2023-11-25,4,-74856.72,2,3,True,Approved,0
CLM501883,PH100219,Commercial,Business Interruption,Wales,Call Center,2023-02-25,2023-03-10,13,7374.0,1,0,True,Pending,0
CLM501884,PH100486,Life,Death Benefit,Scotland,Mobile App,2023-04-03,2023-04-07,4,27826.98,0,2,True,Approved,0
CLM501885,PH101035,Auto,Theft,London,Call Center,2024-04-07,2024-05-06,29,10963.23,2,3,True,Approved,0
CLM501886,PH100754,Health,Outpatient,London,Online,2023-02-28,2023-03-01,1,8239.0,7,2,False,Under Review,1
CLM501887,PH101059,Commercial,Business Interruption,Midlands,Call Center,2024-12-23,2024-12-30,7,29888.1,7,3,True,Approved,0
CLM501888,PH100048,Travel,Medical,  SOUTH EAST ,Call Center,2024-11-18,2024-12-14,26,470.88,4,0,True,Approved,0
CLM501889,PH100240,Travel,Delay,North West,Branch,2023-09-04,2023-09-28,24,2130.6,0,2,False,Rejected,0
CLM501890,PH101198,Commercial,Liability,Northern Ireland,Branch,2023-09-16,2023-09-19,3,30688.47,5,3,True,Approved,0
CLM501891,PH100232,Life,Death Benefit,South West,Online,2024-06-10,2024-06-17,7,18461.02,6,3,False,Under Review,0
CLM501892,PH100910,Home,Burglary,North West,Branch,2024-11-01,2024-11-01,0,55642.06,7,0,False,Approved,1
CLM501893,PH100173,Home,Storm,Scotland,Mobile App,2024-08-19,2024-08-20,1,34284.14,2,0,False,Approved,1
CLM501894,PH100079,Home,Fire,Wales,Call Center,2023-03-04,2023-03-17,13,6526.26,5,2,False,Approved,0
CLM501895,PH101326,Auto,Windscreen,Yorkshire,Broker,2024-09-19,2024-09-23,4,8308.69,6,2,False,Approved,0
CLM501896,PH101403,Life,Death Benefit,Northern Ireland,Online,2023-02-10,2023-03-06,24,47933.04,1,0,False,Rejected,0
CLM501897,PH101413,Life,Death Benefit,North East,Branch,2023-11-14,2023-11-15,1,133701.2,1,0,True,Approved,0
CLM501898,PH101373,Home,Storm,Yorkshire,Call Center,2023-06-11,2023-06-14,3,5049.94,3,2,True,Under Review,0
CLM501899,PH100373,Auto,Fire,Midlands,Mobile App,2024-02-13,2024-03-02,18,5711.44,4,2,False,Pending,0
CLM501900,PH100358,Home,Storm,South East,Call Center,2024-01-09,2024-01-10,1,29972.77,2,2,False,Under Review,0
CLM501901,PH100940,Life,Death Benefit,Midlands,Broker,2023-03-01,2023-03-12,11,9335.53,0,2,True,Under Review,0
CLM501902,PH101179,Auto,Windscreen,Wales,Branch,2023-03-18,2023-03-24,6,4780.84,6,1,True,Approved,0
CLM501903,PH101222,Life,Death Benefit,Yorkshire,Online,2024-09-12,2024-10-09,27,54624.28,6,2,False,Pending,0
CLM501904,PH101292,Health,Dental,Wales,Broker,2024-06-12,2024-07-03,21,1832.98,5,3,True,Approved,0
CLM501905,PH101430,Travel,Lost Luggage,Northern Ireland,Mobile App,2024-09-15,2024-10-09,24,891.06,5,0,True,Under Review,0
CLM501906,PH100981,Home,Storm,London,Broker,2024-10-04,2024-10-15,11,11674.06,6,2,True,Under Review,0
CLM501907,PH101462,Travel,Lost Luggage,Midlands,Branch,2023-09-27,2023-10-07,10,1837.9,7,0,False,Approved,0
CLM501908,PH101252,Travel,Lost Luggage,Northern Ireland,Online,2023-02-25,2023-02-27,2,1130.18,0,2,False,Under Review,0
CLM501909,PH101165,Life,Death Benefit,South West,Mobile App,2024-01-22,2024-01-27,5,15946.81,0,3,False,Rejected,0
CLM501910,PH100440,Health,Outpatient,Northern Ireland,Call Center,2024-07-05,2024-07-25,20,1255.92,7,2,True,Approved,0
CLM501911,PH100690,Life,Death Benefit,Wales,Branch,2024-01-05,2024-01-16,11,139531.68,7,1,True,Approved,0
CLM501912,PH100444,Life,Death Benefit,Northern Ireland,Mobile App,2024-05-16,2024-05-29,13,74119.77,4,1,True,Approved,0
CLM501913,PH100081,Home,Accidental Damage,Yorkshire,Branch,2023-11-10,2023-11-28,18,16777.36,3,2,True,Rejected,0
CLM501914,PH101495,Auto,Windscreen,South West,Online,2023-11-22,2023-12-11,19,1277.22,0,2,True,Pending,0
CLM501915,PH100994,Auto,Fire,Midlands,Call Center,2024-01-21,2024-02-14,24,4667.9,1,0,True,Approved,0
CLM501916,PH100871,Home,Accidental Damage,South East,Call Center,2024-07-18,2024-08-10,23,1891.77,2,3,True,Approved,0
CLM501917,PH100454,Life,Death Benefit,Yorkshire,Call Center,2023-03-17,2023-03-21,4,36807.23,0,3,True,Rejected,0
CLM501918,PH100237,Commercial,Property Damage,Northern Ireland,Mobile App,2023-02-19,2023-02-20,1,24439.24,6,2,False,Rejected,1
CLM501919,PH100881,Health,Dental,North West,Branch,2024-07-24,2024-08-20,27,2126.34,7,1,True,Under Review,0
CLM501920,PH101324,Health,Optical,Northern Ireland,Online,2023-07-10,2023-07-10,0,17094.87,2,1,False,Rejected,1
CLM501921,PH100346,Home,Accidental Damage,South West,Branch,2023-06-19,2023-07-07,18,25642.34,4,2,True,Rejected,0
CLM501922,PH100803,Commercial,Liability,London,Call Center,2024-01-21,2024-01-31,10,34375.2,4,0,True,Approved,0
CLM501923,PH101363,Life,Critical Illness,Northern Ireland,Branch,2023-03-27,2023-04-21,25,34363.46,7,1,False,Rejected,0
CLM501924,PH100800,Home,Flood,Northern Ireland,Call Center,2023-02-17,2023-02-17,0,7567.67,1,2,True,Approved,0
CLM501925,PH101411,Commercial,Property Damage,Midlands,Mobile App,2024-11-01,2024-11-03,2,15846.52,5,2,True,Approved,0
CLM501926,PH100488,Commercial,Liability,Wales,Broker,2023-12-01,2023-12-12,11,37478.61,5,2,True,Approved,0
CLM501927,PH101490,Travel,Lost Luggage,South East,Mobile App,2023-12-01,2023-12-18,17,1410.92,2,0,True,Approved,0
CLM501928,PH101124,Commercial,Business Interruption,North East,Broker,2023-04-14,2023-04-15,1,98221.06,6,0,True,Under Review,1
CLM501929,PH100957,Commercial,Liability,North East,Mobile App,2024-05-01,2024-05-23,22,25312.56,3,3,False,Rejected,0
CLM501930,PH101295,Travel,Delay,Northern Ireland,Branch,2024-03-21,2024-04-15,25,368.85,2,2,False,Under Review,0
CLM501931,PH100765,Health,Hospitalisation,Wales,Broker,2023-12-13,2023-12-20,7,2102.93,7,3,True,Pending,0
CLM501932,PH100860,Home,Accidental Damage,Midlands,Call Center,2023-12-06,2024-01-01,26,9333.59,6,1,False,Approved,0
CLM501933,PH100206,Health,Dental,Northern Ireland,Online,2024-08-05,2024-08-25,20,6927.9,2,2,True,Rejected,0
CLM501934,PH100533,Life,Death Benefit,Northern Ireland,Branch,2023-08-13,2023-09-11,29,129836.61,2,3,True,Approved,0
CLM501935,PH100913,Home,Flood,Midlands,Branch,2024-05-22,2024-06-06,15,10254.13,6,2,True,Rejected,0
CLM501936,PH101024,Commercial,Liability,Wales,Mobile App,2024-02-08,2024-02-22,14,29115.16,5,3,True,Approved,0
CLM501937,PH100358,Commercial,Property Damage,South East,Branch,2024-08-31,2024-09-11,11,69766.51,5,3,False,Approved,0
CLM501938,PH101392,Life,Death Benefit,London,Call Center,2024-10-11,2024-10-31,20,,1,2,False,Rejected,0
CLM501939,PH101001,Health,Dental,Yorkshire,Mobile App,2024-03-28,2024-04-01,4,2865.83,2,2,True,Approved,0
CLM501940,PH100345,Commercial,Business Interruption,North East,Branch,2024-07-07,2024-07-18,11,62897.69,2,1,True,Approved,0
CLM501941,PH100901,Commercial,Business Interruption,Northern Ireland,Branch,2024-11-09,2024-11-18,9,20024.39,2,2,False,Approved,0
CLM501942,PH100245,Home,Accidental Damage,Yorkshire,Mobile App,2023-08-20,2023-09-17,28,3658.88,4,0,False,Approved,0
CLM501943,PH100107,Travel,Medical,Scotland,Online,2023-12-21,2024-01-05,15,780.95,2,1,True,Under Review,0
CLM501944,PH100471,Auto,Third Party,North East,Broker,2023-12-27,2023-12-30,3,5623.46,5,3,True,Under Review,0
CLM501945,PH101054,Auto,Third Party,London,Call Center,2023-06-18,2023-07-06,18,2519.42,0,0,True,Rejected,0
CLM501946,PH100641,Health,Optical,Northern Ireland,Broker,2024-08-24,2024-08-27,3,2617.64,2,0,True,Approved,0
CLM501947,PH100936,Auto,Fire,Midlands,Branch,2023-08-22,2023-09-05,14,9557.99,7,0,True,Approved,0
CLM501948,PH100169,Home,Accidental Damage,South West,Online,2024-12-28,2025-01-17,20,3491.13,1,1,False,Approved,0
CLM501949,PH100801,Commercial,Liability,Midlands,Call Center,2024-06-04,2024-07-02,28,48751.43,0,2,True,Approved,0
CLM501950,PH101262,Health,Outpatient,North West,Online,2023-08-24,2023-09-09,16,3772.01,7,3,True,Approved,0
CLM501951,PH100295,Travel,Medical,North East,Broker,2023-12-23,2023-12-25,2,1241.92,6,0,False,Approved,0
CLM501952,PH100968,Home,Fire,Midlands,Call Center,2023-02-09,2023-03-05,24,2509.35,6,2,True,Approved,0
CLM501953,PH101370,Life,Critical Illness,Midlands,Branch,2023-10-14,2023-10-31,17,17654.59,4,2,True,Approved,0
CLM501954,PH101449,Travel,Lost Luggage,Yorkshire,Broker,2023-10-04,2023-10-04,0,960.44,5,0,False,Approved,0
CLM501955,PH100635,Commercial,Property Damage,Wales,Branch,2024-08-15,2024-09-13,29,11085.68,6,2,True,Under Review,0
CLM501956,PH100950,Life,Critical Illness,Scotland,Broker,2024-03-04,2024-03-18,14,34880.03,1,3,True,Approved,0
CLM501957,PH100559,Auto,Fire,Wales,Online,2024-12-19,2025-01-15,27,479.5,2,0,True,Under Review,0
CLM501958,PH100033,Health,Dental,South East,Branch,2024-10-04,2024-10-23,19,1722.06,2,2,True,Pending,0
CLM501959,PH101364,Health,Dental,Midlands,Mobile App,2023-08-03,2023-08-05,2,9805.4,3,2,False,Under Review,1
CLM501960,PH100143,Health,Outpatient,Midlands,Broker,2024-06-13,2024-07-08,25,3972.9,4,0,False,Approved,0
CLM501961,PH100964,Commercial,Liability,  SOUTH EAST ,Branch,2024-09-13,2024-10-09,26,46369.65,1,3,True,Pending,0
CLM501962,PH100558,Commercial,Business Interruption,South East,Mobile App,2023-09-29,2023-10-09,10,26905.18,5,1,False,Pending,0
CLM501963,PH101185,Home,Burglary,Midlands,Call Center,2024-11-17,2024-12-09,22,11481.18,4,0,True,Under Review,0
CLM501964,PH101303,Travel,Delay,London,Online,2024-09-20,2024-09-29,9,334.12,2,0,True,Rejected,0
CLM501965,PH101499,Home,Storm,Scotland,Online,2023-11-23,2023-12-09,16,8400.22,6,2,False,Pending,0
CLM501966,PH101477,Health,Hospitalisation,Scotland,Branch,2024-02-17,2024-03-06,18,3007.71,6,2,True,Approved,0
CLM501967,PH100652,Travel,Medical,Wales,Call Center,2023-07-07,2023-07-30,23,2023.02,3,2,True,Approved,0
CLM501968,PH100230,Health,Dental,Yorkshire,Broker,2023-10-18,2023-10-19,1,1427.22,2,3,False,Under Review,0
CLM501969,PH100416,Auto,Collision,South West,Mobile App,2024-10-22,2024-11-08,17,1841.24,2,3,True,Pending,0
CLM501970,PH100021,Commercial,Liability,South East,Online,2023-02-25,2023-03-22,25,20086.91,6,3,True,Approved,0
CLM501971,PH100214,Travel,Cancellation,Midlands,Broker,2024-08-09,2024-08-30,21,1212.0,2,1,True,Under Review,0
CLM501972,PH100980,Commercial,Property Damage,Wales,Mobile App,2024-05-12,2024-06-07,26,47895.57,7,3,True,Approved,0
CLM501973,PH101094,Auto,Collision,Northern Ireland,Mobile App,2024-10-10,2024-10-29,19,1120.43,0,1,True,Approved,0
CLM501974,PH100293,Commercial,Business Interruption,North West,Branch,2024-05-06,2024-05-06,0,35586.97,1,1,False,Rejected,1
CLM501975,PH100955,Travel,Cancellation,Northern Ireland,Call Center,2023-06-08,2023-07-01,23,1963.36,1,1,True,Approved,0
CLM501976,PH100645,Health,Optical,Midlands,Broker,2024-11-17,2024-12-05,18,2548.82,2,3,True,Approved,0
CLM501977,PH100796,Home,Fire,South West,Mobile App,2024-03-18,2024-03-22,4,5325.47,3,3,True,Approved,0
CLM501978,PH101255,Commercial,Property Damage,Scotland,Branch,2024-10-29,2024-11-21,23,30635.34,5,2,True,Approved,0
CLM501979,PH100944,Travel,Cancellation,South East,Branch,2024-12-13,2024-12-31,18,122.71,3,3,False,Approved,0
CLM501980,PH100377,Home,Flood,Midlands,Branch,2023-06-04,2023-07-02,28,11953.11,5,0,False,Approved,0
CLM501981,PH101236,Life,Death Benefit,Northern Ireland,Mobile App,2024-01-27,2024-02-17,21,14776.26,5,3,True,Approved,0
CLM501982,PH100378,Life,Critical Illness,Yorkshire,Call Center,2023-01-14,2023-01-26,12,16593.74,1,2,True,Approved,0
CLM501983,PH100654,Life,Critical Illness,South West,Call Center,2024-09-14,2024-10-09,25,38768.2,4,1,True,Approved,0
CLM501984,PH101252,Health,Optical,Northern Ireland,Branch,2023-06-29,2023-07-26,27,1229.64,2,3,True,Approved,0
CLM501985,PH100633,Commercial,Property Damage,North East,Branch,2024-01-28,2024-02-17,20,14868.73,1,0,True,Rejected,0
CLM501986,PH100048,Auto,Theft,South East,Call Center,2024-04-02,2024-04-17,15,378.85,3,0,True,Approved,0
CLM501987,PH100683,Auto,Theft,Midlands,Online,2024-11-30,2024-12-08,8,2098.88,7,1,True,Approved,0
CLM501988,PH101321,Home,Accidental Damage,Wales,Online,2023-08-27,2023-09-19,23,601.58,4,1,False,Approved,0
CLM501989,PH100121,Auto,Theft,Northern Ireland,Call Center,2024-03-03,2024-03-29,26,3357.42,6,1,True,Under Review,0
CLM501990,PH100312,Life,Critical Illness,Northern Ireland,Broker,2023-06-11,2023-06-19,8,14876.69,5,0,False,Approved,0
CLM501991,PH101498,Home,Accidental Damage,North West,Broker,2023-09-02,2023-09-29,27,19737.34,7,3,True,Approved,0
CLM501992,PH100462,Commercial,Business Interruption,Yorkshire,Online,2023-07-26,2023-08-05,10,30030.29,1,3,True,Approved,0
CLM501993,PH101344,Home,Burglary,Scotland,Mobile App,2024-01-24,2024-02-01,8,13588.57,4,3,True,Approved,0
CLM501994,PH100209,Life,Critical Illness,North West,Broker,2024-02-01,2024-02-06,5,29592.77,3,0,True,Approved,0
CLM501995,PH100563,Life,Death Benefit,North East,Branch,2023-10-21,2023-11-10,20,15008.28,1,2,False,Approved,0
CLM501996,PH100902,Travel,Lost Luggage,Midlands,Online,2023-06-02,2023-06-12,10,880.44,0,3,False,Under Review,0
CLM501997,PH100130,Auto,Theft,Scotland,Call Center,2024-09-12,2024-10-05,23,8744.96,7,3,True,Under Review,0
CLM501998,PH100446,Travel,Medical,Scotland,Call Center,2023-05-16,2023-06-11,26,1952.28,0,1,False,Approved,0
CLM501999,PH100018,Auto,Third Party,Midlands,Broker,2024-12-15,2025-01-13,29,3394.6,4,3,True,Approved,0
CLM502000,PH101452,Commercial,Property Damage,Wales,Broker,2023-05-27,2023-06-16,20,37055.83,3,3,True,Rejected,0
CLM502001,PH100582,Home,Burglary,North West,Branch,2023-03-08,2023-03-13,5,12852.46,3,3,True,Approved,0
CLM502002,PH100564,Auto,Collision,North East,Call Center,2023-02-24,2023-03-02,6,5331.1,2,3,True,Rejected,0
CLM502003,PH100061,Home,Burglary,Scotland,Mobile App,2023-11-07,2023-11-26,19,9559.27,7,1,True,Approved,0
CLM502004,PH100397,Commercial,Liability,Northern Ireland,Call Center,2023-04-23,2023-05-13,20,14187.61,6,0,True,Approved,0
CLM502005,PH101142,Home,Burglary,South East,Online,2024-08-13,2024-09-10,28,4425.43,3,0,True,Pending,0
CLM502006,PH100528,Health,Dental,South East,Branch,2023-05-17,2023-06-05,19,1573.05,7,2,True,Approved,0
CLM502007,PH100288,Travel,Delay,South East,Mobile App,2023-01-13,2023-01-15,2,3711.77,3,2,False,Under Review,1
CLM502008,PH101155,Auto,Fire,South East,Online,2023-03-14,2023-03-26,12,2319.38,7,3,True,Under Review,0
CLM502009,PH100880,Auto,Third Party,Yorkshire,Online,2023-05-26,2023-06-19,24,9531.42,7,1,False,Approved,0
CLM502010,PH101097,Auto,Collision,South East,Branch,2023-04-27,2023-05-11,14,4086.58,1,1,True,Approved,0
CLM502011,PH100701,Auto,Third Party,North West,Call Center,2024-03-31,2024-03-31,0,8351.27,4,2,True,Under Review,1
CLM502012,PH100547,Auto,Fire,Yorkshire,Call Center,2024-03-18,2024-04-06,19,2188.0,1,2,True,Under Review,0
CLM502013,PH101161,Auto,Windscreen,Scotland,Branch,2024-08-18,2024-08-21,3,1832.22,3,3,False,Pending,0
CLM502014,PH100006,Auto,Third Party,Midlands,Call Center,2023-10-06,2023-11-03,28,1641.8,4,2,True,Approved,0
CLM502015,PH100648,Commercial,Property Damage,Northern Ireland,Online,2023-03-09,2023-04-01,23,17759.87,0,2,False,Approved,0
CLM502016,PH100238,Travel,Medical,Yorkshire,Mobile App,2023-05-08,2023-05-09,1,1972.74,0,0,True,Under Review,0
CLM502017,PH100824,Travel,Delay,Midlands,Broker,2023-09-04,2023-09-20,16,1452.88,3,3,True,Rejected,0
CLM502018,PH100163,Auto,Windscreen,Scotland,Mobile App,2023-09-15,2023-10-13,28,3887.4,0,3,True,Approved,0
CLM502019,PH100910,Travel,Lost Luggage,North West,Mobile App,2024-01-29,2024-02-01,3,1670.33,6,3,True,Under Review,0
CLM502020,PH101217,Commercial,Business Interruption,Scotland,Call Center,2024-07-26,2024-08-02,7,7835.42,0,3,True,Approved,0
CLM502021,PH100225,Travel,Delay,North East,Online,2023-08-23,2023-08-28,5,726.33,2,0,False,Approved,0
CLM502022,PH100037,Home,Storm,South East,Mobile App,2023-01-16,2023-01-18,2,2566.91,0,1,True,Approved,0
CLM502023,PH100781,Auto,Fire,North West,Call Center,2024-05-27,2024-05-28,1,3778.83,0,0,True,Approved,0
CLM502024,PH101264,Travel,Lost Luggage,Midlands,Call Center,2023-06-08,2023-06-14,6,3751.47,0,2,True,Rejected,0
CLM502025,PH100398,Travel,Cancellation,London,Online,2024-09-30,2024-10-20,20,1175.17,7,1,True,Pending,0
CLM502026,PH100397,Life,Death Benefit,Northern Ireland,Mobile App,2024-04-03,2024-04-06,3,113408.51,2,0,True,Approved,0
CLM502027,PH100672,Health,Dental,Midlands,Online,2023-02-23,2023-03-18,23,3239.28,4,2,True,Approved,0
CLM502028,PH100238,Health,Outpatient,Yorkshire,Online,2024-04-25,2024-05-21,26,4145.8,0,3,True,Approved,0
CLM502029,PH100863,Health,Outpatient,South West,Broker,2024-08-07,2024-09-03,27,5481.4,2,0,True,Approved,0
CLM502030,PH100787,Home,Fire,London,Call Center,2023-11-28,2023-12-02,4,5791.49,1,3,True,Approved,0
CLM502031,PH100049,Auto,Fire,North East,Mobile App,2024-11-13,2024-12-11,28,4623.88,4,0,True,Approved,0
CLM502032,PH100810,Auto,Windscreen,North West,Branch,2024-07-23,2024-08-03,11,1280.5,1,3,True,Pending,0
CLM502033,PH101048,Life,Death Benefit,Scotland,Broker,2023-07-26,2023-08-10,15,23882.76,4,0,True,Pending,0
CLM502034,PH100729,Commercial,Property Damage,South West,Branch,2024-07-30,2024-08-01,2,16178.38,7,0,True,Approved,0
CLM502035,PH100530,Travel,Lost Luggage,Scotland,Call Center,2024-08-26,2024-09-21,26,2947.24,5,0,True,Approved,0
CLM502036,PH100734,Life,Critical Illness,Scotland,Online,2023-05-30,2023-06-05,6,32203.78,0,1,False,Approved,0
CLM502037,PH101480,Life,Critical Illness,Wales,Mobile App,2023-03-16,2023-03-23,7,118447.7,2,3,True,Approved,0
CLM502038,PH100221,Commercial,Business Interruption,North West,Branch,2024-07-13,2024-07-31,18,35960.28,1,3,False,Approved,0
CLM502039,PH100409,Health,Outpatient,Wales,Broker,2024-06-18,2024-07-13,25,5085.78,0,3,True,Approved,0
CLM502040,PH100666,Travel,Delay,Midlands,Branch,2023-05-19,2023-05-19,0,349.17,7,3,False,Pending,0
CLM502041,PH100473,Travel,Lost Luggage,Yorkshire,Broker,2023-09-14,2023-09-20,6,1975.7,3,2,False,Approved,0
CLM502042,PH100411,Health,Dental,Northern Ireland,Mobile App,2023-07-27,2023-08-04,8,434.03,7,2,True,Under Review,0
CLM502043,PH101434,Travel,Cancellation,Midlands,Call Center,2024-08-30,2024-09-24,25,3202.33,4,0,True,Approved,0
CLM502044,PH100892,Commercial,Liability,Wales,Broker,2023-11-08,2023-11-08,0,20730.71,4,2,False,Under Review,0
CLM502045,PH100470,Travel,Medical,North West,Branch,2024-01-15,2024-01-31,16,558.7,6,3,False,Rejected,0
CLM502046,PH101239,Health,Outpatient,North West,Online,2023-12-11,2023-12-23,12,993.19,3,3,True,Approved,0
CLM502047,PH100954,Health,Dental,Midlands,Online,2023-08-23,2023-09-05,13,1569.82,7,0,True,Approved,0
CLM502048,PH101422,Auto,Fire,North East,Broker,2023-01-01,2023-01-17,16,1734.71,5,2,False,Approved,0
CLM502049,PH100269,Life,Critical Illness,Northern Ireland,Mobile App,2024-09-03,2024-09-07,4,27068.11,3,1,False,Approved,0
CLM502050,PH100828,Commercial,Liability,South West,Branch,2023-11-07,2023-11-11,4,1756.12,0,2,False,Approved,0
CLM502051,PH100154,Life,Death Benefit,London,Broker,2023-04-24,2023-05-04,10,73848.07,5,1,False,Approved,0
CLM502052,PH101251,Auto,Windscreen,Scotland,Online,2024-07-21,2024-07-23,2,3579.28,4,0,False,Pending,0
CLM502053,PH100206,Auto,Windscreen,Northern Ireland,Branch,2024-02-08,2024-02-25,17,2539.16,1,0,False,Approved,0
CLM502054,PH100257,Health,Outpatient,South East,Broker,2023-02-03,2023-02-26,23,4358.55,4,2,False,Approved,0
CLM502055,PH100366,Travel,Delay,South West,Call Center,2024-12-15,2025-01-07,23,1609.71,6,0,True,Pending,0
CLM502056,PH100843,Home,Burglary,Scotland,Broker,2023-07-18,2023-08-04,17,2648.29,1,3,False,Approved,0
CLM502057,PH101004,Auto,Collision,Yorkshire,Online,2023-11-01,2023-11-20,19,4922.34,4,2,True,Approved,0
CLM502058,PH100431,Commercial,Property Damage,North East,Mobile App,2024-07-05,2024-07-08,3,61336.81,0,3,True,Approved,0
CLM502059,PH100644,Commercial,Business Interruption,Northern Ireland,Call Center,2024-05-15,2024-05-25,10,43236.96,0,2,False,Approved,0
CLM502060,PH101462,Health,Optical,Midlands,Mobile App,2023-06-01,2023-06-27,26,876.21,6,3,True,Approved,0
CLM502061,PH100759,Auto,Third Party,Midlands,Mobile App,2024-12-11,2025-01-06,26,9569.45,2,0,True,Pending,0
CLM502062,PH100780,Life,Death Benefit,London,Broker,2024-10-29,2024-11-03,5,129430.96,7,0,True,Rejected,0
CLM502063,PH100042,Travel,Medical,Scotland,Broker,2023-11-29,2023-12-11,12,1151.25,0,1,False,Approved,0
CLM502064,PH101247,Home,Flood,South East,Branch,2023-07-17,2023-08-09,23,3351.86,1,0,True,Approved,0
CLM502065,PH100122,Life,Critical Illness,Wales,Branch,2023-10-14,2023-10-17,3,52437.26,4,0,True,Pending,0
CLM502066,PH100968,Auto,Windscreen,Midlands,Broker,2024-02-10,2024-03-02,21,4299.2,5,3,False,Approved,0
CLM502067,PH100651,Travel,Cancellation,London,Mobile App,2023-10-01,2023-10-22,21,654.06,1,0,True,Approved,0
CLM502068,PH100233,Travel,Lost Luggage,London,Mobile App,2024-03-11,2024-03-28,17,101.19,4,0,True,Approved,0
CLM502069,PH100084,Home,Accidental Damage,Scotland,Broker,2024-04-03,2024-04-27,24,2940.52,6,1,True,Approved,0
CLM502070,PH101211,Life,Death Benefit,North East,Online,2024-06-16,2024-06-25,9,66083.39,6,1,False,Approved,0
CLM502071,PH100746,Life,Death Benefit,Wales,Broker,2023-02-27,2023-03-03,4,30785.87,6,0,True,Approved,0
CLM502072,PH100128,Life,Death Benefit,Midlands,Broker,2023-01-15,2023-02-02,18,43491.72,3,1,True,Approved,0
CLM502073,PH100091,Health,Hospitalisation,Scotland,Online,2023-08-24,2023-08-26,2,13531.05,7,2,False,Under Review,1
CLM502074,PH100665,Travel,Lost Luggage,Wales,Call Center,2023-08-03,2023-08-05,2,2038.06,1,1,True,Pending,0
CLM502075,PH100695,Health,Hospitalisation,South West,Branch,2024-06-25,2024-06-30,5,4687.6,2,0,True,Approved,0
CLM502076,PH101177,Health,Optical,North East,Mobile App,2024-10-16,2024-10-28,12,4641.01,3,1,True,Approved,0
CLM502077,PH101341,Travel,Delay,Wales,Broker,2023-11-11,2023-11-11,0,469.79,6,1,True,Approved,0
CLM502078,PH100501,Home,Storm,South West,Branch,2023-10-03,2023-10-16,13,1749.51,1,1,False,Under Review,0
CLM502079,PH100178,Commercial,Business Interruption,North West,Call Center,2024-04-13,2024-04-21,8,27555.53,3,3,True,Approved,0
CLM502080,PH101119,Health,Optical,London,Online,2024-04-09,2024-04-21,12,1757.44,0,1,False,Rejected,0
CLM502081,PH101106,Commercial,Property Damage,South East,Online,2023-08-20,2023-08-23,3,9067.09,6,0,True,Approved,0
CLM502082,PH100628,Life,Death Benefit,Yorkshire,Branch,2023-03-09,2023-03-28,19,17383.56,7,2,False,Pending,0
CLM502083,PH100603,Auto,Windscreen,South West,Online,2024-05-26,2024-05-29,3,2029.43,6,0,True,Approved,0
CLM502084,PH101393,Commercial,Liability,London,Mobile App,2024-10-27,2024-11-19,23,25672.34,6,1,True,Approved,0
CLM502085,PH101096,Commercial,Liability,Midlands,Mobile App,2024-03-22,2024-04-18,27,41025.1,6,0,False,Approved,0
CLM502086,PH100865,Auto,Fire,North East,Online,2023-02-23,2023-02-25,2,5432.57,2,3,False,Rejected,0
CLM502087,PH101191,Travel,Medical,Scotland,Call Center,2024-02-18,2024-02-21,3,817.84,7,0,True,Approved,0
CLM502088,PH101134,Commercial,Property Damage,Northern Ireland,Call Center,2023-07-22,2023-08-18,27,38793.04,2,3,True,Pending,0
CLM502089,PH100022,Home,Storm,Scotland,Call Center,2023-08-19,2023-09-13,25,10894.98,2,1,True,Approved,0
CLM502090,PH100002,Life,Death Benefit,Northern Ireland,Online,2023-01-14,2023-01-17,3,47437.91,5,0,True,Approved,0
CLM502091,PH100463,Auto,Fire,London,Branch,2024-12-28,2025-01-15,18,6218.87,7,3,True,Approved,0
CLM502092,PH100049,Health,Optical,North East,Branch,2023-07-21,2023-08-18,28,2017.99,4,0,False,Pending,0
CLM502093,PH100281,Home,Flood,North East,Online,2024-12-17,2025-01-05,19,775.31,5,0,True,Approved,0
CLM502094,PH100012,Home,Flood,London,Online,2023-08-07,2023-08-09,2,17420.13,6,2,True,Pending,0
CLM502095,PH101391,Health,Dental,Yorkshire,Mobile App,2023-06-12,2023-07-02,20,3177.42,0,3,False,Pending,0
CLM502096,PH100344,Auto,Collision,Midlands,Branch,2024-10-17,2024-11-09,23,3011.57,3,2,True,Approved,0
CLM502097,PH100516,Travel,Lost Luggage,South East,Mobile App,2023-02-09,2023-02-09,0,1439.61,2,3,False,Approved,1
CLM502098,PH100372,Health,Hospitalisation,Scotland,Call Center,2024-09-19,2024-09-19,0,1111.84,0,2,True,Approved,0
CLM502099,PH100898,Health,Hospitalisation,Scotland,Online,2024-03-25,2024-04-22,28,1422.46,7,1,False,Approved,0
CLM502100,PH100713,Life,Death Benefit,North West,Call Center,2024-02-25,2024-03-18,22,49405.7,2,2,True,Under Review,0
CLM502101,PH101227,Auto,Collision,South West,Call Center,2023-03-18,2023-03-31,13,912.92,0,3,False,Rejected,0
CLM502102,PH100262,Home,Storm,North East,Online,2023-12-31,2024-01-20,20,10629.11,6,0,False,Approved,0
CLM502103,PH101446,Health,Dental,Scotland,Call Center,2024-08-27,2024-08-28,1,17989.39,4,3,False,Rejected,1
CLM502104,PH100648,Travel,Cancellation,Northern Ireland,Online,2023-06-28,2023-06-28,0,5523.44,5,3,True,Under Review,1
CLM502105,PH100650,Health,Dental,South East,Call Center,2024-09-02,2024-09-20,18,1540.97,4,0,False,Approved,0
CLM502106,PH101407,Commercial,Liability,South East,Call Center,2024-04-20,2024-05-09,19,32322.0,3,0,False,Approved,0
CLM502107,PH100122,Life,Critical Illness,Wales,Call Center,2023-07-31,2023-08-09,9,13255.02,2,2,False,Approved,0
CLM502108,PH100313,Commercial,Liability,North West,Online,2024-10-01,2024-10-19,18,11193.73,5,2,True,Approved,0
CLM502109,PH100522,Health,Outpatient,Yorkshire,Branch,2023-09-15,2023-10-03,18,609.08,6,0,False,Under Review,0
CLM502110,PH100205,Home,Flood,South West,Call Center,2024-09-14,2024-09-24,10,13698.85,4,2,True,Approved,0
CLM502111,PH101003,Commercial,Property Damage,Wales,Call Center,2024-09-28,2024-10-02,4,27427.4,5,2,False,Rejected,0
CLM502112,PH100416,Home,Accidental Damage,South West,Branch,2024-08-05,2024-08-15,10,10096.96,3,3,True,Approved,0
CLM502113,PH101272,Auto,Collision,Northern Ireland,Broker,2023-12-13,2023-12-18,5,2489.48,5,1,True,Pending,0
CLM502114,PH100899,Health,Outpatient,Northern Ireland,Branch,2023-07-06,2023-07-13,7,671.27,6,2,True,Approved,0
CLM502115,PH100806,Life,Critical Illness,South East,Call Center,2023-07-21,2023-07-21,0,25385.95,4,2,False,Approved,0
CLM502116,PH100329,Travel,Lost Luggage,Northern Ireland,Call Center,2023-07-17,2023-08-14,28,1482.59,1,3,False,Approved,0
CLM502117,PH100368,Life,Death Benefit,Wales,Mobile App,2023-07-18,2023-07-29,11,63142.82,5,0,False,Under Review,0
CLM502118,PH101089,Commercial,Business Interruption,Northern Ireland,Broker,2023-05-02,2023-05-02,0,41745.36,1,3,False,Under Review,1
CLM502119,PH101283,Commercial,Business Interruption,Wales,Online,2023-10-04,2023-10-29,25,6209.13,7,2,True,Rejected,0
CLM502120,PH100646,Travel,Medical,South West,Mobile App,2023-01-26,2023-01-27,1,504.22,7,1,True,Rejected,0
CLM502121,PH101265,Commercial,Liability,Northern Ireland,Mobile App,2024-07-02,2024-07-22,20,40819.83,1,1,True,Approved,0
CLM502122,PH100004,Commercial,Liability,North East,Broker,2023-08-13,2023-08-13,0,33236.06,7,2,True,Rejected,0
CLM502123,PH100965,Home,Accidental Damage,Yorkshire,Call Center,2024-12-17,2024-12-18,1,10478.88,1,2,True,Approved,0
CLM502124,PH100135,Life,Death Benefit,London,Broker,2024-08-20,2024-09-08,19,65266.0,3,2,False,Approved,0
CLM502125,PH100738,Health,Outpatient,South West,Call Center,2024-07-24,2024-07-30,6,1944.12,0,2,False,Approved,0
CLM502126,PH101091,Auto,Third Party,London,Online,2024-12-06,2024-12-08,2,14170.16,7,2,False,Pending,1
CLM502127,PH101219,Travel,Delay,South East,Call Center,2023-05-30,2023-06-16,17,242.75,1,3,False,Approved,0
CLM502128,PH101223,Life,Critical Illness,Midlands,Broker,2023-11-10,2023-11-30,20,31132.73,1,2,True,Approved,0
CLM502129,PH100685,Home,Accidental Damage,South East,Branch,2023-10-07,2023-10-24,17,1470.91,6,2,False,Pending,0
CLM502130,PH101151,Travel,Lost Luggage,Midlands,Call Center,2023-02-14,2023-02-21,7,1044.41,1,3,True,Approved,0
CLM502131,PH100023,Life,Death Benefit,South East,Call Center,2023-07-18,2023-07-23,5,3118.45,2,1,True,Rejected,0
CLM502132,PH101499,Life,Critical Illness,Scotland,Broker,2023-07-27,2023-07-28,1,321693.35,4,0,False,Under Review,1
CLM502133,PH100048,Health,Dental,South East,Broker,2024-06-01,2024-06-23,22,1873.26,3,2,True,Approved,0
CLM502134,PH100194,Commercial,Liability,North East,Online,2023-03-11,2023-03-21,10,45392.74,3,2,True,Approved,0
CLM502135,PH100205,Commercial,Business Interruption,South West,Branch,2023-07-31,2023-07-31,0,25213.63,6,1,False,Approved,0
CLM502136,PH101305,Life,Critical Illness,North East,Online,2023-03-12,2023-03-13,1,88616.39,1,1,True,Approved,1
CLM502137,PH100420,Travel,Lost Luggage,Midlands,Broker,2023-10-13,2023-10-27,14,1417.19,5,3,True,Rejected,0
CLM502138,PH101176,Health,Outpatient,Scotland,Mobile App,2024-04-03,2024-04-23,20,1272.84,5,0,True,Approved,0
CLM502139,PH100272,Auto,Third Party,South West,Broker,2023-11-13,2023-11-14,1,4020.01,4,0,True,Approved,0
CLM502140,PH100623,Travel,Medical,Wales,Branch,2023-01-04,2023-01-30,26,1122.23,1,1,True,Approved,0
CLM502141,PH100561,Home,Storm,South East,Broker,2024-01-18,2024-01-20,2,5088.76,5,1,True,Approved,0
CLM502142,PH100214,Health,Outpatient,Midlands,Mobile App,2024-08-20,2024-09-12,23,2123.77,4,3,False,Approved,0
CLM502143,PH100246,Home,Burglary,North East,Call Center,2023-06-17,2023-06-24,7,9389.86,4,3,False,Approved,0
CLM502144,PH100420,Auto,Windscreen,Midlands,Broker,2023-09-05,2023-09-17,12,7272.59,7,1,True,Pending,0
CLM502145,PH100602,Commercial,Business Interruption,South East,Online,2024-01-20,2024-01-31,11,24694.53,4,0,False,Approved,0
CLM502146,PH101267,Home,Storm,Northern Ireland,Call Center,2023-08-09,2023-08-27,18,4044.63,6,1,True,Rejected,0
CLM502147,PH100867,Auto,Fire,Yorkshire,Branch,2024-01-16,2024-01-23,7,1184.47,0,2,True,Pending,0
CLM502148,PH100255,Travel,Medical,South East,Mobile App,2023-01-17,2023-01-29,12,1140.59,0,1,True,Approved,0
CLM502149,PH100200,Travel,Lost Luggage,Northern Ireland,Branch,2024-06-24,2024-07-09,15,1472.35,1,2,False,Approved,0
CLM502150,PH100348,Auto,Windscreen,South East,Broker,2023-10-11,2023-10-15,4,1071.73,6,1,True,Approved,0
CLM502151,PH100928,Life,Death Benefit,  SOUTH WEST ,Online,2023-05-06,2023-05-21,15,5521.88,4,0,False,Under Review,0
CLM502152,PH101354,Auto,Theft,Wales,Broker,2024-09-14,2024-10-13,29,3679.19,1,0,True,Approved,0
CLM502153,PH100861,Home,Storm,South West,Mobile App,2024-01-20,2024-02-12,23,4227.68,3,1,True,Approved,0
CLM502154,PH100073,Health,Optical,North East,Broker,2023-06-03,2023-06-29,26,1834.8,2,2,True,Approved,0
CLM502155,PH101066,Commercial,Business Interruption,Yorkshire,Online,2024-01-21,2024-02-02,12,39063.24,7,3,False,Rejected,0
CLM502156,PH100747,Health,Hospitalisation,Northern Ireland,Branch,2024-05-02,2024-05-16,14,7629.44,7,1,True,Approved,0
CLM502157,PH100244,Travel,Cancellation,North East,Mobile App,2023-05-03,2023-05-09,6,765.87,7,1,True,Approved,0
CLM502158,PH100550,Health,Dental,Wales,Mobile App,2023-10-06,2023-11-02,27,1114.99,0,1,True,Approved,0
CLM502159,PH100172,Auto,Windscreen,Wales,Online,2024-12-15,2024-12-15,0,6510.61,6,1,False,Rejected,0
CLM502160,PH100551,Home,Accidental Damage,Midlands,Broker,2023-09-13,2023-09-24,11,5937.32,5,2,True,Under Review,0
CLM502161,PH100965,Travel,Lost Luggage,Yorkshire,Call Center,2024-11-03,2024-11-24,21,723.35,1,1,True,Approved,0
CLM502162,PH100198,Health,Outpatient,Northern Ireland,Branch,2024-12-03,2024-12-05,2,173.47,6,0,False,Approved,0
CLM502163,PH101468,Life,Death Benefit,Yorkshire,Mobile App,2023-02-06,2023-02-26,20,24746.87,0,0,True,Approved,0
CLM502164,PH100734,Home,Storm,Scotland,Call Center,2024-10-03,2024-10-25,22,13538.23,7,2,False,Pending,0
CLM502165,PH101042,Travel,Lost Luggage,North East,Broker,2023-09-14,2023-10-04,20,1952.98,7,0,False,Approved,0
CLM502166,PH100277,Life,Critical Illness,North West,Branch,2023-09-04,2023-09-12,8,69892.08,4,1,False,Approved,0
CLM502167,PH100751,Travel,Lost Luggage,North East,Mobile App,2024-05-10,2024-05-15,5,2301.93,0,1,False,Pending,0
CLM502168,PH100696,Auto,Third Party,Scotland,Mobile App,2023-04-26,2023-05-24,28,1282.27,0,0,True,Approved,0
CLM502169,PH101064,Travel,Lost Luggage,North East,Broker,2023-05-26,2023-05-27,1,2141.84,0,2,False,Pending,1
CLM502170,PH100674,Home,Burglary,South West,Broker,2023-04-30,2023-05-04,4,14680.08,1,1,True,Approved,0
CLM502171,PH101203,Health,Dental,South East,Branch,2024-05-14,2024-05-25,11,3530.77,4,1,False,Approved,0
CLM502172,PH100204,Home,Storm,North West,Mobile App,2024-10-10,2024-10-10,0,18102.05,0,3,False,Approved,1
CLM502173,PH100921,Travel,Cancellation,South West,Broker,2023-09-24,2023-10-19,25,2120.33,7,3,True,Approved,0
CLM502174,PH100807,Travel,Lost Luggage,South East,Call Center,2023-12-29,2024-01-25,27,,6,0,True,Approved,0
CLM502175,PH101040,Home,Fire,Scotland,Broker,2024-02-21,2024-03-01,9,10231.73,0,3,False,Approved,0
CLM502176,PH100074,Life,Death Benefit,Midlands,Call Center,2024-09-08,2024-10-02,24,10495.92,5,1,False,Approved,0
CLM502177,PH100134,Travel,Medical,North East,Broker,2023-02-07,2023-02-24,17,1956.12,2,1,True,Approved,0
CLM502178,PH101085,Health,Outpatient,South West,Mobile App,2023-01-22,2023-01-30,8,3112.21,4,0,True,Rejected,0
CLM502179,PH100991,Auto,Fire,North East,Call Center,2023-01-17,2023-02-13,27,3889.78,0,3,True,Under Review,0
CLM502180,PH100063,Home,Storm,South East,Call Center,2023-10-16,2023-10-31,15,5709.13,4,3,True,Approved,0
CLM502181,PH100967,Auto,Third Party,North West,Branch,2024-09-10,2024-09-26,16,11824.85,0,0,True,Approved,0
CLM502182,PH100057,Commercial,Property Damage,South East,Online,2024-08-11,2024-09-01,21,9850.4,6,3,False,Approved,0
CLM502183,PH101325,Auto,Fire,Scotland,Online,2023-12-24,2023-12-28,4,1165.24,1,1,False,Pending,0
CLM502184,PH101242,Travel,Delay,Yorkshire,Call Center,2023-11-26,2023-12-25,29,790.92,1,3,False,Approved,0
CLM502185,PH101047,Auto,Fire,North West,Call Center,2023-04-29,2023-04-30,1,1719.3,1,1,True,Approved,0
CLM502186,PH100651,Health,Dental,London,Branch,2023-06-30,2023-07-09,9,5155.02,3,3,True,Approved,0
CLM502187,PH101200,Health,Optical,South West,Broker,2024-12-20,2024-12-29,9,4087.26,5,3,True,Approved,0
CLM502188,PH100139,Travel,Medical,Wales,Broker,2024-09-17,2024-09-17,0,262.63,2,0,True,Approved,0
CLM502189,PH101496,Life,Death Benefit,Scotland,Mobile App,2024-11-18,2024-11-27,9,33397.22,3,3,True,Pending,0
CLM502190,PH100591,Home,Accidental Damage,North West,Branch,2024-02-23,2024-03-20,26,1578.73,0,3,False,Approved,0
CLM502191,PH100821,Life,Death Benefit,London,Online,2023-06-21,2023-07-06,15,31601.78,7,3,False,Approved,0
CLM502192,PH100996,Home,Flood,London,Call Center,2024-03-22,2024-04-05,14,8305.95,2,0,True,Pending,0
CLM502193,PH100850,Auto,Windscreen,North East,Online,2023-03-07,2023-03-10,3,6038.25,6,1,True,Rejected,0
CLM502194,PH100723,Commercial,Property Damage,Northern Ireland,Mobile App,2024-10-01,2024-10-02,1,44744.74,6,0,False,Approved,0
CLM502195,PH100009,Life,Critical Illness,Yorkshire,Online,2023-06-25,2023-07-20,25,58057.54,7,3,True,Pending,0
CLM502196,PH100609,Life,Critical Illness,South West,Branch,2024-01-16,2024-01-24,8,63011.97,3,2,True,Approved,0
CLM502197,PH100516,Health,Optical,South East,Broker,2023-12-14,2024-01-04,21,2305.81,5,3,True,Approved,0
CLM502198,PH100074,Commercial,Property Damage,Midlands,Online,2024-07-21,2024-08-09,19,24143.08,4,1,True,Approved,0
CLM502199,PH101041,Health,Hospitalisation,South West,Call Center,2024-04-07,2024-04-18,11,2094.33,6,2,True,Approved,0
CLM502200,PH101150,Travel,Medical,Scotland,Branch,2024-07-09,2024-07-14,5,1039.89,2,3,False,Approved,0
CLM502201,PH100244,Travel,Cancellation,North East,Online,2023-06-17,2023-07-01,14,483.02,5,3,True,Approved,0
CLM502202,PH100558,Commercial,Business Interruption,South East,Online,2023-10-24,2023-11-18,25,11786.68,6,1,True,Approved,0
CLM502203,PH100998,Life,Critical Illness,North East,Broker,2023-06-21,2023-07-08,17,54307.68,0,2,True,Pending,0
CLM502204,PH100097,Commercial,Liability,Scotland,Broker,2024-11-22,2024-12-17,25,13789.97,1,1,False,Approved,0
CLM502205,PH100331,Home,Burglary,Yorkshire,Mobile App,2024-10-11,2024-11-07,27,6017.81,3,3,True,Approved,0
CLM502206,PH100012,Home,Storm,London,Branch,2023-07-09,2023-07-11,2,8728.95,7,3,True,Rejected,0
CLM502207,PH101158,Life,Death Benefit,South East,Call Center,2023-01-23,2023-02-06,14,51942.07,7,1,False,Under Review,0
CLM502208,PH100621,Life,Death Benefit,North West,Online,2023-07-16,2023-07-23,7,29890.17,3,1,False,Pending,0
CLM502209,PH100786,Auto,Fire,South East,Mobile App,2024-03-28,2024-04-07,10,8225.93,5,1,False,Under Review,0
CLM502210,PH100749,Life,Death Benefit,Northern Ireland,Broker,2023-11-08,2023-11-20,12,23994.54,7,1,False,Approved,0
CLM502211,PH101385,Auto,Third Party,North East,Branch,2024-09-12,2024-09-12,0,3901.35,1,2,False,Under Review,0
CLM502212,PH100016,Home,Flood,Midlands,Branch,2024-02-09,2024-02-17,8,7075.27,0,0,True,Approved,0
CLM502213,PH100951,Home,Fire,North West,Online,2023-02-22,2023-03-06,12,4308.05,2,3,True,Approved,0
CLM502214,PH100103,Home,Flood,Wales,Online,2023-12-10,2023-12-15,5,19399.66,4,0,False,Approved,0
CLM502215,PH100072,Travel,Cancellation,North West,Call Center,2024-02-29,2024-03-07,7,1200.92,7,2,False,Approved,0
CLM502216,PH100785,Health,Optical,Midlands,Broker,2023-08-18,2023-08-20,2,2476.42,0,0,True,Approved,0
CLM502217,PH100705,Health,Optical,Midlands,Mobile App,2023-10-13,2023-11-06,24,667.48,6,3,True,Approved,0
CLM502218,PH100912,Travel,Medical,South East,Call Center,2023-07-23,2023-08-06,14,97.11,5,2,True,Pending,0
CLM502219,PH100269,Life,Death Benefit,Northern Ireland,Online,2024-06-11,2024-06-11,0,117829.68,0,1,True,Pending,1
CLM502220,PH100205,Auto,Collision,South West,Broker,2024-12-04,2024-12-21,17,2342.42,4,1,False,Approved,0
CLM502221,PH100449,Health,Optical,Wales,Call Center,2024-01-25,2024-02-22,28,6299.09,3,0,True,Under Review,0
CLM502222,PH100064,Home,Fire,North East,Branch,2023-08-07,2023-08-23,16,11714.31,6,1,False,Approved,0
CLM502223,PH100474,Health,Dental,North West,Call Center,2023-12-24,2024-01-21,28,1535.3,0,2,True,Rejected,0
CLM502224,PH100482,Commercial,Business Interruption,North East,Broker,2024-07-20,2024-07-20,0,23593.64,2,2,True,Approved,0
CLM502225,PH100656,Travel,Medical,Midlands,Call Center,2023-12-20,2023-12-20,0,4495.13,7,2,False,Approved,0
CLM502226,PH100547,Travel,Medical,Yorkshire,Mobile App,2024-07-23,2024-08-07,15,1634.98,5,3,True,Approved,0
CLM502227,PH101164,Commercial,Liability,North East,Call Center,2023-04-29,2023-05-02,3,9004.77,0,2,False,Rejected,0
CLM502228,PH100751,Auto,Theft,North East,Mobile App,2024-04-26,2024-04-29,3,4069.59,6,2,True,Approved,0
CLM502229,PH101381,Travel,Lost Luggage,South East,Call Center,2024-10-03,2024-10-18,15,439.95,4,2,False,Approved,0
CLM502230,PH100408,Auto,Theft,South West,Call Center,2024-10-13,2024-10-25,12,2309.1,4,3,True,Rejected,0
CLM502231,PH101047,Life,Death Benefit,North West,Mobile App,2024-09-03,2024-09-16,13,18214.9,5,3,True,Approved,0
CLM502232,PH101353,Life,Critical Illness,Wales,Mobile App,2024-08-16,2024-09-10,25,10217.21,3,1,True,Under Review,0
CLM502233,PH101130,Home,Burglary,London,Mobile App,2023-05-06,2023-05-10,4,3791.1,1,0,True,Approved,0
CLM502234,PH100302,Home,Accidental Damage,South West,Call Center,2024-08-12,2024-08-20,8,6985.17,3,3,False,Approved,0
CLM502235,PH100308,Commercial,Property Damage,London,Broker,2024-03-29,2024-04-02,4,18464.29,7,0,True,Approved,0
CLM502236,PH100089,Commercial,Liability,Wales,Branch,2024-01-17,2024-02-02,16,4699.95,0,2,False,Approved,0
CLM502237,PH101417,Home,Storm,South East,Online,2023-01-05,2023-01-31,26,24978.4,5,2,True,Approved,0
CLM502238,PH100109,Travel,Cancellation,North West,Online,2024-06-07,2024-06-24,17,1401.34,4,2,True,Approved,0
CLM502239,PH100339,Travel,Delay,Yorkshire,Online,2024-05-25,2024-06-08,14,343.33,5,2,False,Under Review,0
CLM502240,PH100661,Travel,Delay,Wales,Broker,2024-10-12,2024-11-07,26,1774.58,5,0,False,Under Review,0
CLM502241,PH100438,Home,Accidental Damage,Northern Ireland,Online,2024-05-29,2024-06-18,20,12166.71,4,2,False,Approved,0
CLM502242,PH100312,Travel,Cancellation,Northern Ireland,Call Center,2024-12-27,2025-01-16,20,350.93,2,1,True,Approved,0
CLM502243,PH100476,Home,Accidental Damage,Midlands,Online,2023-10-10,2023-10-10,0,2713.48,0,2,True,Approved,0
CLM502244,PH100103,Health,Optical,Wales,Call Center,2024-07-24,2024-07-25,1,2739.05,6,1,True,Approved,0
CLM502245,PH100147,Auto,Windscreen,Yorkshire,Broker,2023-04-08,2023-04-08,0,8348.08,0,2,True,Approved,1
CLM502246,PH100128,Health,Dental,Midlands,Mobile App,2024-03-31,2024-04-09,9,3368.01,7,2,True,Approved,0
CLM502247,PH100281,Commercial,Liability,North East,Online,2023-11-17,2023-12-03,16,27431.99,1,0,True,Approved,0
CLM502248,PH100320,Home,Storm,London,Mobile App,2024-05-04,2024-05-09,5,15682.68,3,3,False,Pending,0
CLM502249,PH100903,Home,Storm,London,Branch,2024-10-02,2024-10-04,2,16776.82,3,2,True,Approved,0
CLM502250,PH100679,Commercial,Liability,North East,Broker,2023-01-10,2023-01-14,4,56097.01,5,3,True,Pending,0
CLM502251,PH100132,Home,Accidental Damage,North East,Mobile App,2024-07-15,2024-07-15,0,11499.15,3,3,False,Approved,0
CLM502252,PH101463,Auto,Collision,South West,Branch,2023-12-31,2024-01-24,24,3559.17,5,0,True,Approved,0
CLM502253,PH100989,Commercial,Property Damage,Wales,Broker,2024-03-29,2024-04-17,19,9717.35,2,2,False,Approved,0
CLM502254,PH101081,Life,Critical Illness,North West,Call Center,2024-05-14,2024-05-14,0,54767.54,4,2,True,Pending,0
CLM502255,PH100933,Home,Storm,North East,Call Center,2023-03-07,2023-04-05,29,10210.09,5,0,True,Rejected,0
CLM502256,PH100317,Home,Storm,Scotland,Mobile App,2024-11-11,2024-11-13,2,11777.29,1,2,False,Rejected,1
CLM502257,PH101388,Travel,Medical,Scotland,Broker,2024-11-30,2024-12-21,21,445.21,4,1,True,Approved,0
CLM502258,PH101107,Travel,Medical,Yorkshire,Branch,2024-12-13,2024-12-21,8,1239.23,0,2,True,Pending,0
CLM502259,PH100313,Travel,Delay,North West,Online,2024-01-24,2024-02-11,18,1566.03,7,0,True,Approved,0
CLM502260,PH100103,Commercial,Business Interruption,Wales,Branch,2023-05-01,2023-05-29,28,34924.6,2,2,True,Approved,0
CLM502261,PH101437,Auto,Windscreen,Northern Ireland,Mobile App,2023-07-20,2023-07-20,0,7040.62,7,1,False,Rejected,1
CLM502262,PH101193,Commercial,Liability,London,Online,2023-08-09,2023-08-10,1,19891.53,3,1,False,Rejected,1
CLM502263,PH101002,Auto,Collision,London,Broker,2023-03-27,2023-04-01,5,6779.82,7,3,False,Approved,0
CLM502264,PH100994,Commercial,Property Damage,Midlands,Broker,2024-07-26,2024-07-26,0,43610.61,6,0,False,Rejected,1
CLM502265,PH100174,Health,Dental,Northern Ireland,Branch,2023-07-20,2023-07-28,8,3271.58,7,0,True,Approved,0
CLM502266,PH100831,Auto,Collision,North West,Call Center,2023-04-17,2023-05-16,29,1357.46,2,0,False,Approved,0
CLM502267,PH100293,Travel,Medical,North West,Branch,2024-04-26,2024-04-28,2,4207.86,1,0,True,Pending,0
CLM502268,PH100845,Auto,Theft,Wales,Branch,2023-09-12,2023-09-23,11,7454.71,2,2,True,Approved,0
CLM502269,PH100534,Travel,Delay,London,Online,2024-01-13,2024-02-03,21,1855.72,6,3,True,Approved,0
CLM502270,PH100321,Life,Death Benefit,South East,Call Center,2023-01-11,2023-01-14,3,36799.21,7,2,False,Approved,0
CLM502271,PH100450,Travel,Lost Luggage,Wales,Broker,2023-11-29,2023-12-05,6,1136.33,1,1,True,Rejected,0
CLM502272,PH101401,Auto,Collision,South East,Broker,2023-05-04,2023-05-25,21,11300.31,1,1,False,Approved,0
CLM502273,PH100086,Travel,Delay,South East,Mobile App,2023-01-02,2023-01-24,22,737.66,3,2,True,Approved,0
CLM502274,PH101392,Auto,Windscreen,London,Online,2023-11-16,2023-12-01,15,3317.65,2,0,True,Approved,0
CLM502275,PH101082,Health,Dental,North East,Online,2023-12-07,2023-12-24,17,719.54,5,2,False,Under Review,0
CLM502276,PH101032,Life,Critical Illness,North West,Broker,2024-06-12,2024-06-27,15,35184.59,1,3,True,Pending,0
CLM502277,PH100908,Health,Outpatient,South East,Mobile App,2024-09-24,2024-09-29,5,3392.36,2,0,True,Approved,0
CLM502278,PH101331,Health,Dental,North West,Call Center,2024-08-10,2024-08-13,3,512.26,0,2,True,Approved,0
CLM502279,PH100463,Health,Optical,London,Mobile App,2023-11-11,2023-11-20,9,2332.11,3,0,True,Approved,0
CLM502280,PH100958,Home,Flood,London,Call Center,2023-06-12,2023-07-04,22,4352.63,7,1,False,Pending,0
CLM502281,PH100393,Commercial,Liability,South East,Mobile App,2024-12-07,2024-12-27,20,53838.06,5,1,True,Approved,0
CLM502282,PH100777,Health,Optical,Yorkshire,Online,2023-03-22,2023-04-19,28,2526.66,3,3,False,Approved,0
CLM502283,PH101052,Commercial,Property Damage,North East,Call Center,2023-11-22,2023-12-20,28,17505.34,0,1,True,Approved,0
CLM502284,PH100800,Home,Accidental Damage,Northern Ireland,Branch,2024-06-29,2024-07-22,23,10509.14,0,2,True,Approved,0
CLM502285,PH100321,Home,Fire,South East,Mobile App,2024-06-30,2024-07-01,1,30831.5,3,3,False,Rejected,1
CLM502286,PH100468,Health,Dental,Midlands,Broker,2023-06-25,2023-07-09,14,2124.53,5,2,True,Pending,0
CLM502287,PH100889,Health,Outpatient,Yorkshire,Broker,2023-12-14,2024-01-11,28,2225.61,2,0,False,Rejected,0
CLM502288,PH100841,Travel,Cancellation,Wales,Call Center,2023-09-27,2023-10-22,25,1219.01,2,2,False,Rejected,0
CLM502289,PH100695,Travel,Delay,South West,Call Center,2023-04-28,2023-05-16,18,801.54,6,0,False,Pending,0
CLM502290,PH100985,Commercial,Property Damage,Scotland,Broker,2024-04-08,2024-05-01,23,18315.25,2,0,True,Approved,0
CLM502291,PH101159,Commercial,Liability,London,Broker,2024-03-24,2024-03-28,4,32426.49,6,3,False,Approved,0
CLM502292,PH101203,Home,Burglary,South East,Mobile App,2023-02-10,2023-03-11,29,3114.42,6,3,True,Approved,0
CLM502293,PH100385,Life,Critical Illness,North West,Mobile App,2023-04-12,2023-04-22,10,37001.9,3,1,True,Approved,0
CLM502294,PH100899,Auto,Windscreen,Northern Ireland,Broker,2023-07-12,2023-07-27,15,5609.4,4,0,False,Approved,0
CLM502295,PH100046,Auto,Fire,North East,Broker,2023-09-07,2023-09-27,20,11623.25,1,3,False,Under Review,0
CLM502296,PH100092,Home,Flood,North East,Branch,2023-10-13,2023-11-11,29,6700.81,3,0,True,Approved,0
CLM502297,PH101473,Health,Hospitalisation,South East,Online,2023-03-14,2023-03-16,2,9124.16,3,2,False,Approved,1
CLM502298,PH100061,Travel,Delay,Scotland,Mobile App,2023-05-28,2023-05-30,2,10467.81,1,1,False,Approved,1
CLM502299,PH100964,Travel,Cancellation,South East,Broker,2024-09-27,2024-10-24,27,1419.04,4,2,True,Approved,0
CLM502300,PH100517,Home,Burglary,Northern Ireland,Online,2024-07-23,2024-07-29,6,2629.04,7,2,True,Rejected,0
CLM502301,PH100780,Commercial,Business Interruption,London,Broker,2023-04-12,2023-05-09,27,16705.92,2,1,True,Approved,0
CLM502302,PH100818,Home,Storm,South West,Call Center,2024-11-28,2024-12-18,20,17779.63,0,3,False,Approved,0
CLM502303,PH100024,Home,Flood,Scotland,Mobile App,2024-11-24,2024-12-14,20,8451.51,3,0,True,Pending,0
CLM502304,PH100274,Travel,Cancellation,North West,Branch,2024-04-26,2024-05-02,6,3859.27,1,0,False,Approved,0
CLM502305,PH100307,Life,Death Benefit,South East,Branch,2024-10-03,2024-10-15,12,22365.81,0,3,False,Pending,0
CLM502306,PH100384,Commercial,Business Interruption,North East,Online,2024-02-23,2024-03-06,12,33454.76,5,0,True,Approved,0
CLM502307,PH100819,Home,Storm,Yorkshire,Call Center,2023-08-26,2023-09-20,25,3638.37,2,1,True,Approved,0
CLM502308,PH101102,Commercial,Property Damage,South East,Online,2024-07-06,2024-07-07,1,16027.91,2,3,False,Approved,0
CLM502309,PH100233,Commercial,Business Interruption,London,Call Center,2023-06-09,2023-06-20,11,26470.06,4,1,True,Approved,0
CLM502310,PH100322,Commercial,Liability,North East,Mobile App,2024-08-31,2024-09-29,29,1926.01,4,3,True,Approved,0
CLM502311,PH101308,Life,Death Benefit,Yorkshire,Online,2024-11-29,2024-12-02,3,34079.25,6,2,False,Approved,0
CLM502312,PH100515,Health,Outpatient,Northern Ireland,Call Center,2024-09-25,2024-09-25,0,2795.2,1,0,True,Under Review,0
CLM502313,PH100843,Auto,Collision,Scotland,Online,2024-01-08,2024-01-08,0,25679.95,2,3,True,Rejected,1
CLM502314,PH100234,Home,Fire,Midlands,Branch,2024-02-06,2024-02-08,2,11520.95,5,2,False,Pending,1
CLM502315,PH101202,Home,Storm,Scotland,Mobile App,2024-09-22,2024-09-24,2,2653.98,5,0,True,Approved,0
CLM502316,PH100620,Home,Storm,Northern Ireland,Online,2023-04-03,2023-04-30,27,3572.62,5,2,True,Approved,0
CLM502317,PH101270,Commercial,Liability,North East,Call Center,2023-05-24,2023-06-08,15,8294.43,6,0,True,Approved,0
CLM502318,PH100349,Travel,Lost Luggage,North East,Broker,2024-03-06,2024-03-22,16,789.28,2,1,True,Under Review,0
CLM502319,PH100311,Health,Dental,Wales,Call Center,2023-12-30,2024-01-28,29,2008.79,2,2,True,Approved,0
CLM502320,PH100886,Health,Dental,London,Branch,2024-03-21,2024-04-02,12,999.72,4,3,True,Pending,0
CLM502321,PH101432,Life,Critical Illness,Yorkshire,Online,2023-12-30,2024-01-22,23,93769.22,1,1,True,Approved,0
CLM502322,PH100617,Health,Dental,Wales,Broker,2024-01-16,2024-01-18,2,2907.69,1,3,True,Approved,0
CLM502323,PH100868,Auto,Third Party,North West,Branch,2023-06-19,2023-07-09,20,4256.96,0,2,True,Approved,0
CLM502324,PH100041,Home,Burglary,North West,Call Center,2023-10-29,2023-11-15,17,8088.4,5,0,True,Under Review,0
CLM502325,PH100615,Commercial,Property Damage,Wales,Branch,2024-12-09,2024-12-30,21,29399.24,2,2,True,Approved,0
CLM502326,PH100820,Home,Flood,South East,Broker,2023-02-10,2023-03-07,25,3992.73,3,2,False,Approved,0
CLM502327,PH100120,Home,Accidental Damage,South West,Call Center,2023-02-16,2023-02-19,3,9320.57,4,3,False,Under Review,0
CLM502328,PH100760,Commercial,Liability,South East,Online,2024-04-12,2024-04-24,12,10907.79,4,1,True,Under Review,0
CLM502329,PH100239,Life,Critical Illness,London,Branch,2023-08-25,2023-09-23,29,149089.14,1,3,False,Under Review,0
CLM502330,PH100846,Travel,Cancellation,North East,Broker,2023-07-11,2023-07-11,0,1580.93,3,3,False,Approved,0
CLM502331,PH100229,Health,Optical,Yorkshire,Call Center,2023-06-16,2023-06-27,11,1868.31,1,3,True,Pending,0
CLM502332,PH100291,Auto,Third Party,Wales,Mobile App,2024-03-14,2024-03-16,2,4481.35,4,0,True,Approved,0
CLM502333,PH101002,Travel,Medical,London,Call Center,2023-06-10,2023-06-18,8,863.81,0,3,True,Approved,0
CLM502334,PH101481,Home,Fire,North West,Call Center,2023-02-08,2023-03-01,21,,7,0,False,Approved,0
CLM502335,PH100205,Travel,Medical,South West,Call Center,2023-06-25,2023-06-27,2,2356.66,7,3,False,Rejected,1
CLM502336,PH100990,Life,Critical Illness,North East,Mobile App,2024-01-08,2024-01-31,23,25640.54,4,3,True,Under Review,0
CLM502337,PH100725,Life,Death Benefit,Northern Ireland,Mobile App,2023-07-31,2023-08-18,18,103443.11,5,1,True,Pending,0
CLM502338,PH101017,Health,Dental,South East,Branch,2023-04-12,2023-04-12,0,5846.15,5,3,True,Rejected,1
CLM502339,PH100345,Home,Fire,North East,Mobile App,2024-12-06,2025-01-02,27,21734.98,6,1,False,Under Review,0
CLM502340,PH101393,Health,Outpatient,London,Mobile App,2023-03-20,2023-04-13,24,4064.42,5,3,True,Pending,0
CLM502341,PH101060,Home,Flood,South East,Mobile App,2023-05-20,2023-06-05,16,3902.81,0,0,True,Under Review,0
CLM502342,PH100675,Home,Flood,Wales,Online,2023-12-24,2024-01-12,19,16691.85,4,3,False,Approved,0
CLM502343,PH101116,Travel,Medical,London,Branch,2023-01-09,2023-01-18,9,3573.78,2,2,True,Approved,0
CLM502344,PH101265,Travel,Delay,Northern Ireland,Mobile App,2023-12-09,2023-12-22,13,666.09,3,0,True,Rejected,0
CLM502345,PH101118,Health,Hospitalisation,North West,Broker,2024-11-22,2024-12-07,15,12716.09,6,1,False,Under Review,0
CLM502346,PH100567,Commercial,Business Interruption,South East,Online,2023-10-25,2023-11-15,21,10940.0,5,0,False,Under Review,0
CLM502347,PH101141,Health,Outpatient,Yorkshire,Branch,2023-11-06,2023-12-01,25,1537.11,0,0,False,Approved,0
CLM502348,PH101253,Health,Optical,Scotland,Broker,2023-01-02,2023-01-13,11,2473.28,7,0,True,Approved,0
CLM502349,PH100588,Commercial,Business Interruption,South West,Branch,2023-01-03,2023-01-16,13,35244.99,2,3,True,Pending,0
CLM502350,PH100402,Auto,Windscreen,South East,Broker,2024-05-02,2024-05-06,4,7045.13,2,2,True,Pending,0
CLM502351,PH101361,Life,Death Benefit,North East,Branch,2024-10-03,2024-10-27,24,53868.58,0,1,True,Approved,0
CLM502352,PH101465,Travel,Lost Luggage,London,Call Center,2023-01-15,2023-02-03,19,239.87,0,2,True,Approved,0
CLM502353,PH100991,Health,Optical,North East,Mobile App,2023-09-19,2023-10-02,13,2684.53,1,1,True,Approved,0
CLM502354,PH100561,Health,Outpatient,South East,Broker,2024-01-12,2024-02-02,21,2174.72,5,1,True,Approved,0
CLM502355,PH101493,Life,Death Benefit,North West,Mobile App,2024-01-24,2024-01-25,1,34809.69,5,2,False,Under Review,1
CLM502356,PH100753,Life,Critical Illness,North West,Broker,2023-12-27,2024-01-22,26,59984.23,7,0,True,Approved,0
CLM502357,PH100811,Life,Critical Illness,Wales,Call Center,2023-07-06,2023-07-07,1,31697.11,5,1,False,Approved,0
CLM502358,PH100825,Health,Outpatient,Northern Ireland,Broker,2024-03-18,2024-04-01,14,1793.48,0,0,True,Approved,0
CLM502359,PH101213,Auto,Collision,North East,Branch,2023-04-05,2023-04-22,17,4000.57,7,3,True,Pending,0
CLM502360,PH101212,Commercial,Business Interruption,Wales,Mobile App,2023-10-19,2023-11-05,17,20420.16,5,1,False,Approved,0
CLM502361,PH100655,Home,Accidental Damage,Wales,Call Center,2024-04-13,2024-04-29,16,15936.5,1,3,False,Approved,0
CLM502362,PH100327,Life,Death Benefit,North West,Mobile App,2023-03-17,2023-03-22,5,9840.32,2,1,True,Pending,0
CLM502363,PH100841,Home,Burglary,Wales,Branch,2024-05-23,2024-06-11,19,4254.3,2,1,True,Approved,0
CLM502364,PH100246,Auto,Fire,North East,Online,2024-06-29,2024-07-24,25,8577.08,4,0,False,Approved,0
CLM502365,PH100557,Auto,Fire,Scotland,Call Center,2024-11-15,2024-12-12,27,2238.99,6,2,False,Approved,0
CLM502366,PH100721,Home,Accidental Damage,Midlands,Branch,2024-10-07,2024-11-04,28,995.4,3,2,True,Approved,0
CLM502367,PH101331,Commercial,Liability,North West,Mobile App,2024-12-02,2024-12-04,2,249137.11,1,3,True,Under Review,1
CLM502368,PH100060,Health,Outpatient,North West,Branch,2024-06-02,2024-06-30,28,1268.23,3,1,True,Under Review,0
CLM502369,PH101014,Life,Critical Illness,North West,Broker,2024-06-03,2024-06-24,21,33226.15,1,0,True,Approved,0
CLM502370,PH100719,Commercial,Liability,North West,Broker,2023-06-01,2023-06-12,11,48353.81,6,3,True,Pending,0
CLM502371,PH100166,Travel,Medical,North East,Call Center,2023-06-03,2023-06-18,15,326.46,2,2,False,Approved,0
CLM502372,PH100164,Home,Fire,South East,Call Center,2024-05-27,2024-06-13,17,4236.68,4,0,True,Approved,0
CLM502373,PH100374,Auto,Third Party,South West,Branch,2023-12-16,2024-01-11,26,5811.3,1,1,True,Approved,0
CLM502374,PH101026,Commercial,Business Interruption,North West,Mobile App,2023-04-12,2023-04-13,1,3215.44,4,0,False,Rejected,1
CLM502375,PH100164,Auto,Collision,South East,Call Center,2023-02-09,2023-02-09,0,11849.05,7,1,True,Rejected,1
CLM502376,PH100879,Travel,Medical,London,Online,2023-02-08,2023-02-18,10,2552.73,6,3,False,Pending,0
CLM502377,PH101178,Health,Optical,Wales,Branch,2023-08-29,2023-09-16,18,2564.35,1,2,True,Approved,0
CLM502378,PH100451,Health,Dental,London,Online,2023-01-25,2023-02-11,17,2429.4,1,1,False,Approved,0
CLM502379,PH100186,Commercial,Liability,North East,Broker,2024-08-08,2024-08-08,0,25458.42,3,1,False,Approved,0
CLM502380,PH100501,Auto,Third Party,South West,Broker,2024-12-08,2025-01-04,27,3451.94,3,0,True,Approved,0
CLM502381,PH100409,Auto,Fire,Wales,Online,2023-05-09,2023-05-15,6,2927.91,0,2,False,Rejected,0
CLM502382,PH100011,Commercial,Property Damage,Midlands,Broker,2023-05-07,2023-05-22,15,7779.53,4,1,False,Pending,0
CLM502383,PH100699,Auto,Collision,North East,Mobile App,2024-04-27,2024-05-11,14,1637.19,0,0,False,Approved,0
CLM502384,PH101377,Auto,Third Party,North West,Call Center,2024-01-28,2024-02-16,19,7354.09,2,2,True,Pending,0
CLM502385,PH101056,Home,Storm,Yorkshire,Broker,2024-08-17,2024-08-25,8,5364.59,1,3,True,Rejected,0
CLM502386,PH101109,Home,Accidental Damage,Scotland,Broker,2023-08-18,2023-09-14,27,18285.4,1,0,False,Approved,0
CLM502387,PH101420,Home,Accidental Damage,North East,Call Center,2023-06-20,2023-07-14,24,5337.42,1,1,False,Approved,0
CLM502388,PH100267,Auto,Third Party,South West,Mobile App,2024-03-06,2024-03-06,0,2352.11,7,0,True,Approved,0
CLM502389,PH101122,Home,Flood,Northern Ireland,Broker,2023-03-01,2023-03-01,0,15474.62,4,0,False,Rejected,1
CLM502390,PH100559,Health,Outpatient,Wales,Call Center,2023-11-14,2023-12-11,27,1112.23,4,1,True,Approved,0
CLM502391,PH100284,Auto,Windscreen,Wales,Call Center,2023-02-07,2023-02-18,11,1660.69,3,2,True,Approved,0
CLM502392,PH100318,Auto,Fire,North West,Mobile App,2024-12-22,2025-01-09,18,4466.21,7,2,False,Approved,0
CLM502393,PH100047,Life,Critical Illness,North East,Branch,2023-12-28,2024-01-04,7,52630.67,7,0,True,Approved,0
CLM502394,PH101199,Health,Outpatient,North West,Broker,2024-11-19,2024-12-08,19,3400.07,0,2,True,Pending,0
CLM502395,PH100367,Auto,Theft,North West,Online,2023-09-15,2023-10-01,16,3919.4,3,2,False,Rejected,0
CLM502396,PH100859,Life,Critical Illness,Wales,Broker,2023-01-23,2023-02-02,10,88247.78,5,3,True,Approved,0
CLM502397,PH101191,Health,Optical,Scotland,Call Center,2024-10-27,2024-11-01,5,2306.79,6,2,True,Approved,0
CLM502398,PH100771,Travel,Delay,Scotland,Branch,2024-12-30,2025-01-13,14,1168.63,5,3,False,Approved,0
CLM502399,PH101473,Health,Optical,South East,Broker,2023-01-13,2023-01-20,7,2743.47,2,2,False,Approved,0
CLM502400,PH100785,Commercial,Property Damage,Midlands,Branch,2024-08-31,2024-09-25,25,30692.12,0,2,True,Under Review,0
CLM502401,PH100441,Home,Burglary,London,Call Center,2023-04-22,2023-04-23,1,11026.18,1,0,True,Pending,0
CLM502402,PH100087,Life,Critical Illness,South East,Call Center,2024-11-09,2024-12-05,26,51873.6,3,3,False,Approved,0
CLM502403,PH101334,Home,Flood,Northern Ireland,Broker,2023-04-20,2023-04-28,8,10220.29,4,2,True,Approved,0
CLM502404,PH100968,Commercial,Property Damage,Midlands,Online,2023-06-02,2023-06-02,0,63261.69,2,2,False,Under Review,1
CLM502405,PH100162,Auto,Fire,South East,Broker,2024-08-24,2024-09-08,15,4774.64,0,3,True,Approved,0
CLM502406,PH101411,Health,Optical,Midlands,Online,2024-04-29,2024-04-29,0,7265.83,2,2,False,Pending,1
CLM502407,PH100957,Home,Storm,North East,Branch,2024-11-21,2024-12-02,11,5342.04,4,1,True,Approved,0
CLM502408,PH100264,Health,Dental,Midlands,Branch,2023-03-26,2023-04-19,24,2317.33,1,3,True,Approved,0
CLM502409,PH100950,Life,Death Benefit,Scotland,Broker,2023-04-24,2023-05-17,23,8153.89,5,1,True,Approved,0
CLM502410,PH101089,Life,Death Benefit,Northern Ireland,Mobile App,2024-07-07,2024-07-26,19,61148.03,1,1,True,Approved,0
CLM502411,PH100812,Home,Burglary,South West,Broker,2023-09-21,2023-10-20,29,8254.75,7,3,True,Approved,0
CLM502412,PH101321,Travel,Lost Luggage,Wales,Broker,2024-05-09,2024-06-03,25,1870.29,7,0,True,Approved,0
CLM502413,PH100914,Life,Critical Illness,North East,Branch,2024-10-08,2024-10-08,0,90346.96,5,2,False,Approved,0
CLM502414,PH101291,Home,Burglary,Northern Ireland,Broker,2024-11-10,2024-11-13,3,13160.03,4,2,False,Pending,0
CLM502415,PH101281,Life,Critical Illness,Yorkshire,Call Center,2023-10-14,2023-10-26,12,16448.01,3,0,True,Approved,0
CLM502416,PH100240,Commercial,Business Interruption,North West,Online,2023-08-01,2023-08-09,8,23892.2,1,0,True,Rejected,0
CLM502417,PH101107,Auto,Theft,Yorkshire,Mobile App,2023-01-31,2023-02-09,9,4888.5,0,3,True,Approved,0
CLM502418,PH101140,Life,Death Benefit,North East,Broker,2024-03-25,2024-04-09,15,47728.06,7,3,True,Approved,0
CLM502419,PH100739,Travel,Delay,Yorkshire,Branch,2024-01-19,2024-01-20,1,9209.46,1,3,False,Rejected,1
CLM502420,PH101254,Home,Flood,Scotland,Broker,2024-12-03,2024-12-06,3,14215.0,0,1,False,Approved,0
CLM502421,PH101220,Commercial,Property Damage,South East,Broker,2024-05-15,2024-05-19,4,33351.19,0,3,True,Under Review,0
CLM502422,PH101072,Auto,Third Party,Yorkshire,Broker,2023-08-24,2023-09-20,27,3553.55,4,1,True,Approved,0
CLM502423,PH101467,Commercial,Liability,Northern Ireland,Broker,2023-03-08,2023-03-26,18,17918.6,1,0,True,Approved,0
CLM502424,PH100792,Travel,Medical,North West,Call Center,2024-05-15,2024-06-09,25,3449.18,0,0,True,Under Review,0
CLM502425,PH100748,Commercial,Property Damage,Northern Ireland,Mobile App,2023-06-25,2023-06-27,2,18784.06,4,0,True,Under Review,0
CLM502426,PH101306,Health,Hospitalisation,North East,Call Center,2024-04-30,2024-05-23,23,2120.58,7,2,False,Approved,0
CLM502427,PH101447,Health,Dental,South East,Broker,2023-02-24,2023-02-28,4,682.62,0,0,True,Approved,0
CLM502428,PH101037,Home,Flood,South West,Mobile App,2023-12-22,2024-01-03,12,10792.54,6,2,False,Under Review,0
CLM502429,PH101062,Travel,Lost Luggage,South West,Mobile App,2023-12-23,2024-01-04,12,1400.38,1,3,False,Pending,0
CLM502430,PH101244,Life,Critical Illness,Scotland,Broker,2023-11-15,2023-11-21,6,25683.59,0,2,True,Approved,0
CLM502431,PH100873,Auto,Fire,Wales,Call Center,2023-01-15,2023-01-16,1,8660.5,7,2,True,Under Review,1
CLM502432,PH100261,Auto,Theft,Wales,Call Center,2023-03-23,2023-03-23,0,3165.05,0,0,False,Approved,0
CLM502433,PH101234,Life,Critical Illness,North West,Call Center,2024-05-27,2024-06-09,13,25367.24,6,0,True,Approved,0
CLM502434,PH101206,Health,Hospitalisation,Northern Ireland,Call Center,2023-04-18,2023-05-12,24,3017.7,6,2,True,Under Review,0
CLM502435,PH101088,Commercial,Business Interruption,Northern Ireland,Call Center,2024-04-21,2024-04-23,2,19818.25,3,2,False,Under Review,0
CLM502436,PH100496,Health,Dental,South East,Mobile App,2024-09-18,2024-10-06,18,5451.43,1,3,True,Approved,0
CLM502437,PH101498,Auto,Third Party,North West,Mobile App,2023-06-01,2023-06-14,13,5213.67,5,3,True,Approved,0
CLM502438,PH101217,Auto,Windscreen,Scotland,Online,2024-07-23,2024-08-15,23,1600.04,6,2,True,Approved,0
CLM502439,PH100378,Life,Critical Illness,Yorkshire,Call Center,2023-11-26,2023-12-13,17,20403.79,3,3,True,Under Review,0
CLM502440,PH100351,Commercial,Business Interruption,Northern Ireland,Online,2024-07-31,2024-07-31,0,22275.3,3,1,True,Under Review,1
CLM502441,PH100709,Home,Accidental Damage,Yorkshire,Broker,2023-05-08,2023-05-28,20,4260.04,3,3,True,Rejected,0
CLM502442,PH101274,Home,Accidental Damage,London,Branch,2024-10-21,2024-11-04,14,3387.1,3,1,True,Approved,0
CLM502443,PH100586,Life,Death Benefit,Wales,Online,2023-11-03,2023-11-14,11,44445.64,5,1,False,Rejected,0
CLM502444,PH100578,Health,Optical,Yorkshire,Online,2023-09-11,2023-10-08,27,802.91,7,1,False,Pending,0
CLM502445,PH101252,Commercial,Property Damage,Northern Ireland,Mobile App,2023-04-22,2023-05-01,9,31332.6,5,2,True,Approved,0
CLM502446,PH100529,Health,Outpatient,South East,Call Center,2024-09-20,2024-09-29,9,7461.55,2,3,False,Approved,0
CLM502447,PH100429,Travel,Lost Luggage,Scotland,Call Center,2023-11-06,2023-11-08,2,5429.94,4,0,True,Approved,0
CLM502448,PH100308,Home,Burglary,London,Online,2024-12-05,2024-12-16,11,6412.88,2,2,True,Approved,0
CLM502449,PH100104,Health,Outpatient,North East,Mobile App,2024-07-16,2024-08-09,24,2532.13,1,0,True,Approved,0
CLM502450,PH101475,Commercial,Business Interruption,Scotland,Online,2023-06-17,2023-06-25,8,24988.29,7,0,False,Rejected,0
CLM502451,PH100317,Home,Accidental Damage,Scotland,Call Center,2023-05-13,2023-06-10,28,7640.32,1,3,True,Approved,0
CLM502452,PH100218,Health,Dental,Northern Ireland,Broker,2024-06-30,2024-07-01,1,2803.62,0,1,True,Approved,0
CLM502453,PH101115,Auto,Theft,Wales,Mobile App,2023-03-15,2023-04-13,29,277.44,2,3,True,Approved,0
CLM502454,PH100057,Home,Accidental Damage,South East,Online,2024-04-28,2024-05-23,25,10637.27,3,0,True,Under Review,0
CLM502455,PH100650,Health,Dental,South East,Broker,2024-12-06,2024-12-31,25,1881.79,3,3,True,Rejected,0
CLM502456,PH100499,Travel,Medical,Wales,Broker,2023-05-27,2023-05-31,4,2520.59,0,1,True,Pending,0
CLM502457,PH100792,Health,Hospitalisation,North West,Call Center,2024-12-04,2024-12-10,6,1881.95,1,2,True,Approved,0
CLM502458,PH100095,Home,Storm,North East,Call Center,2023-05-27,2023-06-05,9,5866.39,3,3,False,Under Review,0
CLM502459,PH100366,Commercial,Liability,South West,Online,2023-11-23,2023-12-05,12,4530.14,6,1,True,Approved,0
CLM502460,PH100905,Auto,Theft,North East,Online,2023-10-15,2023-10-31,16,1199.91,5,2,True,Pending,0
CLM502461,PH100222,Life,Death Benefit,North East,Branch,2023-02-09,2023-02-20,11,60305.99,4,1,True,Approved,0
CLM502462,PH100447,Health,Hospitalisation,Midlands,Broker,2023-06-25,2023-07-20,25,2541.73,3,2,True,Approved,0
CLM502463,PH101126,Home,Accidental Damage,London,Broker,2023-04-07,2023-04-21,14,1772.12,0,2,True,Approved,0
CLM502464,PH101375,Life,Critical Illness,Midlands,Call Center,2023-10-13,2023-10-29,16,31518.34,3,3,True,Approved,0
CLM502465,PH100221,Life,Critical Illness,North West,Broker,2023-06-19,2023-07-14,25,77181.07,0,3,True,Pending,0
CLM502466,PH101158,Home,Fire,South East,Call Center,2023-06-03,2023-06-17,14,3851.15,6,0,True,Approved,0
CLM502467,PH101298,Auto,Fire,London,Call Center,2024-03-09,2024-03-29,20,6907.46,1,1,True,Approved,0
CLM502468,PH101025,Health,Hospitalisation,South East,Branch,2023-05-10,2023-06-02,23,3256.0,0,2,False,Rejected,0
CLM502469,PH100237,Travel,Medical,Northern Ireland,Broker,2023-04-13,2023-04-28,15,2044.69,3,3,True,Approved,0
CLM502470,PH100800,Travel,Lost Luggage,Northern Ireland,Branch,2024-03-17,2024-04-03,17,1572.13,5,0,True,Approved,0
CLM502471,PH100756,Travel,Delay,South West,Broker,2024-12-26,2025-01-15,20,764.89,6,2,True,Approved,0
CLM502472,PH100641,Home,Storm,Northern Ireland,Branch,2024-12-16,2025-01-10,25,8448.05,7,1,False,Approved,0
CLM502473,PH101049,Auto,Fire,Wales,Broker,2023-04-10,2023-04-11,1,7418.28,7,2,False,Approved,0
CLM502474,PH100738,Health,Dental,South West,Online,2023-08-20,2023-08-20,0,1164.25,4,1,True,Approved,0
CLM502475,PH100336,Home,Accidental Damage,Midlands,Broker,2024-07-29,2024-08-11,13,4609.43,2,0,True,Approved,0
CLM502476,PH101311,Home,Burglary,Yorkshire,Call Center,2024-03-30,2024-04-21,22,3245.85,5,2,True,Approved,0
CLM502477,PH101130,Travel,Cancellation,London,Call Center,2023-12-02,2023-12-11,9,1025.23,6,1,True,Under Review,0
CLM502478,PH100177,Commercial,Business Interruption,North West,Mobile App,2023-08-15,2023-09-01,17,6561.18,0,1,False,Pending,0
CLM502479,PH100413,Commercial,Business Interruption,London,Call Center,2023-09-10,2023-09-17,7,15125.26,4,0,True,Pending,0
CLM502480,PH101273,Auto,Third Party,Scotland,Online,2023-02-08,2023-03-07,27,8080.71,4,1,True,Approved,0
CLM502481,PH101115,Life,Death Benefit,Wales,Branch,2024-08-30,2024-09-24,25,31699.56,7,0,True,Approved,0
CLM502482,PH100754,Health,Hospitalisation,London,Call Center,2023-10-10,2023-11-04,25,1347.02,0,3,False,Under Review,0
CLM502483,PH100063,Auto,Third Party,South East,Mobile App,2024-08-22,2024-08-22,0,8596.73,0,3,True,Rejected,1
CLM502484,PH101341,Life,Critical Illness,Wales,Call Center,2024-08-07,2024-08-23,16,9943.48,4,1,False,Pending,0
CLM502485,PH101223,Commercial,Property Damage,Midlands,Mobile App,2024-07-22,2024-07-24,2,93328.94,5,3,False,Approved,1
CLM502486,PH101136,Commercial,Business Interruption,Northern Ireland,Broker,2023-07-12,2023-08-08,27,2063.66,6,1,True,Approved,0
CLM502487,PH101475,Commercial,Property Damage,Scotland,Call Center,2023-03-26,2023-04-21,26,26141.88,4,1,True,Approved,0
CLM502488,PH101271,Home,Fire,Midlands,Online,2024-03-22,2024-04-09,18,7688.97,6,1,True,Approved,0
CLM502489,PH100285,Health,Optical,Wales,Broker,2023-08-24,2023-09-05,12,1353.15,4,1,True,Under Review,0
CLM502490,PH100319,Travel,Cancellation,London,Call Center,2023-01-22,2023-02-20,29,919.31,5,1,True,Approved,0
CLM502491,PH100383,Life,Critical Illness,Northern Ireland,Call Center,2023-01-25,2023-02-04,10,23715.71,5,0,True,Pending,0
CLM502492,PH101220,Travel,Delay,South East,Online,2024-12-24,2025-01-22,29,457.49,7,1,False,Approved,0
CLM502493,PH100432,Life,Critical Illness,North West,Call Center,2024-11-26,2024-11-26,0,50990.45,2,1,False,Rejected,0
CLM502494,PH100201,Health,Dental,Northern Ireland,Mobile App,2023-01-06,2023-01-22,16,664.93,7,2,False,Approved,0
CLM502495,PH100891,Home,Flood,Northern Ireland,Branch,2023-09-19,2023-09-27,8,3815.05,7,2,False,Approved,0
CLM502496,PH100917,Life,Critical Illness,Yorkshire,Branch,2023-05-27,2023-06-20,24,30084.89,1,1,True,Approved,0
CLM502497,PH100768,Auto,Fire,Yorkshire,Branch,2023-04-26,2023-05-20,24,1100.69,5,0,False,Under Review,0
CLM502498,PH100486,Travel,Cancellation,Scotland,Broker,2024-03-31,2024-04-22,22,835.75,3,1,True,Approved,0
CLM502499,PH100872,Commercial,Liability,Yorkshire,Broker,2023-05-14,2023-05-29,15,15415.31,5,2,True,Rejected,0
CLM502500,PH100393,Home,Fire,South East,Mobile App,2024-11-15,2024-11-27,12,11742.67,5,0,True,Under Review,0
CLM502501,PH100617,Health,Dental,Wales,Online,2023-12-18,2023-12-21,3,4442.88,1,2,False,Approved,0
CLM502502,PH100678,Auto,Theft,Midlands,Online,2023-07-13,2023-07-23,10,1585.85,5,1,True,Rejected,0
CLM502503,PH100454,Home,Storm,Yorkshire,Branch,2023-03-28,2023-04-01,4,12031.6,1,2,False,Approved,0
CLM502504,PH101317,Travel,Medical,Wales,Call Center,2024-03-08,2024-03-28,20,2125.98,0,2,False,Approved,0
CLM502505,PH100441,Home,Accidental Damage,London,Online,2023-05-05,2023-05-31,26,2255.47,3,1,True,Approved,0
CLM502506,PH101434,Home,Burglary,Midlands,Mobile App,2023-09-12,2023-09-29,17,5029.47,7,0,False,Approved,0
CLM502507,PH101448,Commercial,Business Interruption,Midlands,Broker,2024-03-10,2024-03-16,6,22168.6,7,2,True,Approved,0
CLM502508,PH101361,Auto,Theft,North East,Mobile App,2023-08-04,2023-08-30,26,3064.91,4,0,True,Approved,0
CLM502509,PH101039,Life,Death Benefit,Scotland,Call Center,2024-10-30,2024-11-02,3,28095.92,6,1,False,Rejected,0
CLM502510,PH100292,Travel,Cancellation,North West,Branch,2024-05-21,2024-05-30,9,2096.42,6,2,True,Under Review,0
CLM502511,PH100711,Commercial,Property Damage,Northern Ireland,Online,2024-08-18,2024-09-07,20,57629.03,1,0,True,Approved,0
CLM502512,PH100659,Travel,Lost Luggage,Wales,Broker,2023-09-27,2023-09-27,0,1430.44,4,3,True,Approved,0
CLM502513,PH101069,Life,Death Benefit,South East,Online,2024-03-19,2024-03-21,2,56270.11,1,3,False,Rejected,1
CLM502514,PH101258,Health,Dental,South West,Online,2024-01-30,2024-01-31,1,3412.44,2,1,False,Pending,1
CLM502515,PH100121,Home,Flood,Northern Ireland,Call Center,2023-09-09,2023-09-23,14,10186.07,3,1,True,Approved,0
CLM502516,PH100774,Home,Burglary,Wales,Online,2024-07-29,2024-08-05,7,10410.09,6,2,True,Under Review,0
CLM502517,PH100999,Life,Critical Illness,Midlands,Call Center,2023-01-05,2023-01-14,9,20810.76,3,1,True,Approved,0
CLM502518,PH100356,Home,Fire,London,Online,2024-06-09,2024-06-12,3,16618.91,1,2,True,Approved,0
CLM502519,PH100783,Home,Accidental Damage,North East,Mobile App,2023-06-23,2023-07-10,17,10487.16,6,2,True,Approved,0
CLM502520,PH100915,Travel,Cancellation,London,Broker,2024-04-18,2024-04-24,6,1772.1,7,1,True,Approved,0
CLM502521,PH100268,Auto,Theft,South East,Call Center,2023-04-26,2023-05-18,22,7150.56,0,1,True,Approved,0
CLM502522,PH101194,Home,Storm,Midlands,Broker,2023-05-26,2023-06-23,28,7485.43,3,1,True,Pending,0
CLM502523,PH100292,Auto,Theft,North West,Mobile App,2024-04-06,2024-04-08,2,6278.23,0,1,False,Rejected,1
CLM502524,PH101088,Home,Fire,Northern Ireland,Branch,2024-02-07,2024-02-15,8,3316.4,4,0,True,Approved,0
CLM502525,PH100300,Auto,Third Party,South West,Online,2023-03-20,2023-03-31,11,8745.59,6,2,True,Pending,0
CLM502526,PH100100,Travel,Medical,Scotland,Mobile App,2024-11-15,2024-11-17,2,4334.92,0,3,False,Pending,1
CLM502527,PH101398,Life,Critical Illness,London,Call Center,2024-07-19,2024-08-07,19,152089.16,7,0,True,Pending,0
CLM502528,PH101064,Home,Accidental Damage,North East,Branch,2023-03-15,2023-03-30,15,22736.17,1,3,True,Rejected,0
CLM502529,PH100370,Home,Flood,Northern Ireland,Broker,2023-10-14,2023-11-09,26,17045.6,3,2,True,Under Review,0
CLM502530,PH100739,Auto,Third Party,Yorkshire,Broker,2024-01-05,2024-01-29,24,1193.55,3,1,True,Pending,0
CLM502531,PH100274,Commercial,Liability,North West,Call Center,2023-05-14,2023-06-02,19,1749.51,3,3,True,Pending,0
CLM502532,PH101032,Commercial,Business Interruption,North West,Online,2023-12-10,2023-12-22,12,9556.92,6,0,False,Under Review,0
CLM502533,PH101408,Home,Flood,North West,Call Center,2024-05-01,2024-05-05,4,3249.29,7,1,False,Approved,0
CLM502534,PH100079,Commercial,Liability,Wales,Online,2024-06-29,2024-06-30,1,34659.55,0,1,False,Rejected,1
CLM502535,PH100657,Health,Hospitalisation,Northern Ireland,Online,2024-11-09,2024-11-17,8,1000.29,5,2,True,Approved,0
CLM502536,PH101417,Auto,Windscreen,South East,Call Center,2023-09-29,2023-10-03,4,6667.84,3,3,True,Approved,0
CLM502537,PH101347,Commercial,Liability,South East,Broker,2024-01-13,2024-01-27,14,24852.76,5,3,False,Approved,0
CLM502538,PH101174,Travel,Lost Luggage,Wales,Online,2024-09-02,2024-10-01,29,1033.24,1,3,False,Under Review,0
CLM502539,PH100484,Travel,Lost Luggage,Wales,Branch,2023-10-02,2023-10-18,16,3099.31,3,2,True,Pending,0
CLM502540,PH100682,Auto,Fire,North West,Broker,2023-11-27,2023-12-17,20,8764.62,6,0,True,Approved,0
CLM502541,PH101099,Commercial,Business Interruption,Scotland,Branch,2024-06-06,2024-06-12,6,24353.96,3,0,True,Approved,0
CLM502542,PH100337,Travel,Cancellation,London,Online,2023-05-01,2023-05-17,16,295.86,7,1,True,Pending,0
CLM502543,PH100896,Home,Flood,Midlands,Online,2023-01-06,2023-01-14,8,22995.36,6,0,False,Approved,0
CLM502544,PH100806,Home,Burglary,South East,Branch,2023-11-10,2023-12-06,26,4961.16,3,2,True,Approved,0
CLM502545,PH100124,Commercial,Liability,Wales,Online,2024-09-28,2024-10-17,19,7884.98,1,2,True,Pending,0
CLM502546,PH100671,Travel,Lost Luggage,London,Call Center,2024-08-09,2024-08-20,11,662.82,4,1,True,Under Review,0
CLM502547,PH101156,Home,Flood,North East,Mobile App,2023-02-07,2023-02-27,20,2364.92,0,1,False,Approved,0
CLM502548,PH100212,Home,Storm,Scotland,Online,2024-06-06,2024-06-26,20,12187.63,1,2,True,Approved,0
CLM502549,PH101291,Health,Hospitalisation,Northern Ireland,Mobile App,2023-12-29,2023-12-30,1,4158.16,5,1,False,Under Review,1
CLM502550,PH100471,Auto,Third Party,North East,Call Center,2024-01-27,2024-02-03,7,1173.96,2,3,False,Under Review,0
CLM502551,PH100949,Commercial,Business Interruption,South East,Online,2024-06-27,2024-07-23,26,21317.86,6,0,False,Under Review,0
CLM502552,PH100788,Home,Fire,Northern Ireland,Broker,2024-09-30,2024-10-12,12,5612.7,6,2,True,Under Review,0
CLM502553,PH100954,Home,Accidental Damage,Midlands,Online,2024-05-18,2024-06-07,20,486.78,5,1,False,Approved,0
CLM502554,PH100439,Health,Optical,Yorkshire,Mobile App,2023-06-08,2023-06-13,5,1433.59,5,3,False,Approved,0
CLM502555,PH100170,Home,Fire,South West,Branch,2023-11-20,2023-12-09,19,21357.18,2,3,True,Approved,0
CLM502556,PH100824,Health,Optical,Midlands,Branch,2024-02-11,2024-02-29,18,4770.12,7,3,True,Approved,0
CLM502557,PH100295,Life,Critical Illness,North East,Mobile App,2023-06-20,2023-07-18,28,3048.87,5,2,True,Approved,0
CLM502558,PH101293,Commercial,Business Interruption,London,Broker,2023-01-24,2023-01-30,6,15870.77,6,0,False,Approved,0
CLM502559,PH100432,Commercial,Property Damage,North West,Broker,2024-08-21,2024-09-09,19,33032.87,6,1,True,Pending,0
CLM502560,PH100754,Commercial,Business Interruption,London,Branch,2023-05-13,2023-05-24,11,62106.72,4,3,False,Approved,0
CLM502561,PH100982,Health,Optical,South West,Call Center,2024-11-14,2024-12-10,26,990.59,2,0,False,Approved,0
CLM502562,PH100013,Home,Storm,North East,Broker,2023-10-23,2023-11-06,14,6408.76,1,1,False,Pending,0
CLM502563,PH101425,Auto,Fire,Yorkshire,Broker,2023-05-07,2023-05-19,12,4932.38,0,0,True,Rejected,0
CLM502564,PH101346,Commercial,Property Damage,London,Online,2023-01-26,2023-02-09,14,6739.35,2,3,True,Approved,0
CLM502565,PH101361,Life,Critical Illness,North East,Online,2023-11-18,2023-12-10,22,10377.34,5,3,True,Pending,0
CLM502566,PH101184,Health,Outpatient,London,Mobile App,2023-09-08,2023-09-16,8,3312.16,6,2,True,Approved,0
CLM502567,PH100514,Travel,Lost Luggage,North West,Mobile App,2023-11-12,2023-11-12,0,2846.64,1,2,True,Under Review,1
CLM502568,PH100652,Health,Hospitalisation,Wales,Mobile App,2023-10-31,2023-10-31,0,5305.92,7,2,False,Approved,0
CLM502569,PH100880,Health,Dental,Yorkshire,Mobile App,2023-05-05,2023-05-31,26,828.8,2,3,True,Pending,0
CLM502570,PH101412,Home,Storm,Scotland,Mobile App,2023-08-01,2023-08-04,3,5011.93,0,0,True,Approved,0
CLM502571,PH100443,Auto,Third Party,North West,Broker,2023-01-27,2023-01-31,4,8865.14,4,2,False,Pending,0
CLM502572,PH100923,Commercial,Liability,Wales,Mobile App,2023-12-31,2024-01-20,20,15615.05,7,0,True,Approved,0
CLM502573,PH101079,Commercial,Business Interruption,North East,Broker,2024-01-15,2024-02-10,26,18961.4,0,2,True,Approved,0
CLM502574,PH100004,Commercial,Property Damage,North East,Branch,2024-07-26,2024-08-07,12,14803.07,3,3,True,Approved,0
CLM502575,PH100360,Life,Critical Illness,Northern Ireland,Branch,2024-01-03,2024-01-03,0,9756.55,6,1,True,Approved,0
CLM502576,PH100036,Travel,Delay,Yorkshire,Mobile App,2024-12-25,2025-01-23,29,446.99,4,3,True,Under Review,0
CLM502577,PH100995,Auto,Fire,Scotland,Branch,2023-05-10,2023-06-01,22,657.58,4,3,False,Approved,0
CLM502578,PH101034,Home,Burglary,Wales,Broker,2023-08-03,2023-08-04,1,2099.11,4,3,True,Rejected,0
CLM502579,PH101429,Health,Optical,Northern Ireland,Call Center,2024-09-17,2024-09-19,2,1838.39,1,1,True,Approved,0
CLM502580,PH100777,Commercial,Property Damage,Yorkshire,Mobile App,2023-05-15,2023-05-17,2,15593.72,3,3,True,Under Review,0
CLM502581,PH101319,Home,Storm,London,Branch,2023-08-22,2023-09-02,11,2295.64,0,0,True,Pending,0
CLM502582,PH100244,Travel,Delay,North East,Online,2024-01-23,2024-02-14,22,2117.74,2,2,True,Approved,0
CLM502583,PH100622,Commercial,Liability,Scotland,Online,2024-11-19,2024-12-05,16,24118.27,6,2,False,Approved,0
CLM502584,PH100759,Home,Storm,Midlands,Call Center,2024-05-30,2024-06-01,2,6859.72,1,3,True,Pending,0
CLM502585,PH100456,Travel,Lost Luggage,North East,Call Center,2023-08-01,2023-08-09,8,343.1,7,2,False,Approved,0
CLM502586,PH101155,Health,Dental,South East,Mobile App,2024-01-25,2024-01-28,3,677.1,0,3,True,Approved,0
CLM502587,PH100525,Home,Flood,North West,Online,2024-08-17,2024-08-17,0,26889.41,0,1,False,Approved,1
CLM502588,PH100560,Home,Fire,London,Branch,2024-06-13,2024-06-25,12,13846.91,5,2,False,Approved,0
CLM502589,PH101085,Home,Storm,South West,Call Center,2023-11-14,2023-12-08,24,9210.23,0,3,True,Approved,0
CLM502590,PH100989,Home,Fire,Wales,Mobile App,2024-02-16,2024-03-11,24,13665.96,6,1,True,Approved,0
CLM502591,PH100624,Life,Critical Illness,Yorkshire,Call Center,2024-03-14,2024-03-16,2,69045.61,5,2,True,Under Review,0
CLM502592,PH101318,Travel,Cancellation,Yorkshire,Call Center,2023-10-18,2023-10-25,7,2038.44,7,3,True,Approved,0
CLM502593,PH100445,Home,Burglary,North East,Mobile App,2023-05-23,2023-05-28,5,18714.26,2,3,True,Approved,0
CLM502594,PH100536,Life,Death Benefit,London,Online,2024-05-30,2024-05-30,0,201183.2,3,0,True,Approved,0
CLM502595,PH100693,Auto,Third Party,Scotland,Broker,2024-04-21,2024-05-19,28,3531.83,1,1,False,Approved,0
CLM502596,PH100188,Auto,Fire,London,Branch,2023-09-23,2023-10-02,9,3260.12,0,2,True,Approved,0
CLM502597,PH100636,Life,Critical Illness,Midlands,Branch,2023-02-02,2023-02-02,0,,7,1,True,Approved,0
CLM502598,PH100597,Commercial,Liability,Midlands,Branch,2024-05-04,2024-05-15,11,6421.2,6,3,False,Rejected,0
CLM502599,PH100380,Commercial,Business Interruption,Yorkshire,Broker,2023-01-30,2023-02-19,20,32671.6,0,0,True,Approved,0
CLM502600,PH100442,Health,Outpatient,Wales,Branch,2024-11-27,2024-12-05,8,6325.43,3,3,True,Pending,0
CLM502601,PH101246,Life,Death Benefit,North West,Call Center,2024-05-02,2024-05-12,10,103386.78,3,2,False,Approved,0
CLM502602,PH100492,Health,Hospitalisation,Scotland,Call Center,2023-12-06,2024-01-03,28,4553.04,5,3,True,Under Review,0
CLM502603,PH101286,Life,Critical Illness,North East,Broker,2024-02-07,2024-02-24,17,62236.58,3,1,True,Rejected,0
CLM502604,PH100235,Travel,Lost Luggage,Midlands,Broker,2024-03-24,2024-04-15,22,1371.72,2,1,True,Approved,0
CLM502605,PH100024,Health,Outpatient,Scotland,Online,2024-03-25,2024-04-20,26,,3,0,False,Pending,0
CLM502606,PH100700,Home,Burglary,South East,Branch,2024-07-28,2024-08-24,27,6854.35,5,1,False,Pending,0
CLM502607,PH100021,Home,Accidental Damage,South East,Branch,2024-03-09,2024-03-14,5,1077.35,0,2,True,Pending,0
CLM502608,PH101199,Commercial,Business Interruption,North West,Call Center,2024-04-04,2024-05-02,28,18647.14,3,0,True,Approved,0
CLM502609,PH100300,Health,Optical,South West,Broker,2024-05-17,2024-06-11,25,4954.92,0,1,True,Approved,0
CLM502610,PH100879,Health,Optical,London,Branch,2023-06-24,2023-07-19,25,5343.1,0,1,True,Approved,0
CLM502611,PH101033,Auto,Third Party,North West,Broker,2024-08-29,2024-09-04,6,590.34,1,2,False,Approved,0
CLM502612,PH101139,Life,Death Benefit,Midlands,Mobile App,2023-12-09,2024-01-06,28,60340.28,2,1,True,Pending,0
CLM502613,PH100063,Home,Storm,South East,Online,2023-05-19,2023-06-12,24,19317.0,4,0,True,Approved,0
CLM502614,PH100545,Travel,Lost Luggage,South West,Broker,2024-12-05,2024-12-05,0,1681.82,3,2,False,Pending,0
CLM502615,PH101149,Auto,Third Party,Scotland,Online,2023-07-23,2023-08-11,19,5979.96,3,0,True,Rejected,0
CLM502616,PH100038,Travel,Cancellation,North West,Call Center,2023-10-05,2023-10-07,2,1118.18,6,0,True,Under Review,0
CLM502617,PH100797,Commercial,Property Damage,London,Online,2024-07-23,2024-08-19,27,78673.62,5,3,False,Pending,0
CLM502618,PH100130,Travel,Lost Luggage,Scotland,Call Center,2024-12-26,2024-12-30,4,1491.19,0,2,True,Approved,0
CLM502619,PH100744,Travel,Lost Luggage,North West,Branch,2024-03-20,2024-04-09,20,4750.12,5,3,False,Approved,0
CLM502620,PH101392,Commercial,Business Interruption,London,Online,2023-01-19,2023-02-15,27,29286.6,6,1,False,Under Review,0
CLM502621,PH101374,Travel,Cancellation,Scotland,Branch,2023-02-12,2023-02-26,14,3857.58,4,1,True,Under Review,0
CLM502622,PH100678,Auto,Third Party,Midlands,Mobile App,2023-11-26,2023-12-07,11,1609.99,3,3,True,Rejected,0
CLM502623,PH100593,Home,Storm,Midlands,Online,2024-03-04,2024-03-27,23,2424.62,1,3,True,Pending,0
CLM502624,PH100532,Travel,Cancellation,London,Online,2023-11-08,2023-11-10,2,2539.54,5,3,False,Under Review,1
CLM502625,PH100186,Life,Critical Illness,North East,Mobile App,2024-08-21,2024-09-05,15,109954.81,7,3,False,Pending,0
CLM502626,PH101379,Home,Burglary,Northern Ireland,Online,2024-12-07,2024-12-13,6,33654.29,5,1,True,Approved,0
CLM502627,PH100513,Home,Fire,South East,Broker,2024-04-17,2024-04-29,12,7171.48,6,2,False,Rejected,0
CLM502628,PH100978,Home,Storm,Midlands,Mobile App,2023-12-18,2023-12-28,10,15294.18,5,0,True,Approved,0
CLM502629,PH100127,Life,Death Benefit,Northern Ireland,Branch,2024-09-17,2024-09-30,13,17498.47,7,1,False,Pending,0
CLM502630,PH100826,Life,Death Benefit,Scotland,Online,2023-08-04,2023-08-09,5,86902.2,5,2,False,Pending,0
CLM502631,PH100480,Home,Flood,North East,Broker,2024-06-11,2024-06-15,4,3630.84,7,0,False,Pending,0
CLM502632,PH100440,Home,Accidental Damage,Northern Ireland,Branch,2024-09-04,2024-09-05,1,4763.14,3,0,True,Approved,0
CLM502633,PH101349,Life,Death Benefit,Scotland,Online,2023-02-10,2023-02-18,8,72755.15,2,2,False,Under Review,0
CLM502634,PH101428,Travel,Cancellation,North East,Broker,2023-09-10,2023-09-29,19,751.55,6,2,True,Under Review,0
CLM502635,PH100277,Commercial,Property Damage,North West,Call Center,2023-11-11,2023-11-12,1,15039.83,5,0,True,Approved,0
CLM502636,PH100519,Commercial,Liability,Northern Ireland,Mobile App,2024-04-03,2024-04-12,9,47980.66,3,0,True,Approved,0
CLM502637,PH100968,Auto,Collision,Midlands,Call Center,2023-05-02,2023-05-05,3,3905.32,3,3,True,Pending,0
CLM502638,PH100952,Commercial,Liability,North East,Branch,2024-06-01,2024-06-09,8,23199.26,6,2,True,Pending,0
CLM502639,PH100971,Home,Storm,Northern Ireland,Online,2024-10-19,2024-10-29,10,11675.62,4,3,True,Rejected,0
CLM502640,PH100181,Home,Accidental Damage,South East,Call Center,2024-10-16,2024-11-13,28,9664.03,0,1,True,Approved,0
CLM502641,PH101468,Health,Optical,Yorkshire,Call Center,2024-06-14,2024-06-14,0,1209.04,1,2,True,Pending,0
CLM502642,PH100786,Travel,Medical,South East,Branch,2024-03-22,2024-03-26,4,1575.05,2,0,True,Approved,0
CLM502643,PH100493,Auto,Windscreen,North East,Call Center,2023-07-16,2023-07-20,4,3690.49,3,0,True,Approved,0
CLM502644,PH100773,Home,Flood,South East,Online,2024-02-21,2024-03-11,19,1307.09,1,0,True,Rejected,0
CLM502645,PH100839,Auto,Windscreen,Northern Ireland,Mobile App,2024-05-16,2024-06-01,16,1515.19,3,2,True,Approved,0
CLM502646,PH100912,Health,Dental,South East,Broker,2024-06-18,2024-07-15,27,2600.45,2,2,True,Approved,0
CLM502647,PH100331,Home,Storm,Yorkshire,Branch,2023-01-16,2023-02-02,17,13229.12,4,0,False,Approved,0
CLM502648,PH100948,Home,Fire,Northern Ireland,Online,2023-05-16,2023-05-17,1,3819.88,1,1,True,Rejected,0
CLM502649,PH100448,Home,Storm,South West,Branch,2024-01-20,2024-02-12,23,7492.96,7,1,True,Approved,0
CLM502650,PH100292,Health,Outpatient,North West,Broker,2024-02-18,2024-02-19,1,3421.06,1,1,True,Pending,0
CLM502651,PH100814,Travel,Cancellation,Scotland,Branch,2023-12-06,2024-01-02,27,1191.82,7,0,True,Approved,0
CLM502652,PH100986,Auto,Theft,Scotland,Broker,2024-09-06,2024-10-04,28,9157.54,3,2,True,Under Review,0
CLM502653,PH101474,Commercial,Property Damage,Yorkshire,Call Center,2024-02-23,2024-03-14,20,19714.64,6,2,True,Rejected,0
CLM502654,PH100852,Travel,Medical,South East,Broker,2024-01-25,2024-02-02,8,388.18,6,2,True,Approved,0
CLM502655,PH100540,Life,Death Benefit,North East,Mobile App,2024-06-17,2024-06-19,2,48492.99,4,1,False,Under Review,0
CLM502656,PH101300,Commercial,Business Interruption,North West,Call Center,2024-03-31,2024-04-22,22,-26504.4,7,3,False,Approved,0
CLM502657,PH100136,Home,Flood,Midlands,Mobile App,2023-04-07,2023-04-10,3,3160.6,1,2,False,Approved,0
CLM502658,PH100714,Commercial,Property Damage,North East,Broker,2024-02-11,2024-03-08,26,25858.88,6,3,True,Pending,0
CLM502659,PH100727,Health,Hospitalisation,Midlands,Mobile App,2024-03-04,2024-03-14,10,1499.4,4,3,False,Rejected,0
CLM502660,PH101355,Auto,Fire,Yorkshire,Call Center,2024-12-02,2024-12-04,2,832.29,4,0,False,Approved,0
CLM502661,PH100686,Home,Accidental Damage,South East,Mobile App,2023-02-28,2023-03-22,22,13938.36,5,0,True,Approved,0
CLM502662,PH100568,Life,Death Benefit,North East,Online,2023-05-22,2023-06-03,12,1084.94,7,1,True,Under Review,0
CLM502663,PH100520,Commercial,Liability,Yorkshire,Online,2023-10-07,2023-10-16,9,19655.79,7,0,True,Approved,0
CLM502664,PH100996,Health,Hospitalisation,London,Branch,2023-09-29,2023-10-01,2,1949.93,0,3,False,Approved,0
CLM502665,PH100002,Health,Outpatient,Northern Ireland,Call Center,2024-02-26,2024-03-01,4,2655.82,3,1,True,Approved,0
CLM502666,PH101457,Auto,Windscreen,London,Branch,2024-03-04,2024-03-15,11,2426.11,7,1,True,Under Review,0
CLM502667,PH100600,Auto,Windscreen,Wales,Branch,2024-05-25,2024-06-09,15,1677.56,3,3,True,Pending,0
CLM502668,PH100386,Commercial,Property Damage,North East,Branch,2024-04-08,2024-04-09,1,3114.04,2,3,True,Pending,0
CLM502669,PH101073,Auto,Windscreen,Northern Ireland,Branch,2023-02-19,2023-02-23,4,1808.61,2,0,True,Pending,0
CLM502670,PH100314,Life,Death Benefit,Wales,Mobile App,2023-04-02,2023-04-24,22,13131.25,6,0,True,Rejected,0
CLM502671,PH100047,Home,Flood,North East,Mobile App,2024-10-15,2024-10-27,12,26744.03,3,0,True,Pending,0
CLM502672,PH101474,Health,Dental,Yorkshire,Call Center,2024-03-04,2024-03-05,1,5879.8,4,1,True,Approved,0
CLM502673,PH100926,Health,Hospitalisation,Midlands,Call Center,2024-08-07,2024-08-24,17,3008.57,3,0,False,Approved,0
CLM502674,PH101059,Travel,Cancellation,Midlands,Online,2024-10-25,2024-11-05,11,1680.92,0,3,False,Approved,0
CLM502675,PH101386,Travel,Cancellation,North West,Mobile App,2023-11-24,2023-11-24,0,2074.43,4,0,False,Approved,1
CLM502676,PH101436,Auto,Collision,South West,Call Center,2023-06-05,2023-06-14,9,15567.0,1,0,True,Rejected,0
CLM502677,PH100651,Travel,Delay,London,Branch,2023-08-18,2023-08-19,1,1823.27,7,2,True,Approved,0
CLM502678,PH100308,Auto,Third Party,London,Online,2023-01-30,2023-01-30,0,11963.7,3,1,False,Approved,1
CLM502679,PH101363,Health,Optical,Northern Ireland,Call Center,2023-07-24,2023-08-22,29,4170.71,6,1,True,Approved,0
CLM502680,PH100655,Life,Death Benefit,Wales,Mobile App,2023-07-21,2023-07-22,1,72998.86,5,1,True,Approved,0
CLM502681,PH100889,Life,Death Benefit,Yorkshire,Mobile App,2024-12-25,2025-01-22,28,71044.27,5,0,True,Rejected,0
CLM502682,PH100345,Travel,Delay,North East,Mobile App,2023-06-08,2023-06-11,3,897.42,2,1,True,Under Review,0
CLM502683,PH101417,Commercial,Liability,South East,Broker,2023-10-24,2023-10-24,0,13235.6,4,2,True,Approved,0
CLM502684,PH100878,Home,Storm,South East,Online,2023-07-10,2023-07-15,5,7997.85,3,0,False,Approved,0
CLM502685,PH100708,Auto,Fire,Wales,Mobile App,2024-06-13,2024-06-14,1,11997.91,4,1,False,Rejected,1
CLM502686,PH100291,Auto,Collision,Wales,Branch,2023-10-27,2023-11-05,9,12535.0,2,3,True,Approved,0
CLM502687,PH101469,Commercial,Business Interruption,North East,Mobile App,2024-09-22,2024-10-21,29,1194.71,3,3,False,Pending,0
CLM502688,PH100708,Auto,Fire,Wales,Call Center,2023-10-21,2023-10-31,10,3933.08,7,1,True,Rejected,0
CLM502689,PH100837,Home,Burglary,Midlands,Mobile App,2023-01-24,2023-02-12,19,11419.42,6,0,True,Approved,0
CLM502690,PH101493,Commercial,Property Damage,North West,Call Center,2023-11-07,2023-11-25,18,16738.22,1,1,True,Approved,0
CLM502691,PH101288,Auto,Third Party,North East,Branch,2024-05-26,2024-06-23,28,3611.86,2,1,True,Approved,0
CLM502692,PH100035,Auto,Fire,Northern Ireland,Broker,2024-01-16,2024-02-08,23,5114.4,2,0,True,Under Review,0
CLM502693,PH100694,Life,Critical Illness,Scotland,Branch,2023-03-04,2023-03-31,27,92455.26,1,3,False,Approved,0
CLM502694,PH101309,Travel,Delay,South West,Call Center,2023-07-09,2023-07-18,9,284.23,4,2,True,Pending,0
CLM502695,PH100777,Home,Accidental Damage,Yorkshire,Branch,2023-01-03,2023-01-28,25,12638.8,2,1,False,Pending,0
CLM502696,PH101407,Life,Death Benefit,South East,Online,2024-02-20,2024-02-20,0,,0,3,False,Pending,0
CLM502697,PH100732,Home,Fire,Wales,Branch,2024-09-15,2024-10-10,25,4044.2,2,3,False,Approved,0
CLM502698,PH101364,Life,Critical Illness,Midlands,Call Center,2023-08-13,2023-08-25,12,32845.33,3,1,False,Approved,0
CLM502699,PH101216,Commercial,Property Damage,Wales,Broker,2023-10-09,2023-11-06,28,20325.14,6,2,True,Approved,0
CLM502700,PH100165,Home,Storm,Wales,Broker,2024-11-04,2024-11-21,17,17263.25,6,0,False,Approved,0
CLM502701,PH100495,Travel,Delay,Midlands,Mobile App,2023-07-09,2023-07-26,17,2381.24,0,3,True,Approved,0
CLM502702,PH100777,Travel,Cancellation,Yorkshire,Call Center,2024-01-24,2024-02-21,28,316.51,1,3,True,Approved,0
CLM502703,PH101270,Health,Dental,North East,Call Center,2023-01-28,2023-02-19,22,2025.4,4,0,True,Approved,0
CLM502704,PH100603,Travel,Delay,South West,Broker,2023-08-10,2023-08-16,6,1514.29,7,2,True,Pending,0
CLM502705,PH100192,Travel,Lost Luggage,South West,Broker,2024-03-28,2024-04-11,14,1262.42,4,2,True,Approved,0
CLM502706,PH101064,Travel,Lost Luggage,North East,Broker,2024-10-26,2024-11-11,16,873.58,3,3,True,Approved,0
CLM502707,PH100093,Commercial,Liability,North West,Branch,2024-09-11,2024-10-10,29,6011.83,6,3,True,Under Review,0
CLM502708,PH101426,Commercial,Liability,North West,Online,2023-01-20,2023-02-15,26,34646.66,4,0,True,Under Review,0
CLM502709,PH101071,Health,Hospitalisation,North East,Mobile App,2023-01-03,2023-01-06,3,5261.51,6,3,False,Pending,0
CLM502710,PH100814,Commercial,Property Damage,Scotland,Online,2023-07-30,2023-08-26,27,22201.39,6,3,True,Approved,0
CLM502711,PH101300,Travel,Cancellation,North West,Broker,2024-09-27,2024-10-02,5,1025.98,6,2,True,Approved,0
CLM502712,PH100941,Life,Death Benefit,  SCOTLAND ,Branch,2023-05-03,2023-05-31,28,37843.41,3,2,True,Approved,0
CLM502713,PH100901,Life,Death Benefit,Northern Ireland,Online,2023-12-05,2023-12-31,26,50214.73,3,1,True,Approved,0
CLM502714,PH101384,Commercial,Liability,Scotland,Call Center,2024-06-26,2024-07-12,16,5655.37,0,2,True,Approved,0
CLM502715,PH100594,Commercial,Property Damage,North West,Broker,2024-11-27,2024-12-15,18,35242.48,4,1,True,Approved,0
CLM502716,PH100906,Life,Critical Illness,North East,Online,2023-04-26,2023-05-07,11,77773.33,0,3,True,Under Review,0
CLM502717,PH100547,Life,Death Benefit,Yorkshire,Mobile App,2024-04-06,2024-04-27,21,52188.19,4,3,True,Pending,0
CLM502718,PH101271,Health,Dental,Midlands,Online,2024-09-27,2024-09-29,2,12795.35,4,0,True,Approved,1
CLM502719,PH100410,Health,Outpatient,London,Branch,2024-01-20,2024-02-14,25,4097.33,6,1,True,Pending,0
CLM502720,PH101286,Health,Outpatient,North East,Branch,2023-06-30,2023-07-13,13,4802.17,0,0,False,Approved,0
CLM502721,PH100277,Life,Death Benefit,North West,Online,2023-12-05,2023-12-18,13,43272.96,3,2,True,Pending,0
CLM502722,PH100489,Life,Death Benefit,North East,Online,2023-03-10,2023-03-25,15,4142.1,7,1,True,Under Review,0
CLM502723,PH100255,Auto,Fire,South East,Branch,2023-02-18,2023-03-05,15,2976.53,4,2,False,Approved,0
CLM502724,PH101128,Auto,Third Party,Midlands,Broker,2024-05-30,2024-05-31,1,1235.03,7,0,True,Under Review,0
CLM502725,PH101008,Travel,Cancellation,South East,Call Center,2024-10-25,2024-11-20,26,190.36,7,2,True,Pending,0
CLM502726,PH100081,Life,Critical Illness,Yorkshire,Branch,2023-01-27,2023-02-20,24,17748.15,4,1,True,Approved,0
CLM502727,PH100095,Life,Critical Illness,North East,Mobile App,2024-10-01,2024-10-15,14,47494.72,2,1,True,Rejected,0
CLM502728,PH100729,Health,Optical,South West,Mobile App,2023-04-24,2023-05-05,11,1043.07,7,2,True,Under Review,0
CLM502729,PH100421,Auto,Third Party,North East,Branch,2024-04-12,2024-04-26,14,3349.56,1,2,True,Approved,0
CLM502730,PH100961,Auto,Third Party,Yorkshire,Broker,2024-01-02,2024-01-17,15,2053.8,2,0,True,Under Review,0
CLM502731,PH101091,Travel,Delay,London,Mobile App,2023-09-06,2023-10-04,28,2239.09,6,1,True,Rejected,0
CLM502732,PH101277,Travel,Delay,North East,Online,2024-10-17,2024-10-19,2,3056.54,0,1,True,Pending,1
CLM502733,PH101050,Auto,Theft,Scotland,Call Center,2024-05-10,2024-05-23,13,1671.03,4,0,False,Approved,0
CLM502734,PH100335,Life,Critical Illness,North West,Call Center,2023-04-16,2023-05-15,29,23760.28,7,1,True,Rejected,0
CLM502735,PH100701,Health,Dental,North West,Mobile App,2024-01-10,2024-02-04,25,1964.27,7,3,False,Approved,0
CLM502736,PH100949,Auto,Windscreen,South East,Call Center,2023-02-21,2023-03-07,14,3061.6,3,0,True,Approved,0
CLM502737,PH101180,Home,Burglary,South West,Mobile App,2023-10-02,2023-10-17,15,1826.33,2,0,True,Pending,0
CLM502738,PH101392,Health,Dental,London,Branch,2024-11-23,2024-11-25,2,,3,2,True,Approved,0
CLM502739,PH100840,Commercial,Liability,Yorkshire,Branch,2023-07-22,2023-07-30,8,26100.02,0,2,True,Approved,0
CLM502740,PH101071,Health,Dental,North East,Broker,2023-02-19,2023-03-15,24,16206.94,6,1,False,Approved,0
CLM502741,PH100403,Health,Dental,Northern Ireland,Mobile App,2023-06-24,2023-07-20,26,2700.75,6,2,True,Approved,0
CLM502742,PH100382,Home,Accidental Damage,Northern Ireland,Mobile App,2023-03-02,2023-03-03,1,4100.72,0,0,True,Pending,0
CLM502743,PH100783,Life,Death Benefit,North East,Call Center,2023-04-04,2023-05-02,28,13063.43,0,0,True,Approved,0
CLM502744,PH101286,Home,Accidental Damage,North East,Mobile App,2023-05-15,2023-05-24,9,10770.14,7,0,True,Under Review,0
CLM502745,PH100844,Travel,Medical,Northern Ireland,Online,2024-02-18,2024-02-29,11,2307.81,2,3,True,Pending,0
CLM502746,PH100591,Life,Death Benefit,North West,Broker,2024-06-28,2024-07-23,25,58472.08,5,3,False,Approved,0
CLM502747,PH100431,Auto,Windscreen,North East,Broker,2023-07-29,2023-08-21,23,4471.43,6,3,True,Pending,0
CLM502748,PH100925,Commercial,Liability,Midlands,Mobile App,2023-12-15,2024-01-13,29,26423.85,7,2,True,Approved,0
CLM502749,PH100748,Travel,Lost Luggage,Northern Ireland,Mobile App,2024-09-18,2024-09-20,2,2890.72,1,1,True,Under Review,1
CLM502750,PH101232,Health,Hospitalisation,South West,Online,2023-08-06,2023-08-16,10,9262.03,2,3,True,Approved,0
CLM502751,PH101158,Home,Flood,South East,Broker,2024-05-08,2024-06-02,25,4397.59,6,2,False,Approved,0
CLM502752,PH100231,Home,Flood,North West,Mobile App,2024-08-30,2024-09-21,22,7348.14,2,2,True,Under Review,0
CLM502753,PH101420,Auto,Fire,North East,Call Center,2023-07-14,2023-08-01,18,3179.37,3,3,True,Approved,0
CLM502754,PH100369,Home,Fire,South East,Mobile App,2024-08-17,2024-09-04,18,2981.61,7,0,True,Pending,0
CLM502755,PH100127,Home,Flood,Northern Ireland,Branch,2023-05-19,2023-06-06,18,5028.98,7,0,True,Approved,0
CLM502756,PH100743,Home,Fire,Wales,Call Center,2024-11-06,2024-12-04,28,9724.71,1,1,True,Rejected,0
CLM502757,PH100780,Commercial,Liability,London,Online,2024-12-02,2024-12-11,9,40640.54,6,1,True,Approved,0
CLM502758,PH101128,Life,Critical Illness,Midlands,Branch,2024-01-19,2024-01-24,5,15191.31,1,2,True,Rejected,0
CLM502759,PH100927,Commercial,Business Interruption,South East,Broker,2023-04-26,2023-05-25,29,23981.13,6,1,True,Approved,0
CLM502760,PH101418,Travel,Lost Luggage,North East,Mobile App,2024-03-07,2024-03-16,9,1417.84,1,2,True,Approved,0
CLM502761,PH101031,Life,Critical Illness,Midlands,Online,2024-11-08,2024-11-27,19,47206.04,3,2,True,Approved,0
CLM502762,PH101092,Auto,Third Party,Scotland,Mobile App,2024-07-15,2024-08-09,25,3318.87,5,2,True,Under Review,0
CLM502763,PH100487,Home,Storm,Northern Ireland,Online,2024-11-23,2024-12-09,16,18806.6,5,0,True,Pending,0
CLM502764,PH101433,Life,Critical Illness,South East,Online,2024-07-04,2024-07-27,23,100491.31,4,1,True,Approved,0
CLM502765,PH101129,Health,Optical,Wales,Branch,2023-12-07,2023-12-25,18,3658.43,1,0,True,Approved,0
CLM502766,PH100724,Travel,Medical,London,Branch,2024-10-01,2024-10-16,15,1775.91,2,2,False,Under Review,0
CLM502767,PH100605,Commercial,Liability,South East,Broker,2024-03-05,2024-03-13,8,12014.51,6,1,True,Rejected,0
CLM502768,PH100975,Life,Death Benefit,South West,Mobile App,2023-06-30,2023-07-04,4,45449.44,4,2,True,Rejected,0
CLM502769,PH101166,Travel,Medical,Wales,Mobile App,2023-03-17,2023-03-25,8,478.33,7,2,True,Approved,0
CLM502770,PH100245,Life,Critical Illness,Yorkshire,Broker,2024-03-02,2024-03-21,19,20078.36,7,1,False,Rejected,0
CLM502771,PH101378,Health,Outpatient,South East,Mobile App,2024-08-10,2024-08-28,18,2048.73,1,2,True,Pending,0
CLM502772,PH101211,Auto,Theft,North East,Branch,2024-02-13,2024-03-02,18,4658.28,0,1,False,Approved,0
CLM502773,PH100772,Home,Flood,Midlands,Call Center,2023-05-05,2023-05-17,12,12918.0,7,2,True,Under Review,0
CLM502774,PH100274,Home,Flood,North West,Broker,2024-02-12,2024-03-10,27,1826.71,5,0,False,Under Review,0
CLM502775,PH100356,Health,Hospitalisation,London,Branch,2024-06-07,2024-06-07,0,3733.32,2,0,True,Pending,0
CLM502776,PH101023,Travel,Cancellation,North West,Online,2024-03-16,2024-03-22,6,1027.03,4,1,False,Approved,0
CLM502777,PH100809,Home,Storm,South West,Branch,2024-10-24,2024-11-20,27,16933.19,4,1,True,Rejected,0
CLM502778,PH101017,Health,Outpatient,South East,Broker,2024-07-21,2024-08-04,14,1132.06,7,0,True,Under Review,0
CLM502779,PH101072,Health,Optical,Yorkshire,Online,2024-11-20,2024-11-29,9,4322.21,4,2,True,Pending,0
CLM502780,PH100888,Home,Flood,South East,Mobile App,2023-08-28,2023-09-19,22,15363.96,3,1,True,Approved,0
CLM502781,PH100465,Life,Death Benefit,North East,Branch,2023-02-24,2023-03-05,9,17739.91,5,0,False,Rejected,0
CLM502782,PH101301,Life,Critical Illness,South West,Branch,2024-06-30,2024-07-01,1,56685.32,7,0,False,Rejected,1
CLM502783,PH100247,Auto,Windscreen,London,Call Center,2024-03-22,2024-04-15,24,3597.92,7,0,True,Approved,0
CLM502784,PH101489,Health,Hospitalisation,Scotland,Broker,2023-02-26,2023-03-06,8,4664.55,1,3,True,Under Review,0
CLM502785,PH100773,Travel,Lost Luggage,South East,Call Center,2023-10-09,2023-11-07,29,419.81,2,2,True,Approved,0
CLM502786,PH100154,Life,Critical Illness,London,Online,2024-01-18,2024-02-11,24,36413.82,4,2,True,Rejected,0
CLM502787,PH101450,Commercial,Liability,Yorkshire,Mobile App,2023-01-28,2023-02-06,9,5659.7,5,1,False,Approved,0
CLM502788,PH101340,Auto,Windscreen,London,Online,2023-08-30,2023-09-11,12,3816.84,3,2,True,Under Review,0
CLM502789,PH101327,Health,Optical,Wales,Branch,2024-07-18,2024-08-13,26,2428.75,2,1,True,Rejected,0
CLM502790,PH100848,Auto,Windscreen,North East,Online,2023-05-16,2023-05-21,5,2547.3,3,0,False,Pending,0
CLM502791,PH100712,Home,Burglary,Yorkshire,Call Center,2023-09-26,2023-10-15,19,1927.46,5,0,True,Pending,0
CLM502792,PH100525,Commercial,Property Damage,North West,Call Center,2023-06-26,2023-06-26,0,52050.23,5,2,True,Approved,0
CLM502793,PH100206,Life,Critical Illness,Northern Ireland,Broker,2024-05-23,2024-06-17,25,30015.49,0,0,True,Rejected,0
CLM502794,PH100557,Commercial,Business Interruption,Scotland,Branch,2024-08-04,2024-08-30,26,13051.45,1,3,True,Under Review,0
CLM502795,PH100415,Travel,Cancellation,Wales,Call Center,2023-08-22,2023-09-18,27,366.59,2,3,True,Rejected,0
CLM502796,PH100302,Commercial,Liability,South West,Mobile App,2024-03-19,2024-04-15,27,24970.98,1,1,False,Approved,0
CLM502797,PH100072,Auto,Collision,North West,Branch,2023-10-19,2023-10-27,8,5083.83,4,0,True,Approved,0
CLM502798,PH100638,Life,Critical Illness,London,Call Center,2024-02-13,2024-03-06,22,57367.85,0,0,False,Under Review,0
CLM502799,PH100794,Travel,Delay,Yorkshire,Mobile App,2024-05-15,2024-05-20,5,363.79,5,2,True,Approved,0
CLM502800,PH100681,Life,Death Benefit,London,Mobile App,2023-06-02,2023-06-16,14,3303.43,6,3,False,Approved,0
CLM502801,PH101363,Life,Death Benefit,Northern Ireland,Online,2023-04-13,2023-04-27,14,15305.3,0,2,True,Approved,0
CLM502802,PH101010,Auto,Theft,Scotland,Online,2024-03-05,2024-03-25,20,4732.19,2,1,False,Approved,0
CLM502803,PH100153,Commercial,Business Interruption,North East,Online,2024-05-21,2024-05-24,3,7297.67,1,2,True,Pending,0
CLM502804,PH100613,Travel,Cancellation,London,Call Center,2024-06-25,2024-07-01,6,778.67,5,0,True,Approved,0
CLM502805,PH100222,Auto,Windscreen,North East,Broker,2024-04-08,2024-04-27,19,4795.35,5,1,True,Approved,0
CLM502806,PH100663,Commercial,Property Damage,Northern Ireland,Broker,2023-09-16,2023-09-16,0,9374.07,2,3,True,Pending,0
CLM502807,PH100850,Life,Death Benefit,North East,Call Center,2023-11-23,2023-11-30,7,93845.82,3,2,True,Approved,0
CLM502808,PH101279,Life,Critical Illness,Yorkshire,Mobile App,2024-01-07,2024-01-07,0,45185.67,6,3,True,Rejected,1
CLM502809,PH100656,Health,Dental,Midlands,Call Center,2024-06-14,2024-07-03,19,2599.24,0,0,True,Pending,0
CLM502810,PH100419,Travel,Cancellation,North West,Branch,2024-03-19,2024-04-04,16,855.77,2,2,True,Approved,0
CLM502811,PH100390,Health,Optical,North West,Online,2024-10-26,2024-11-18,23,4466.23,0,1,True,Approved,0
CLM502812,PH100580,Life,Critical Illness,Yorkshire,Online,2023-11-17,2023-12-07,20,63602.78,4,0,True,Approved,0
CLM502813,PH101240,Health,Hospitalisation,Scotland,Mobile App,2023-01-30,2023-02-25,26,4355.2,0,0,True,Approved,0
CLM502814,PH100862,Home,Burglary,North West,Branch,2023-11-27,2023-12-07,10,17797.69,7,0,False,Under Review,0
CLM502815,PH101152,Auto,Theft,Northern Ireland,Branch,2024-07-03,2024-07-18,15,3467.67,5,2,True,Approved,0
CLM502816,PH101204,Life,Critical Illness,North West,Mobile App,2024-07-15,2024-07-26,11,17488.56,1,3,True,Under Review,0
CLM502817,PH100161,Travel,Delay,Yorkshire,Mobile App,2024-11-08,2024-11-16,8,2219.97,7,0,False,Approved,0
CLM502818,PH100523,Home,Flood,South East,Mobile App,2024-05-23,2024-06-21,29,8017.65,1,0,True,Approved,0
CLM502819,PH101324,Home,Flood,Northern Ireland,Broker,2024-11-13,2024-12-12,29,2604.68,6,3,True,Approved,0
CLM502820,PH100065,Commercial,Liability,Midlands,Call Center,2023-10-29,2023-11-22,24,31668.0,2,1,True,Approved,0
CLM502821,PH100606,Health,Outpatient,Scotland,Online,2024-11-03,2024-11-17,14,7127.86,5,0,False,Approved,0
CLM502822,PH100633,Health,Dental,North East,Broker,2024-09-19,2024-10-11,22,2643.62,7,3,True,Approved,0
CLM502823,PH100937,Health,Outpatient,Wales,Call Center,2024-06-08,2024-06-21,13,877.48,0,0,True,Approved,0
CLM502824,PH100678,Health,Outpatient,Midlands,Call Center,2024-04-08,2024-04-24,16,3353.5,1,1,True,Approved,0
CLM502825,PH100997,Home,Storm,Yorkshire,Broker,2024-05-03,2024-05-19,16,2490.46,7,3,True,Rejected,0
CLM502826,PH101249,Life,Death Benefit,Scotland,Branch,2023-06-28,2023-06-30,2,132293.17,1,0,False,Approved,1
CLM502827,PH100057,Health,Optical,South East,Mobile App,2024-09-10,2024-09-22,12,1191.17,1,3,True,Approved,0
CLM502828,PH100505,Health,Dental,Yorkshire,Call Center,2024-03-18,2024-04-13,26,3919.06,5,0,True,Rejected,0
CLM502829,PH101369,Health,Hospitalisation,Midlands,Branch,2024-04-27,2024-05-09,12,1467.35,0,2,True,Approved,0
CLM502830,PH100588,Life,Death Benefit,South West,Online,2023-05-14,2023-06-06,23,42050.39,5,2,True,Approved,0
CLM502831,PH100662,Health,Hospitalisation,Northern Ireland,Online,2024-05-04,2024-05-05,1,424.85,3,2,False,Rejected,1
CLM502832,PH100427,Life,Critical Illness,Yorkshire,Online,2024-10-16,2024-10-20,4,32433.34,0,3,True,Pending,0
CLM502833,PH100025,Auto,Third Party,South West,Online,2023-07-10,2023-07-21,11,281.92,7,1,False,Approved,0
CLM502834,PH101326,Travel,Cancellation,Yorkshire,Branch,2024-01-14,2024-02-11,28,1548.42,1,3,True,Approved,0
CLM502835,PH100104,Home,Flood,North East,Broker,2023-11-28,2023-12-15,17,14297.55,4,2,False,Pending,0
CLM502836,PH100048,Health,Outpatient,South East,Mobile App,2023-04-12,2023-04-12,0,2796.4,2,2,False,Approved,0
CLM502837,PH100512,Auto,Windscreen,South East,Call Center,2024-07-25,2024-07-29,4,1673.75,1,0,True,Under Review,0
CLM502838,PH100277,Life,Death Benefit,North West,Broker,2024-08-31,2024-09-19,19,217173.56,0,1,True,Under Review,0
CLM502839,PH101085,Health,Hospitalisation,South West,Call Center,2023-09-22,2023-09-25,3,3206.19,7,3,True,Approved,0
CLM502840,PH100049,Auto,Theft,North East,Online,2023-10-25,2023-11-20,26,4537.26,1,3,True,Approved,0
CLM502841,PH100038,Life,Critical Illness,North West,Branch,2024-08-14,2024-09-04,21,3185.4,7,3,True,Under Review,0
CLM502842,PH100190,Commercial,Business Interruption,London,Online,2023-04-23,2023-04-23,0,36329.6,0,1,True,Rejected,1
CLM502843,PH100744,Health,Optical,North West,Online,2024-08-13,2024-09-06,24,4315.62,7,1,True,Approved,0
CLM502844,PH101251,Health,Hospitalisation,Scotland,Mobile App,2023-03-05,2023-03-23,18,422.84,3,0,True,Approved,0
CLM502845,PH101334,Commercial,Business Interruption,Northern Ireland,Call Center,2024-09-07,2024-10-05,28,15343.37,7,0,True,Approved,0
CLM502846,PH100259,Health,Optical,Wales,Broker,2023-08-18,2023-09-16,29,758.47,2,1,True,Pending,0
CLM502847,PH100215,Home,Fire,North West,Call Center,2024-04-21,2024-05-03,12,14758.74,0,2,True,Approved,0
CLM502848,PH101456,Auto,Fire,Midlands,Mobile App,2024-03-23,2024-03-23,0,8973.97,1,0,False,Under Review,1
CLM502849,PH100789,Commercial,Business Interruption,Scotland,Mobile App,2023-05-30,2023-06-13,14,4590.61,1,0,True,Under Review,0
CLM502850,PH101394,Travel,Cancellation,Midlands,Online,2023-11-25,2023-12-10,15,992.32,2,1,True,Under Review,0
CLM502851,PH100965,Commercial,Business Interruption,Yorkshire,Call Center,2024-09-17,2024-09-30,13,14725.59,6,0,True,Approved,0
CLM502852,PH101245,Travel,Delay,North West,Broker,2024-11-24,2024-12-15,21,3596.97,3,0,False,Approved,0
CLM502853,PH101345,Commercial,Business Interruption,Midlands,Broker,2024-11-05,2024-11-28,23,9392.0,3,0,True,Approved,0
CLM502854,PH101315,Commercial,Business Interruption,North West,Broker,2024-04-30,2024-05-14,14,11994.01,7,3,True,Approved,0
CLM502855,PH100588,Home,Flood,South West,Call Center,2024-01-09,2024-01-30,21,6253.57,5,2,True,Approved,0
CLM502856,PH100166,Home,Flood,North East,Call Center,2023-11-22,2023-11-23,1,10983.11,0,0,False,Pending,1
CLM502857,PH101294,Home,Fire,Northern Ireland,Online,2023-09-19,2023-10-03,14,14167.95,7,2,False,Rejected,0
CLM502858,PH100462,Auto,Collision,Yorkshire,Call Center,2024-01-19,2024-02-06,18,1329.06,0,1,True,Pending,0
CLM502859,PH100467,Commercial,Liability,North West,Mobile App,2024-09-02,2024-09-26,24,32238.39,7,1,True,Approved,0
CLM502860,PH101496,Life,Critical Illness,Scotland,Call Center,2024-10-26,2024-11-05,10,52313.42,6,3,True,Pending,0
CLM502861,PH100900,Health,Dental,Midlands,Online,2024-11-03,2024-11-05,2,13805.64,6,0,False,Rejected,1
CLM502862,PH100292,Auto,Third Party,North West,Online,2023-03-02,2023-03-13,11,3604.52,0,0,True,Pending,0
CLM502863,PH100417,Health,Outpatient,Yorkshire,Branch,2024-04-01,2024-04-02,1,9934.44,5,3,True,Pending,0
CLM502864,PH100688,Auto,Collision,Northern Ireland,Call Center,2024-07-28,2024-08-06,9,2268.09,6,3,False,Approved,0
CLM502865,PH100130,Commercial,Business Interruption,Scotland,Online,2024-09-16,2024-09-25,9,7983.64,5,1,True,Approved,0
CLM502866,PH100986,Health,Hospitalisation,Scotland,Call Center,2024-01-05,2024-01-30,25,6393.58,2,2,False,Approved,0
CLM502867,PH100351,Life,Critical Illness,Northern Ireland,Mobile App,2023-06-26,2023-07-15,19,9008.23,1,3,True,Approved,0
CLM502868,PH100389,Life,Critical Illness,South West,Branch,2023-07-29,2023-08-09,11,25618.27,2,0,True,Rejected,0
CLM502869,PH100414,Commercial,Business Interruption,Midlands,Online,2024-04-06,2024-04-07,1,24233.91,0,0,True,Approved,1
CLM502870,PH101471,Commercial,Business Interruption,Yorkshire,Mobile App,2023-01-11,2023-02-05,25,30505.8,7,0,False,Approved,0
CLM502871,PH100364,Life,Death Benefit,South East,Online,2023-05-04,2023-05-09,5,23075.97,2,1,False,Approved,0
CLM502872,PH100745,Life,Critical Illness,Northern Ireland,Branch,2023-02-11,2023-02-11,0,96350.29,0,3,True,Approved,0
CLM502873,PH101352,Travel,Medical,Midlands,Broker,2023-08-15,2023-08-23,8,744.47,2,3,True,Approved,0
CLM502874,PH100543,Commercial,Property Damage,North East,Call Center,2024-01-02,2024-01-28,26,19560.93,4,1,True,Pending,0
CLM502875,PH101333,Life,Critical Illness,Yorkshire,Call Center,2024-12-02,2024-12-04,2,13050.71,4,2,True,Approved,0
CLM502876,PH100783,Commercial,Property Damage,North East,Call Center,2023-08-17,2023-08-24,7,9404.87,2,0,False,Approved,0
CLM502877,PH100849,Travel,Medical,North West,Broker,2024-08-10,2024-08-19,9,847.0,3,1,True,Under Review,0
CLM502878,PH100656,Life,Critical Illness,Midlands,Call Center,2023-10-01,2023-10-27,26,89132.06,6,1,False,Under Review,0
CLM502879,PH101309,Life,Death Benefit,South West,Mobile App,2024-06-27,2024-07-25,28,31207.33,7,3,True,Under Review,0
CLM502880,PH101246,Commercial,Property Damage,North West,Branch,2024-03-01,2024-03-20,19,22142.43,1,0,False,Rejected,0
CLM502881,PH100899,Auto,Fire,Northern Ireland,Broker,2023-03-22,2023-04-02,11,1222.1,3,1,True,Pending,0
CLM502882,PH101351,Commercial,Business Interruption,Midlands,Call Center,2024-02-12,2024-02-17,5,50090.13,3,1,True,Under Review,0
CLM502883,PH100473,Health,Optical,Yorkshire,Call Center,2023-11-02,2023-11-13,11,2404.58,2,1,True,Approved,0
CLM502884,PH100925,Auto,Collision,Midlands,Broker,2023-02-17,2023-03-04,15,4287.35,6,3,True,Under Review,0
CLM502885,PH101110,Home,Flood,London,Mobile App,2024-05-07,2024-06-04,28,7125.0,2,2,False,Approved,0
CLM502886,PH101238,Health,Optical,North East,Branch,2024-04-19,2024-05-08,19,2035.73,5,1,False,Pending,0
CLM502887,PH100360,Life,Death Benefit,Northern Ireland,Broker,2023-05-02,2023-05-16,14,10808.69,2,2,False,Approved,0
CLM502888,PH100290,Travel,Cancellation,Wales,Call Center,2023-04-29,2023-05-25,26,979.61,5,3,True,Approved,0
CLM502889,PH101375,Travel,Cancellation,Midlands,Online,2024-12-24,2025-01-22,29,1841.35,5,2,True,Approved,0
CLM502890,PH100206,Home,Flood,Northern Ireland,Branch,2023-04-19,2023-05-07,18,9805.16,3,0,True,Approved,0
CLM502891,PH100956,Auto,Theft,Midlands,Broker,2024-08-15,2024-08-29,14,3417.31,2,2,False,Pending,0
CLM502892,PH100070,Commercial,Property Damage,Wales,Mobile App,2024-03-08,2024-03-10,2,59946.54,5,2,False,Rejected,1
CLM502893,PH100419,Commercial,Business Interruption,  NORTH WEST ,Branch,2023-11-03,2023-11-17,14,40913.31,2,0,False,Approved,0
CLM502894,PH100896,Home,Flood,Midlands,Mobile App,2024-06-04,2024-06-06,2,48853.11,2,2,False,Under Review,1
CLM502895,PH101488,Auto,Third Party,South West,Mobile App,2023-02-04,2023-03-01,25,7938.56,0,1,False,Approved,0
CLM502896,PH100900,Home,Burglary,Midlands,Branch,2023-11-10,2023-12-08,28,11924.74,3,3,True,Approved,0
CLM502897,PH101403,Commercial,Liability,Northern Ireland,Call Center,2024-11-30,2024-12-26,26,7323.99,4,2,True,Approved,0
CLM502898,PH100720,Auto,Windscreen,South West,Broker,2024-08-25,2024-09-09,15,2190.21,1,0,False,Rejected,0
CLM502899,PH101418,Auto,Fire,North East,Branch,2024-11-02,2024-11-18,16,3387.42,2,1,False,Pending,0
CLM502900,PH100696,Commercial,Business Interruption,Scotland,Mobile App,2024-11-02,2024-11-30,28,65047.28,1,2,True,Rejected,0
CLM502901,PH100652,Auto,Collision,Wales,Online,2023-03-13,2023-03-21,8,731.4,0,3,True,Pending,0
CLM502902,PH100241,Auto,Theft,North West,Mobile App,2024-12-24,2025-01-12,19,1672.65,1,0,True,Approved,0
CLM502903,PH101270,Auto,Theft,North East,Mobile App,2024-01-04,2024-01-04,0,4782.24,3,1,False,Approved,1
CLM502904,PH100095,Home,Fire,North East,Broker,2023-10-05,2023-10-26,21,12141.36,4,1,True,Approved,0
CLM502905,PH100179,Home,Burglary,South East,Call Center,2023-08-19,2023-09-02,14,6930.45,3,2,False,Under Review,0
CLM502906,PH100838,Auto,Third Party,Northern Ireland,Online,2024-07-09,2024-07-26,17,,0,2,False,Under Review,0
CLM502907,PH100871,Health,Dental,South East,Branch,2023-09-16,2023-09-28,12,2977.0,7,2,False,Approved,0
CLM502908,PH100587,Commercial,Liability,South West,Call Center,2024-06-06,2024-06-26,20,10782.63,7,3,False,Under Review,0
CLM502909,PH100755,Travel,Delay,Scotland,Branch,2024-01-21,2024-01-30,9,359.65,0,1,True,Approved,0
CLM502910,PH100542,Health,Optical,London,Call Center,2023-04-18,2023-05-02,14,4328.58,2,1,True,Approved,0
CLM502911,PH100188,Auto,Fire,London,Broker,2023-01-24,2023-02-01,8,473.48,0,3,True,Approved,0
CLM502912,PH101245,Health,Optical,North West,Online,2024-02-19,2024-03-12,22,1095.19,5,3,True,Approved,0
CLM502913,PH100804,Commercial,Liability,London,Branch,2024-08-01,2024-08-04,3,19542.83,0,1,True,Approved,0
CLM502914,PH101003,Life,Death Benefit,Wales,Broker,2024-11-15,2024-12-02,17,32648.1,7,1,True,Approved,0
CLM502915,PH101106,Home,Accidental Damage,South East,Branch,2024-04-19,2024-04-29,10,1575.73,0,3,True,Approved,0
CLM502916,PH100914,Health,Hospitalisation,North East,Mobile App,2023-11-28,2023-12-26,28,5019.58,3,1,False,Approved,0
CLM502917,PH100852,Auto,Fire,South East,Broker,2024-11-23,2024-11-23,0,1551.94,5,1,True,Pending,0
CLM502918,PH101022,Home,Storm,Midlands,Branch,2023-04-05,2023-04-11,6,19758.69,1,0,True,Approved,0
CLM502919,PH100549,Life,Critical Illness,South West,Mobile App,2023-10-30,2023-11-04,5,111794.46,1,1,True,Approved,0
CLM502920,PH101431,Home,Flood,London,Branch,2023-12-18,2024-01-03,16,8676.19,2,1,False,Pending,0
CLM502921,PH101085,Auto,Theft,South West,Online,2024-07-25,2024-08-06,12,2668.45,0,1,True,Approved,0
CLM502922,PH101316,Health,Outpatient,Northern Ireland,Broker,2024-05-24,2024-05-25,1,452.67,6,2,True,Approved,0
CLM502923,PH100928,Home,Burglary,South West,Online,2024-01-16,2024-02-08,23,10890.09,6,0,False,Approved,0
CLM502924,PH100835,Travel,Delay,North East,Mobile App,2023-07-29,2023-08-26,28,1508.63,6,2,True,Pending,0
CLM502925,PH100109,Life,Death Benefit,North West,Call Center,2023-04-01,2023-04-15,14,84037.35,1,1,False,Approved,0
CLM502926,PH100265,Life,Critical Illness,South West,Online,2024-08-14,2024-08-14,0,75270.85,6,0,False,Pending,1
CLM502927,PH100828,Life,Death Benefit,South West,Broker,2023-08-31,2023-09-27,27,43251.88,3,1,True,Pending,0
CLM502928,PH100586,Health,Hospitalisation,Wales,Mobile App,2023-05-04,2023-05-12,8,3596.34,6,2,False,Approved,0
CLM502929,PH101228,Home,Fire,Scotland,Online,2023-07-06,2023-07-27,21,12687.77,4,1,False,Approved,0
CLM502930,PH101348,Life,Death Benefit,North East,Broker,2023-02-26,2023-02-28,2,121101.19,3,3,False,Approved,1
CLM502931,PH100604,Travel,Medical,Northern Ireland,Branch,2024-05-12,2024-05-14,2,3983.89,7,0,True,Approved,0
CLM502932,PH100803,Commercial,Business Interruption,London,Call Center,2023-02-28,2023-03-05,5,18410.0,5,2,False,Under Review,0
CLM502933,PH100370,Health,Hospitalisation,Northern Ireland,Call Center,2023-08-09,2023-08-30,21,2034.94,1,2,True,Rejected,0
CLM502934,PH100721,Home,Flood,Midlands,Online,2024-02-14,2024-02-16,2,18261.22,5,2,True,Rejected,1
CLM502935,PH100373,Home,Storm,Midlands,Mobile App,2024-06-07,2024-06-23,16,2863.05,3,1,True,Approved,0
CLM502936,PH101090,Home,Accidental Damage,North East,Branch,2023-11-20,2023-12-12,22,2377.09,4,2,True,Pending,0
CLM502937,PH100866,Home,Accidental Damage,Midlands,Mobile App,2023-02-02,2023-02-17,15,15862.14,4,0,True,Under Review,0
CLM502938,PH100374,Commercial,Liability,South West,Online,2023-11-08,2023-12-01,23,-48807.62,6,2,False,Approved,0
CLM502939,PH100014,Auto,Windscreen,Wales,Online,2024-03-09,2024-03-10,1,5647.45,4,0,False,Pending,1
CLM502940,PH100738,Home,Burglary,South West,Call Center,2023-05-20,2023-06-10,21,12228.96,0,2,True,Approved,0
CLM502941,PH100293,Health,Dental,North West,Branch,2024-01-15,2024-01-24,9,1595.65,0,0,True,Approved,0
CLM502942,PH100352,Auto,Fire,South East,Call Center,2023-01-06,2023-01-18,12,594.77,7,0,True,Rejected,0
CLM502943,PH100028,Health,Outpatient,North West,Broker,2024-12-23,2025-01-05,13,6450.61,4,3,False,Approved,0
CLM502944,PH100595,Travel,Delay,North West,Broker,2024-03-14,2024-04-04,21,873.5,1,0,True,Under Review,0
CLM502945,PH100888,Health,Optical,South East,Call Center,2023-05-04,2023-05-22,18,1261.41,4,3,True,Approved,0
CLM502946,PH100711,Travel,Cancellation,Northern Ireland,Broker,2024-03-17,2024-04-02,16,1480.99,5,0,True,Rejected,0
CLM502947,PH100032,Commercial,Liability,Midlands,Online,2023-03-24,2023-04-17,24,51257.52,1,3,False,Under Review,0
CLM502948,PH100558,Life,Critical Illness,South East,Broker,2023-12-27,2024-01-22,26,2615.83,7,3,False,Approved,0
CLM502949,PH101271,Travel,Medical,Midlands,Branch,2023-02-24,2023-03-08,12,3237.76,4,0,False,Under Review,0
CLM502950,PH101448,Travel,Delay,Midlands,Online,2024-08-30,2024-09-16,17,1134.91,6,2,True,Under Review,0
CLM502951,PH100428,Home,Accidental Damage,North East,Call Center,2024-01-25,2024-02-22,28,9357.26,2,1,False,Approved,0
CLM502952,PH100182,Auto,Third Party,North East,Mobile App,2023-09-15,2023-09-15,0,8493.63,3,1,False,Approved,1
CLM502953,PH101304,Health,Hospitalisation,South West,Branch,2024-01-04,2024-01-25,21,4312.1,2,2,True,Approved,0
CLM502954,PH100253,Commercial,Liability,Scotland,Branch,2023-06-01,2023-06-04,3,43781.88,3,3,True,Approved,0
CLM502955,PH101252,Auto,Windscreen,Northern Ireland,Mobile App,2023-07-08,2023-07-29,21,1384.9,5,2,True,Under Review,0
CLM502956,PH101316,Home,Flood,Northern Ireland,Broker,2023-11-03,2023-11-06,3,17261.96,4,1,True,Approved,0
CLM502957,PH100003,Health,Hospitalisation,Northern Ireland,Mobile App,2024-03-28,2024-03-30,2,16305.26,0,0,True,Under Review,1
CLM502958,PH100062,Commercial,Property Damage,Scotland,Online,2023-12-17,2023-12-17,0,7010.21,6,2,True,Pending,0
CLM502959,PH100741,Travel,Cancellation,Scotland,Mobile App,2023-11-03,2023-11-13,10,979.89,5,3,False,Approved,0
CLM502960,PH100175,Commercial,Liability,Midlands,Online,2024-07-11,2024-07-23,12,25585.62,0,0,False,Approved,0
CLM502961,PH100864,Auto,Windscreen,South West,Mobile App,2024-02-29,2024-03-24,24,4175.59,7,3,True,Approved,0
CLM502962,PH100650,Health,Dental,South East,Call Center,2023-04-18,2023-05-13,25,2692.01,7,0,False,Rejected,0
CLM502963,PH100989,Life,Death Benefit,Wales,Broker,2023-09-03,2023-09-13,10,48426.12,4,0,True,Approved,0
CLM502964,PH100456,Health,Outpatient,North East,Branch,2024-03-08,2024-04-01,24,3066.04,5,2,False,Approved,0
CLM502965,PH100400,Life,Critical Illness,Yorkshire,Mobile App,2023-03-28,2023-04-19,22,11276.46,0,3,True,Pending,0
CLM502966,PH100151,Home,Fire,North West,Online,2024-08-06,2024-08-11,5,1886.09,7,2,True,Pending,0
CLM502967,PH101032,Life,Death Benefit,North West,Broker,2024-06-19,2024-06-22,3,19395.83,6,2,True,Pending,0
CLM502968,PH100309,Auto,Fire,Northern Ireland,Mobile App,2023-05-02,2023-05-06,4,1418.99,0,2,True,Approved,0
CLM502969,PH100420,Health,Outpatient,Midlands,Broker,2024-03-21,2024-04-18,28,1006.34,6,2,False,Approved,0
CLM502970,PH100556,Auto,Third Party,North East,Branch,2024-12-09,2024-12-31,22,1799.31,0,1,False,Approved,0
CLM502971,PH101337,Commercial,Property Damage,Scotland,Broker,2023-04-23,2023-05-21,28,20605.34,6,1,True,Under Review,0
CLM502972,PH100545,Travel,Delay,South West,Broker,2023-01-23,2023-02-12,20,328.8,7,1,True,Pending,0
CLM502973,PH100953,Commercial,Business Interruption,Wales,Mobile App,2023-06-18,2023-06-20,2,79385.52,5,2,True,Pending,0
CLM502974,PH100024,Commercial,Liability,Scotland,Broker,2023-08-06,2023-09-02,27,1095.59,0,2,True,Approved,0
CLM502975,PH101290,Life,Critical Illness,London,Branch,2024-02-02,2024-02-17,15,21017.87,2,2,True,Approved,0
CLM502976,PH100093,Auto,Collision,North West,Mobile App,2023-07-26,2023-08-18,23,5927.75,6,2,True,Approved,0
CLM502977,PH100798,Life,Critical Illness,London,Broker,2023-05-18,2023-06-05,18,10919.75,6,0,False,Approved,0
CLM502978,PH100364,Life,Critical Illness,South East,Call Center,2023-04-09,2023-05-01,22,38520.4,4,3,True,Approved,0
CLM502979,PH100282,Home,Accidental Damage,Northern Ireland,Branch,2024-11-22,2024-12-16,24,7516.02,0,0,True,Approved,0
CLM502980,PH101109,Life,Critical Illness,Scotland,Branch,2024-01-24,2024-01-28,4,55552.76,1,3,True,Approved,0
CLM502981,PH100643,Commercial,Liability,Wales,Mobile App,2024-09-16,2024-09-26,10,14834.36,1,1,True,Approved,0
CLM502982,PH101328,Life,Death Benefit,London,Online,2023-09-28,2023-10-18,20,74317.42,7,1,True,Approved,0
CLM502983,PH100899,Home,Burglary,Northern Ireland,Online,2023-12-21,2023-12-22,1,4762.02,0,1,True,Pending,0
CLM502984,PH101413,Health,Optical,North East,Call Center,2024-05-13,2024-05-19,6,1792.14,7,2,True,Under Review,0
CLM502985,PH101429,Auto,Collision,Northern Ireland,Call Center,2023-11-03,2023-11-03,0,4459.66,6,0,False,Under Review,0
CLM502986,PH101039,Home,Burglary,Scotland,Mobile App,2024-09-20,2024-09-26,6,8976.05,4,2,True,Under Review,0
CLM502987,PH101426,Auto,Third Party,North West,Online,2023-06-07,2023-06-27,20,3245.21,4,0,True,Approved,0
CLM502988,PH100660,Auto,Windscreen,Midlands,Call Center,2024-03-05,2024-03-15,10,5016.12,5,0,True,Pending,0
CLM502989,PH100584,Commercial,Liability,North East,Branch,2024-05-26,2024-06-22,27,34419.47,7,3,True,Approved,0
CLM502990,PH101118,Travel,Medical,North West,Mobile App,2023-04-10,2023-04-22,12,117.46,7,0,True,Pending,0
CLM502991,PH100961,Home,Burglary,Yorkshire,Broker,2024-09-14,2024-09-30,16,10511.16,0,2,True,Approved,0
CLM502992,PH100368,Home,Storm,Wales,Mobile App,2023-11-09,2023-11-13,4,8120.54,1,1,True,Approved,0
CLM502993,PH100388,Life,Critical Illness,North West,Online,2024-10-27,2024-11-19,23,76005.72,2,0,True,Rejected,0
CLM502994,PH100478,Travel,Cancellation,Wales,Broker,2023-12-20,2024-01-01,12,1114.84,5,0,False,Approved,0
CLM502995,PH101069,Life,Critical Illness,South East,Call Center,2023-01-29,2023-02-26,28,4889.32,5,1,True,Pending,0
CLM502996,PH101385,Home,Burglary,North East,Broker,2024-11-14,2024-12-05,21,9363.7,4,0,False,Approved,0
CLM502997,PH100261,Life,Death Benefit,Wales,Online,2023-07-11,2023-07-30,19,36223.55,6,1,False,Approved,0
CLM502998,PH101132,Health,Outpatient,North East,Mobile App,2023-10-03,2023-10-21,18,7119.02,3,1,True,Approved,0
CLM502999,PH100574,Life,Death Benefit,Northern Ireland,Call Center,2024-04-23,2024-05-08,15,53048.98,7,1,True,Approved,0
CLM503000,PH100527,Home,Burglary,London,Online,2023-05-23,2023-06-05,13,4115.59,3,3,True,Under Review,0
CLM503001,PH101264,Travel,Delay,Midlands,Branch,2024-08-04,2024-08-07,3,2084.86,5,2,False,Pending,0
CLM503002,PH101247,Auto,Fire,South East,Online,2024-01-08,2024-01-18,10,1062.86,0,3,False,Under Review,0
CLM503003,PH100073,Travel,Lost Luggage,North East,Broker,2024-08-30,2024-09-24,25,1203.6,6,2,True,Under Review,0
CLM503004,PH101396,Life,Critical Illness,North West,Call Center,2024-02-06,2024-02-09,3,42547.4,1,1,True,Pending,0
CLM503005,PH101409,Travel,Medical,  SCOTLAND ,Branch,2024-10-22,2024-10-27,5,73.38,5,0,True,Approved,0
CLM503006,PH101044,Home,Flood,Wales,Online,2024-06-04,2024-06-14,10,9275.16,4,3,False,Under Review,0
CLM503007,PH100173,Home,Flood,Scotland,Broker,2024-10-29,2024-11-02,4,3265.75,6,0,True,Approved,0
CLM503008,PH100549,Travel,Lost Luggage,South West,Online,2024-01-07,2024-01-30,23,2693.67,0,3,False,Approved,0
CLM503009,PH100338,Health,Optical,Yorkshire,Broker,2023-09-11,2023-10-09,28,8593.24,0,2,False,Approved,0
CLM503010,PH100341,Auto,Fire,Scotland,Call Center,2024-07-21,2024-08-10,20,2415.78,1,2,True,Approved,0
CLM503011,PH100860,Auto,Third Party,Midlands,Online,2023-11-19,2023-11-21,2,6014.01,3,3,True,Approved,0
CLM503012,PH100423,Commercial,Business Interruption,Scotland,Broker,2023-05-15,2023-05-16,1,165234.81,7,2,False,Approved,1
CLM503013,PH100937,Health,Dental,Wales,Branch,2023-01-14,2023-01-25,11,378.8,3,3,True,Approved,0
CLM503014,PH100675,Life,Death Benefit,Wales,Broker,2023-09-27,2023-10-26,29,63088.92,6,2,False,Approved,0
CLM503015,PH101370,Life,Critical Illness,Midlands,Mobile App,2024-11-16,2024-12-07,21,142825.15,4,3,False,Approved,0
CLM503016,PH100973,Commercial,Business Interruption,North West,Branch,2024-09-16,2024-10-04,18,55111.1,1,2,True,Under Review,0
CLM503017,PH100927,Home,Storm,South East,Branch,2023-12-22,2024-01-08,17,16086.22,7,0,True,Approved,0
CLM503018,PH101140,Life,Death Benefit,North East,Broker,2024-11-01,2024-11-19,18,21205.36,3,1,False,Approved,0
CLM503019,PH100413,Health,Dental,London,Branch,2023-06-12,2023-07-04,22,118.84,3,0,False,Under Review,0
CLM503020,PH100681,Travel,Cancellation,London,Call Center,2024-11-20,2024-12-19,29,1010.45,6,3,True,Approved,0
CLM503021,PH100779,Auto,Third Party,Wales,Broker,2023-02-28,2023-03-27,27,11556.3,3,0,True,Pending,0
CLM503022,PH101381,Home,Flood,South East,Branch,2024-02-12,2024-02-14,2,11628.76,0,0,True,Rejected,0
CLM503023,PH101104,Auto,Third Party,London,Online,2024-08-23,2024-09-13,21,5682.26,5,2,True,Approved,0
CLM503024,PH100419,Travel,Medical,North West,Branch,2024-11-03,2024-11-06,3,3159.12,2,2,True,Approved,0
CLM503025,PH100903,Commercial,Business Interruption,London,Broker,2023-05-24,2023-05-26,2,1934.85,6,2,True,Approved,0
CLM503026,PH100262,Auto,Theft,North East,Online,2023-12-01,2023-12-07,6,9702.86,3,0,True,Approved,0
CLM503027,PH100699,Commercial,Liability,North East,Branch,2024-04-11,2024-05-07,26,,1,0,True,Pending,0
CLM503028,PH100339,Travel,Lost Luggage,Yorkshire,Branch,2024-02-08,2024-02-11,3,762.81,1,1,True,Approved,0
CLM503029,PH101367,Health,Optical,South East,Online,2024-10-13,2024-11-06,24,988.35,5,1,True,Approved,0
CLM503030,PH100355,Life,Critical Illness,Wales,Broker,2024-07-04,2024-07-09,5,48057.95,6,2,False,Under Review,0
CLM503031,PH100940,Life,Death Benefit,Midlands,Branch,2024-04-20,2024-05-06,16,44549.4,7,3,False,Under Review,0
CLM503032,PH100869,Commercial,Business Interruption,  NORTH EAST ,Broker,2024-10-25,2024-11-08,14,49042.6,6,3,False,Approved,0
CLM503033,PH101229,Auto,Windscreen,London,Call Center,2023-02-12,2023-02-26,14,1999.07,7,1,True,Pending,0
CLM503034,PH101127,Home,Fire,London,Online,2024-05-08,2024-05-10,2,20307.76,6,2,True,Approved,0
CLM503035,PH101296,Commercial,Business Interruption,Wales,Mobile App,2024-04-08,2024-04-28,20,21349.17,6,2,True,Pending,0
CLM503036,PH100830,Home,Accidental Damage,Yorkshire,Branch,2024-03-17,2024-04-08,22,5212.74,2,1,True,Under Review,0
CLM503037,PH100095,Health,Hospitalisation,North East,Branch,2023-04-27,2023-05-07,10,3524.29,7,2,False,Approved,0
CLM503038,PH100201,Auto,Windscreen,Northern Ireland,Broker,2023-04-24,2023-04-25,1,2900.58,3,0,True,Approved,0
CLM503039,PH101119,Travel,Cancellation,London,Branch,2024-11-07,2024-11-27,20,303.79,2,3,True,Approved,0
CLM503040,PH100836,Commercial,Business Interruption,South East,Online,2023-04-06,2023-04-17,11,23183.41,1,1,True,Approved,0
CLM503041,PH101309,Life,Death Benefit,South West,Branch,2023-10-17,2023-10-17,0,21822.12,7,2,True,Pending,0
CLM503042,PH101163,Home,Burglary,North West,Mobile App,2023-03-28,2023-03-28,0,12323.42,6,1,False,Rejected,1
CLM503043,PH100736,Commercial,Business Interruption,Scotland,Online,2024-07-31,2024-08-27,27,20522.35,6,1,True,Approved,0
CLM503044,PH100365,Health,Outpatient,North East,Mobile App,2024-06-14,2024-06-14,0,15055.7,3,2,True,Under Review,1
CLM503045,PH100589,Life,Critical Illness,Northern Ireland,Branch,2024-04-11,2024-05-05,24,72100.55,4,3,True,Approved,0
CLM503046,PH101111,Health,Outpatient,Wales,Branch,2024-08-18,2024-09-03,16,2621.67,2,3,True,Approved,0
CLM503047,PH100801,Life,Critical Illness,Midlands,Call Center,2024-04-26,2024-05-10,14,99456.56,0,1,False,Rejected,0
CLM503048,PH100428,Auto,Windscreen,North East,Branch,2024-05-11,2024-06-06,26,9421.47,1,0,True,Approved,0
CLM503049,PH101061,Travel,Lost Luggage,London,Call Center,2024-08-01,2024-08-20,19,4480.3,5,0,True,Pending,0
CLM503050,PH101040,Life,Death Benefit,Scotland,Branch,2024-08-05,2024-08-25,20,102737.44,6,2,True,Approved,0
CLM503051,PH100433,Auto,Theft,Scotland,Branch,2024-11-01,2024-11-02,1,23338.46,7,0,False,Pending,1
CLM503052,PH100141,Travel,Medical,Wales,Broker,2023-12-31,2024-01-10,10,1354.17,7,0,True,Approved,0
CLM503053,PH100130,Home,Burglary,Scotland,Call Center,2023-12-10,2024-01-08,29,11234.96,6,2,False,Under Review,0
CLM503054,PH100923,Life,Critical Illness,Wales,Mobile App,2024-08-25,2024-08-26,1,56011.12,4,0,True,Approved,0
CLM503055,PH100386,Travel,Lost Luggage,North East,Branch,2023-01-11,2023-01-15,4,5504.49,1,2,False,Approved,0
CLM503056,PH100600,Travel,Delay,Wales,Branch,2023-07-02,2023-07-10,8,1067.74,3,3,False,Approved,0
CLM503057,PH100953,Commercial,Liability,Wales,Branch,2024-12-08,2024-12-11,3,28475.42,6,0,True,Approved,0
CLM503058,PH100810,Life,Death Benefit,North West,Branch,2023-01-04,2023-01-05,1,71285.63,0,3,False,Approved,0
CLM503059,PH101309,Auto,Windscreen,South West,Broker,2024-05-06,2024-05-13,7,2550.78,2,3,True,Approved,0
CLM503060,PH100430,Commercial,Liability,North West,Online,2024-05-27,2024-06-23,27,3248.83,2,3,False,Approved,0
CLM503061,PH100031,Home,Flood,North West,Online,2023-12-13,2023-12-26,13,8576.83,2,1,True,Approved,0
CLM503062,PH100597,Life,Death Benefit,Midlands,Call Center,2024-05-19,2024-06-10,22,110941.06,1,1,True,Approved,0
CLM503063,PH101242,Health,Dental,Yorkshire,Call Center,2024-05-24,2024-06-16,23,2839.65,4,3,False,Rejected,0
CLM503064,PH100752,Life,Death Benefit,Northern Ireland,Mobile App,2023-05-12,2023-05-28,16,12058.86,0,1,True,Approved,0
CLM503065,PH100783,Commercial,Property Damage,North East,Branch,2023-11-08,2023-11-22,14,24088.07,1,0,False,Pending,0
CLM503066,PH101422,Travel,Delay,North East,Broker,2024-10-25,2024-11-15,21,1087.8,3,0,False,Approved,0
CLM503067,PH100019,Auto,Fire,North East,Mobile App,2023-07-15,2023-07-20,5,103.72,5,2,True,Approved,0
CLM503068,PH100550,Auto,Windscreen,Wales,Branch,2023-12-23,2024-01-10,18,4465.79,7,0,True,Under Review,0
CLM503069,PH101475,Auto,Theft,Scotland,Online,2023-03-12,2023-03-15,3,154.84,1,0,True,Pending,0
CLM503070,PH100186,Health,Outpatient,North East,Online,2023-06-18,2023-07-12,24,2710.29,2,1,True,Approved,0
CLM503071,PH100688,Health,Dental,Northern Ireland,Branch,2023-05-20,2023-06-08,19,2839.21,7,3,True,Approved,0
CLM503072,PH101078,Home,Storm,North West,Online,2024-09-30,2024-10-28,28,1449.65,7,3,True,Approved,0
CLM503073,PH100843,Travel,Cancellation,Scotland,Call Center,2024-11-11,2024-12-05,24,1239.79,6,3,False,Pending,0
CLM503074,PH100417,Life,Death Benefit,Yorkshire,Broker,2023-02-09,2023-03-07,26,142080.35,7,1,False,Approved,0
CLM503075,PH101324,Home,Burglary,Northern Ireland,Broker,2024-07-26,2024-08-13,18,18346.19,6,0,False,Pending,0
CLM503076,PH100195,Life,Critical Illness,South East,Mobile App,2023-09-12,2023-09-13,1,178545.75,0,3,False,Pending,1
CLM503077,PH101230,Health,Dental,London,Call Center,2024-09-15,2024-10-11,26,2384.62,7,0,True,Approved,0
CLM503078,PH101285,Auto,Theft,North East,Broker,2023-12-20,2023-12-20,0,4798.47,0,1,False,Pending,0
CLM503079,PH101323,Travel,Lost Luggage,North West,Mobile App,2024-10-01,2024-10-15,14,3446.74,2,2,False,Rejected,0
CLM503080,PH100673,Home,Flood,London,Broker,2024-05-28,2024-06-26,29,2037.23,4,2,True,Approved,0
CLM503081,PH100964,Travel,Cancellation,South East,Branch,2024-04-02,2024-04-26,24,2157.13,2,1,True,Rejected,0
CLM503082,PH101062,Home,Fire,South West,Call Center,2023-11-30,2023-12-08,8,-15993.67,3,3,False,Pending,0
CLM503083,PH100591,Home,Burglary,North West,Online,2023-03-20,2023-04-17,28,1880.52,2,3,True,Approved,0
CLM503084,PH100893,Health,Optical,North West,Online,2023-03-30,2023-04-20,21,2242.75,4,3,False,Approved,0
CLM503085,PH101360,Life,Death Benefit,London,Call Center,2023-10-08,2023-10-22,14,10790.9,7,2,True,Approved,0
CLM503086,PH100592,Travel,Cancellation,Northern Ireland,Mobile App,2023-08-18,2023-08-23,5,104.66,0,0,True,Approved,0
CLM503087,PH100375,Auto,Fire,Midlands,Broker,2024-01-23,2024-01-28,5,6221.37,7,0,True,Rejected,0
CLM503088,PH101214,Health,Dental,South West,Broker,2024-05-31,2024-06-10,10,3955.91,3,0,False,Approved,0
CLM503089,PH100957,Life,Death Benefit,North East,Online,2023-12-02,2023-12-23,21,42405.54,7,0,True,Pending,0
CLM503090,PH100742,Commercial,Business Interruption,Northern Ireland,Branch,2023-11-08,2023-11-09,1,13343.41,5,3,True,Rejected,0
CLM503091,PH100997,Life,Death Benefit,Yorkshire,Branch,2024-07-15,2024-08-02,18,73183.27,6,3,False,Under Review,0
CLM503092,PH100125,Home,Fire,Yorkshire,Broker,2023-05-28,2023-06-08,11,2541.04,5,2,True,Approved,0
CLM503093,PH100307,Home,Flood,South East,Online,2024-08-08,2024-09-03,26,7668.55,6,2,True,Approved,0
CLM503094,PH100186,Travel,Cancellation,North East,Mobile App,2024-01-06,2024-01-12,6,1513.81,1,2,True,Under Review,0
CLM503095,PH101417,Auto,Windscreen,South East,Branch,2023-05-05,2023-05-11,6,3415.98,5,1,False,Approved,0
CLM503096,PH101058,Life,Critical Illness,North West,Call Center,2023-01-24,2023-02-14,21,63710.19,3,2,True,Approved,0
CLM503097,PH101026,Auto,Third Party,North West,Call Center,2023-03-19,2023-04-13,25,935.86,0,1,False,Approved,0
CLM503098,PH100250,Home,Flood,Scotland,Broker,2023-01-19,2023-01-24,5,9891.76,2,0,True,Approved,0
CLM503099,PH100826,Life,Critical Illness,Scotland,Online,2024-11-11,2024-11-18,7,40322.9,6,3,False,Pending,0
CLM503100,PH100964,Travel,Cancellation,South East,Broker,2024-09-04,2024-09-26,22,2814.76,2,1,True,Approved,0
CLM503101,PH101449,Travel,Medical,Yorkshire,Online,2024-12-05,2024-12-27,22,3629.71,7,3,True,Approved,0
CLM503102,PH101422,Health,Hospitalisation,North East,Mobile App,2024-02-03,2024-02-09,6,3911.33,3,1,True,Rejected,0
CLM503103,PH100959,Commercial,Property Damage,North West,Online,2024-11-17,2024-12-15,28,58747.51,6,3,True,Approved,0
CLM503104,PH100793,Commercial,Liability,South West,Branch,2024-08-20,2024-09-13,24,48014.21,3,0,False,Under Review,0
CLM503105,PH101149,Health,Hospitalisation,Scotland,Broker,2024-02-03,2024-02-03,0,3645.28,1,2,False,Approved,0
CLM503106,PH101106,Life,Critical Illness,South East,Call Center,2024-07-04,2024-07-16,12,67215.79,7,3,True,Pending,0
CLM503107,PH100550,Health,Dental,Wales,Mobile App,2023-01-24,2023-02-21,28,1863.77,2,3,True,Approved,0
CLM503108,PH100913,Commercial,Business Interruption,Midlands,Call Center,2023-04-03,2023-04-28,25,67182.52,4,1,False,Approved,0
CLM503109,PH100271,Auto,Windscreen,Wales,Online,2023-03-25,2023-04-02,8,5224.18,2,1,True,Approved,0
CLM503110,PH100436,Life,Death Benefit,North West,Branch,2024-06-07,2024-06-24,17,,4,2,True,Approved,0
CLM503111,PH101351,Home,Accidental Damage,Midlands,Broker,2024-10-18,2024-10-23,5,2483.82,7,3,True,Approved,0
CLM503112,PH100156,Travel,Lost Luggage,North East,Branch,2024-03-18,2024-03-18,0,2468.85,4,2,False,Pending,1
CLM503113,PH100829,Commercial,Liability,South East,Branch,2023-02-13,2023-03-11,26,80426.8,4,3,True,Approved,0
CLM503114,PH100360,Commercial,Liability,Northern Ireland,Online,2024-10-27,2024-11-02,6,41944.38,1,0,True,Approved,0
CLM503115,PH101417,Life,Death Benefit,South East,Branch,2024-03-03,2024-03-14,11,33171.3,0,0,False,Approved,0
CLM503116,PH100507,Travel,Cancellation,Yorkshire,Mobile App,2023-04-05,2023-04-14,9,1244.37,4,0,False,Pending,0
CLM503117,PH101002,Auto,Fire,London,Online,2023-01-01,2023-01-08,7,3078.06,2,3,True,Approved,0
CLM503118,PH100833,Health,Hospitalisation,South West,Mobile App,2023-08-03,2023-08-31,28,379.06,1,3,True,Approved,0
CLM503119,PH100186,Life,Critical Illness,North East,Call Center,2023-02-21,2023-03-17,24,50747.16,1,1,True,Approved,0
CLM503120,PH100666,Auto,Collision,Midlands,Call Center,2023-05-28,2023-05-30,2,4573.1,7,1,True,Approved,0
CLM503121,PH101278,Health,Hospitalisation,North East,Branch,2023-02-07,2023-02-24,17,4172.3,2,1,True,Approved,0
CLM503122,PH100887,Life,Critical Illness,South East,Mobile App,2024-05-20,2024-06-15,26,9570.04,3,0,True,Pending,0
CLM503123,PH100196,Health,Hospitalisation,North West,Broker,2023-09-07,2023-10-04,27,988.6,7,0,True,Pending,0
CLM503124,PH100211,Commercial,Liability,North West,Mobile App,2023-01-17,2023-01-20,3,2282.28,2,3,True,Rejected,0
CLM503125,PH100111,Life,Critical Illness,North East,Branch,2024-03-24,2024-03-26,2,147874.63,6,3,False,Approved,1
CLM503126,PH100025,Home,Flood,South West,Online,2024-03-07,2024-03-15,8,2525.86,7,1,False,Pending,0
CLM503127,PH101327,Life,Death Benefit,Wales,Mobile App,2024-06-03,2024-06-22,19,25910.52,0,1,True,Pending,0
CLM503128,PH100449,Health,Optical,Wales,Online,2023-03-21,2023-03-31,10,3838.12,4,3,False,Under Review,0
CLM503129,PH101304,Auto,Third Party,South West,Call Center,2023-08-10,2023-08-14,4,4651.31,7,2,False,Approved,0
CLM503130,PH100233,Travel,Cancellation,London,Branch,2023-04-18,2023-04-26,8,1068.64,0,3,True,Approved,0
CLM503131,PH100351,Home,Fire,Northern Ireland,Call Center,2023-11-03,2023-11-17,14,1564.0,6,0,True,Approved,0
CLM503132,PH100237,Health,Dental,Northern Ireland,Broker,2023-05-05,2023-05-06,1,1603.78,3,0,True,Under Review,0
CLM503133,PH100412,Home,Fire,North West,Branch,2024-10-21,2024-10-27,6,4099.4,4,3,True,Under Review,0
CLM503134,PH100014,Health,Hospitalisation,Wales,Mobile App,2024-05-05,2024-06-03,29,2977.3,5,3,True,Approved,0
CLM503135,PH101496,Health,Dental,Scotland,Broker,2023-02-06,2023-02-26,20,5629.2,5,3,True,Approved,0
CLM503136,PH101373,Life,Death Benefit,Yorkshire,Online,2023-07-30,2023-08-09,10,11181.64,3,0,True,Rejected,0
CLM503137,PH101327,Health,Hospitalisation,Wales,Broker,2023-06-28,2023-07-17,19,2502.95,4,1,True,Approved,0
CLM503138,PH100717,Home,Flood,North West,Online,2024-09-08,2024-09-10,2,38880.73,0,3,False,Pending,1
CLM503139,PH100061,Commercial,Business Interruption,Scotland,Broker,2024-08-02,2024-08-23,21,89431.99,7,0,True,Rejected,0
CLM503140,PH101183,Auto,Collision,Yorkshire,Call Center,2024-04-27,2024-05-07,10,5976.21,5,0,True,Under Review,0
CLM503141,PH100229,Life,Death Benefit,Yorkshire,Online,2024-02-20,2024-03-08,17,29523.43,5,0,False,Approved,0
CLM503142,PH100150,Life,Death Benefit,North East,Call Center,2024-01-04,2024-01-21,17,6366.2,4,2,True,Pending,0
CLM503143,PH100463,Auto,Theft,London,Branch,2023-05-12,2023-05-12,0,3977.96,5,1,True,Approved,0
CLM503144,PH101340,Health,Outpatient,London,Broker,2023-02-25,2023-02-26,1,13911.44,7,3,True,Pending,1
CLM503145,PH100784,Home,Burglary,Northern Ireland,Call Center,2024-01-28,2024-02-21,24,13038.23,0,2,True,Rejected,0
CLM503146,PH101050,Health,Hospitalisation,Scotland,Broker,2023-04-09,2023-05-03,24,2735.81,0,1,False,Approved,0
CLM503147,PH100925,Life,Death Benefit,Midlands,Broker,2024-09-04,2024-09-24,20,83944.79,7,0,True,Approved,0
CLM503148,PH100759,Home,Burglary,Midlands,Call Center,2024-03-15,2024-03-16,1,25976.65,6,1,True,Rejected,1
CLM503149,PH101245,Auto,Theft,North West,Call Center,2023-04-18,2023-04-27,9,7196.11,6,2,True,Rejected,0
CLM503150,PH100879,Travel,Medical,London,Broker,2023-06-10,2023-06-19,9,1351.79,0,3,True,Pending,0
CLM503151,PH100675,Health,Dental,Wales,Broker,2023-08-15,2023-08-27,12,1866.46,5,3,True,Approved,0
CLM503152,PH100117,Home,Storm,South West,Branch,2023-12-05,2024-01-02,28,15480.13,4,3,True,Approved,0
CLM503153,PH101210,Health,Dental,South East,Mobile App,2023-03-25,2023-04-06,12,4548.63,7,1,False,Approved,0
CLM503154,PH100836,Health,Outpatient,South East,Online,2024-09-01,2024-09-30,29,1341.08,4,1,True,Rejected,0
CLM503155,PH100412,Travel,Lost Luggage,North West,Branch,2023-07-10,2023-07-31,21,1601.26,0,1,True,Rejected,0
CLM503156,PH100924,Life,Critical Illness,South West,Call Center,2024-07-11,2024-08-01,21,6185.7,6,0,True,Approved,0
CLM503157,PH100659,Health,Optical,Wales,Branch,2024-01-05,2024-02-01,27,2917.81,1,0,True,Approved,0
CLM503158,PH100552,Commercial,Property Damage,Northern Ireland,Broker,2023-01-29,2023-02-12,14,13496.55,3,2,True,Under Review,0
CLM503159,PH100042,Life,Critical Illness,Scotland,Call Center,2024-09-28,2024-09-29,1,29273.61,4,2,False,Approved,0
CLM503160,PH100392,Life,Critical Illness,North East,Mobile App,2023-05-24,2023-05-26,2,200118.65,6,0,False,Approved,0
CLM503161,PH100794,Life,Critical Illness,Yorkshire,Branch,2024-01-17,2024-01-22,5,24306.05,5,2,True,Approved,0
CLM503162,PH101372,Commercial,Property Damage,North West,Broker,2023-07-02,2023-07-31,29,29684.94,7,3,True,Under Review,0
CLM503163,PH100795,Travel,Lost Luggage,North West,Call Center,2023-04-21,2023-05-05,14,315.17,0,3,True,Approved,0
CLM503164,PH100935,Auto,Collision,Yorkshire,Online,2024-08-06,2024-08-08,2,2364.22,3,3,True,Approved,0
CLM503165,PH100636,Health,Outpatient,Midlands,Mobile App,2024-12-07,2024-12-11,4,1068.65,4,1,True,Pending,0
CLM503166,PH101442,Home,Burglary,South West,Broker,2023-11-21,2023-12-02,11,15123.63,7,1,True,Approved,0
CLM503167,PH100978,Home,Accidental Damage,Midlands,Branch,2023-12-14,2023-12-18,4,3888.27,1,3,False,Pending,0
CLM503168,PH100241,Life,Death Benefit,North West,Broker,2024-02-08,2024-03-06,27,22994.59,5,0,True,Under Review,0
CLM503169,PH101166,Commercial,Business Interruption,Wales,Broker,2023-01-11,2023-01-13,2,63609.17,3,2,True,Approved,1
CLM503170,PH101028,Health,Outpatient,South West,Online,2024-09-08,2024-09-09,1,6695.98,0,3,True,Under Review,1
CLM503171,PH100108,Health,Hospitalisation,Northern Ireland,Mobile App,2023-07-08,2023-07-21,13,1932.84,5,3,True,Approved,0
CLM503172,PH100628,Commercial,Business Interruption,Yorkshire,Call Center,2024-07-31,2024-08-21,21,19620.61,2,3,False,Approved,0
CLM503173,PH100359,Commercial,Business Interruption,Midlands,Branch,2023-08-07,2023-09-03,27,90486.66,1,2,True,Approved,0
CLM503174,PH100334,Auto,Fire,London,Online,2024-01-26,2024-01-26,0,4248.73,3,2,True,Approved,0
CLM503175,PH101458,Auto,Fire,South East,Mobile App,2024-11-06,2024-11-08,2,4231.75,6,3,False,Approved,0
CLM503176,PH100065,Life,Critical Illness,Midlands,Mobile App,2023-05-10,2023-05-14,4,66144.14,2,2,True,Under Review,0
CLM503177,PH101440,Travel,Delay,Scotland,Branch,2023-12-01,2023-12-25,24,427.41,7,2,True,Approved,0
CLM503178,PH100248,Travel,Cancellation,South East,Branch,2024-06-30,2024-07-24,24,2529.74,1,3,True,Approved,0
CLM503179,PH100882,Commercial,Property Damage,Midlands,Call Center,2023-07-14,2023-08-10,27,5907.82,1,2,True,Approved,0
CLM503180,PH100313,Auto,Collision,North West,Online,2023-04-01,2023-04-14,13,1277.83,4,2,True,Approved,0
CLM503181,PH100445,Health,Optical,North East,Broker,2023-09-12,2023-09-23,11,5745.25,6,1,True,Approved,0
CLM503182,PH101412,Home,Storm,Scotland,Mobile App,2024-07-09,2024-08-07,29,4383.63,6,1,True,Approved,0
CLM503183,PH100426,Health,Optical,Wales,Online,2023-12-26,2023-12-27,1,3434.6,7,3,False,Approved,0
CLM503184,PH101072,Life,Death Benefit,Yorkshire,Call Center,2023-03-31,2023-04-15,15,53639.91,4,1,False,Approved,0
CLM503185,PH100563,Commercial,Property Damage,North East,Branch,2023-05-19,2023-05-25,6,20144.32,0,0,True,Approved,0
CLM503186,PH100559,Commercial,Property Damage,Wales,Broker,2024-08-27,2024-09-13,17,10925.92,1,1,True,Pending,0
CLM503187,PH101267,Home,Flood,Northern Ireland,Branch,2024-08-31,2024-09-09,9,15241.31,0,3,True,Approved,0
CLM503188,PH100680,Auto,Fire,North East,Branch,2023-04-27,2023-04-27,0,2165.57,2,2,False,Approved,0
CLM503189,PH101124,Commercial,Liability,North East,Call Center,2023-03-02,2023-03-03,1,68176.39,0,3,True,Under Review,1
CLM503190,PH100374,Health,Optical,South West,Broker,2023-04-24,2023-05-01,7,4550.97,5,3,True,Pending,0
CLM503191,PH100334,Commercial,Property Damage,London,Online,2024-05-29,2024-06-21,23,21687.54,5,0,True,Rejected,0
CLM503192,PH100287,Auto,Windscreen,North West,Mobile App,2024-06-13,2024-06-15,2,15458.19,3,2,False,Under Review,1
CLM503193,PH100159,Health,Hospitalisation,Yorkshire,Call Center,2024-06-28,2024-07-26,28,6188.86,0,1,True,Approved,0
CLM503194,PH100533,Auto,Windscreen,Northern Ireland,Branch,2023-05-27,2023-06-14,18,1601.15,4,1,True,Approved,0
CLM503195,PH101329,Auto,Fire,Yorkshire,Branch,2023-02-13,2023-02-13,0,3512.59,0,0,True,Approved,0
CLM503196,PH100276,Life,Death Benefit,London,Call Center,2023-11-24,2023-11-24,0,12474.37,0,0,True,Under Review,0
CLM503197,PH100509,Health,Dental,Scotland,Broker,2024-04-29,2024-04-30,1,2428.68,0,0,True,Approved,0
CLM503198,PH100836,Auto,Windscreen,South East,Call Center,2023-05-14,2023-05-14,0,2387.97,5,0,True,Approved,0
CLM503199,PH100168,Life,Critical Illness,Yorkshire,Broker,2023-11-11,2023-11-19,8,16905.01,4,0,True,Pending,0
CLM503200,PH100183,Auto,Collision,London,Branch,2023-06-11,2023-06-24,13,3475.58,4,3,True,Approved,0
CLM503201,PH101222,Commercial,Property Damage,Yorkshire,Mobile App,2023-11-18,2023-11-24,6,6437.64,2,1,True,Approved,0
CLM503202,PH100377,Health,Hospitalisation,Midlands,Online,2024-12-20,2025-01-18,29,5599.42,5,3,True,Approved,0
CLM503203,PH100736,Life,Critical Illness,Scotland,Online,2023-01-16,2023-02-04,19,,3,0,False,Approved,0
CLM503204,PH100844,Health,Hospitalisation,Northern Ireland,Broker,2023-04-29,2023-05-08,9,1796.19,0,3,True,Approved,0
CLM503205,PH100608,Health,Dental,South West,Broker,2024-06-01,2024-06-11,10,4924.9,1,1,False,Pending,0
CLM503206,PH100836,Travel,Cancellation,South East,Mobile App,2024-06-07,2024-06-09,2,2498.64,4,3,False,Rejected,1
CLM503207,PH100330,Health,Optical,South West,Call Center,2023-10-13,2023-11-10,28,1601.6,0,1,False,Pending,0
CLM503208,PH100901,Travel,Lost Luggage,Northern Ireland,Branch,2023-08-04,2023-08-31,27,996.79,2,1,True,Approved,0
CLM503209,PH101132,Auto,Collision,North East,Online,2023-04-16,2023-04-25,9,7083.73,7,2,True,Rejected,0
CLM503210,PH100082,Commercial,Property Damage,North West,Broker,2023-09-15,2023-10-14,29,18533.59,0,0,False,Pending,0
CLM503211,PH101354,Life,Death Benefit,Wales,Call Center,2024-10-07,2024-10-08,1,57965.25,0,2,True,Approved,0
CLM503212,PH100115,Auto,Third Party,Wales,Mobile App,2023-08-28,2023-08-29,1,9737.24,6,2,False,Rejected,1
CLM503213,PH101402,Commercial,Property Damage,Scotland,Call Center,2023-09-26,2023-10-16,20,28251.96,3,0,True,Approved,0
CLM503214,PH100648,Life,Critical Illness,Northern Ireland,Mobile App,2023-08-20,2023-09-09,20,46498.54,5,1,True,Approved,0
CLM503215,PH101305,Health,Hospitalisation,North East,Broker,2023-01-27,2023-02-23,27,1512.23,5,2,False,Rejected,0
CLM503216,PH100623,Home,Flood,Wales,Branch,2023-06-30,2023-07-01,1,11608.65,0,2,False,Approved,0
CLM503217,PH101429,Auto,Windscreen,Northern Ireland,Mobile App,2024-08-24,2024-08-28,4,7492.35,6,2,False,Pending,0
CLM503218,PH100758,Commercial,Business Interruption,London,Mobile App,2024-04-10,2024-04-23,13,52084.94,2,3,True,Approved,0
CLM503219,PH101448,Health,Outpatient,Midlands,Mobile App,2024-10-24,2024-11-20,27,818.37,4,3,True,Under Review,0
CLM503220,PH101320,Auto,Collision,South West,Online,2023-05-01,2023-05-07,6,1133.08,2,0,True,Approved,0
CLM503221,PH101045,Home,Accidental Damage,London,Call Center,2023-03-11,2023-03-26,15,7053.28,2,2,True,Under Review,0
CLM503222,PH101054,Home,Flood,London,Mobile App,2024-04-10,2024-04-21,11,9354.73,7,3,True,Approved,0
CLM503223,PH101427,Home,Flood,Wales,Online,2023-09-14,2023-09-15,1,6055.45,5,1,True,Approved,0
CLM503224,PH100057,Home,Flood,South East,Branch,2023-02-07,2023-02-16,9,20362.28,7,2,True,Rejected,0
CLM503225,PH100247,Travel,Lost Luggage,London,Branch,2023-10-10,2023-10-25,15,1288.07,1,0,True,Rejected,0
CLM503226,PH100897,Auto,Collision,London,Call Center,2024-04-08,2024-04-19,11,3590.32,5,0,True,Approved,0
CLM503227,PH100183,Home,Flood,London,Mobile App,2023-01-01,2023-01-01,0,27255.59,6,1,False,Under Review,1
CLM503228,PH100533,Home,Burglary,Northern Ireland,Broker,2024-08-03,2024-08-24,21,5243.66,3,3,True,Under Review,0
CLM503229,PH100112,Travel,Delay,London,Online,2023-06-01,2023-06-20,19,850.01,0,0,True,Approved,0
CLM503230,PH100463,Travel,Medical,London,Mobile App,2023-04-14,2023-04-26,12,2454.46,1,0,False,Approved,0
CLM503231,PH100270,Health,Hospitalisation,South East,Branch,2023-11-06,2023-12-02,26,8055.94,6,3,True,Approved,0
CLM503232,PH100400,Life,Death Benefit,Yorkshire,Broker,2023-05-06,2023-05-06,0,48068.05,7,2,True,Pending,0
CLM503233,PH100219,Commercial,Business Interruption,Wales,Online,2023-05-29,2023-05-30,1,26833.88,6,2,False,Rejected,1
CLM503234,PH100527,Auto,Theft,London,Call Center,2024-08-24,2024-09-14,21,1367.66,0,3,True,Approved,0
CLM503235,PH100855,Commercial,Business Interruption,North East,Online,2024-08-12,2024-09-05,24,46661.87,2,1,True,Rejected,0
CLM503236,PH101322,Travel,Lost Luggage,Wales,Branch,2023-04-23,2023-05-20,27,1262.7,7,2,False,Approved,0
CLM503237,PH100401,Home,Flood,Northern Ireland,Mobile App,2024-06-09,2024-07-04,25,7356.1,2,2,True,Pending,0
CLM503238,PH101130,Commercial,Business Interruption,London,Mobile App,2023-04-21,2023-05-19,28,22270.86,0,3,True,Pending,0
CLM503239,PH100861,Health,Dental,South West,Call Center,2024-01-02,2024-01-20,18,606.46,4,1,False,Approved,0
CLM503240,PH101173,Home,Burglary,Scotland,Call Center,2023-04-15,2023-05-11,26,15012.36,1,3,False,Approved,0
CLM503241,PH100766,Travel,Cancellation,South West,Broker,2024-12-02,2024-12-24,22,370.59,2,1,True,Approved,0
CLM503242,PH100071,Home,Fire,Wales,Broker,2023-09-26,2023-09-29,3,26408.03,4,1,True,Approved,0
CLM503243,PH100489,Life,Death Benefit,North East,Mobile App,2023-09-17,2023-10-02,15,85801.33,1,3,True,Approved,0
CLM503244,PH100570,Health,Dental,North East,Broker,2023-11-15,2023-11-27,12,4070.61,6,1,True,Pending,0
CLM503245,PH101154,Home,Fire,North West,Mobile App,2024-08-27,2024-09-18,22,10345.71,7,1,True,Approved,0
CLM503246,PH101251,Auto,Collision,Scotland,Mobile App,2023-09-01,2023-09-16,15,3505.9,2,1,True,Approved,0
CLM503247,PH101189,Life,Critical Illness,Northern Ireland,Broker,2023-12-19,2024-01-11,23,26998.62,6,3,True,Under Review,0
CLM503248,PH100010,Auto,Collision,Scotland,Online,2024-07-20,2024-08-16,27,5160.92,4,3,False,Approved,0
CLM503249,PH101477,Auto,Windscreen,Scotland,Branch,2023-01-13,2023-02-04,22,3933.08,0,2,True,Pending,0
CLM503250,PH101014,Travel,Medical,North West,Broker,2024-07-31,2024-08-26,26,158.88,7,3,False,Approved,0
CLM503251,PH100869,Home,Accidental Damage,North East,Branch,2024-06-24,2024-07-09,15,10910.85,1,2,True,Approved,0
CLM503252,PH101409,Auto,Theft,Scotland,Broker,2023-07-02,2023-07-09,7,2184.85,7,1,False,Approved,0
CLM503253,PH100110,Life,Critical Illness,Midlands,Mobile App,2024-05-11,2024-06-04,24,21252.27,3,2,True,Approved,0
CLM503254,PH100533,Commercial,Business Interruption,Northern Ireland,Call Center,2023-07-13,2023-08-06,24,2695.82,2,2,True,Pending,0
CLM503255,PH101338,Auto,Windscreen,North East,Broker,2024-09-27,2024-10-13,16,8695.62,0,2,True,Approved,0
CLM503256,PH100065,Auto,Theft,Midlands,Branch,2023-08-05,2023-08-10,5,3796.71,5,3,True,Under Review,0
CLM503257,PH100195,Life,Death Benefit,South East,Branch,2023-07-18,2023-08-16,29,14287.45,0,2,False,Approved,0
CLM503258,PH101131,Health,Hospitalisation,Northern Ireland,Mobile App,2024-12-20,2025-01-08,19,3763.12,5,3,False,Pending,0
CLM503259,PH101158,Health,Outpatient,South East,Branch,2023-08-21,2023-08-21,0,1767.6,5,1,True,Approved,0
CLM503260,PH100091,Commercial,Business Interruption,Scotland,Broker,2023-01-28,2023-02-05,8,26011.71,6,0,True,Approved,0
CLM503261,PH100919,Life,Critical Illness,South West,Broker,2023-04-18,2023-05-01,13,20992.82,5,2,True,Approved,0
CLM503262,PH100245,Travel,Lost Luggage,Yorkshire,Mobile App,2023-07-20,2023-07-31,11,2966.38,7,3,True,Under Review,0
CLM503263,PH101359,Commercial,Business Interruption,Northern Ireland,Mobile App,2023-05-13,2023-06-09,27,8896.7,0,2,False,Pending,0
CLM503264,PH100446,Life,Critical Illness,Scotland,Call Center,2023-07-06,2023-07-06,0,46920.96,7,1,False,Pending,0
CLM503265,PH100850,Life,Critical Illness,North East,Call Center,2024-12-22,2025-01-16,25,149961.42,0,3,True,Under Review,0
CLM503266,PH100471,Health,Hospitalisation,North East,Mobile App,2024-06-08,2024-06-27,19,5531.53,3,0,True,Under Review,0
CLM503267,PH100009,Travel,Medical,Yorkshire,Online,2024-08-23,2024-09-19,27,3982.71,2,3,True,Approved,0
CLM503268,PH101296,Auto,Fire,Wales,Broker,2023-10-26,2023-11-14,19,6243.99,3,0,False,Rejected,0
CLM503269,PH100215,Commercial,Property Damage,North West,Branch,2024-01-17,2024-01-18,1,46384.0,6,1,True,Approved,1
CLM503270,PH100200,Home,Burglary,Northern Ireland,Broker,2024-12-02,2024-12-12,10,9431.98,7,1,True,Approved,0
CLM503271,PH101240,Health,Hospitalisation,Scotland,Call Center,2023-01-23,2023-02-06,14,2656.55,3,0,True,Approved,0
CLM503272,PH100027,Home,Accidental Damage,North East,Branch,2023-07-24,2023-07-26,2,1005.78,6,0,True,Under Review,1
CLM503273,PH100216,Travel,Delay,London,Branch,2024-09-28,2024-10-03,5,1736.57,5,3,True,Pending,0
CLM503274,PH100304,Health,Hospitalisation,South East,Call Center,2024-03-24,2024-04-15,22,3568.95,2,1,False,Pending,0
CLM503275,PH100696,Life,Death Benefit,Scotland,Call Center,2024-11-09,2024-11-12,3,20499.07,7,0,True,Pending,0
CLM503276,PH101298,Commercial,Liability,London,Broker,2023-06-15,2023-07-02,17,18891.65,1,3,True,Approved,0
CLM503277,PH100576,Life,Critical Illness,South West,Branch,2023-01-13,2023-02-07,25,9400.22,0,1,True,Approved,0
CLM503278,PH101002,Life,Death Benefit,London,Mobile App,2023-04-06,2023-05-03,27,72941.87,0,3,True,Approved,0
CLM503279,PH100018,Travel,Delay,Midlands,Branch,2024-09-02,2024-09-04,2,1520.51,1,0,False,Approved,1
CLM503280,PH100938,Auto,Fire,North East,Broker,2024-01-31,2024-02-15,15,1837.43,1,0,False,Rejected,0
CLM503281,PH100212,Health,Outpatient,  SCOTLAND ,Mobile App,2023-06-06,2023-07-05,29,5446.89,7,0,True,Rejected,0
CLM503282,PH101068,Commercial,Property Damage,North East,Mobile App,2023-08-06,2023-08-16,10,17581.47,5,0,True,Pending,0
CLM503283,PH100097,Health,Optical,Scotland,Mobile App,2023-04-29,2023-05-21,22,3531.88,0,3,True,Approved,0
CLM503284,PH100798,Auto,Fire,London,Online,2024-06-03,2024-06-07,4,2283.81,4,0,True,Approved,0
CLM503285,PH100957,Home,Storm,North East,Branch,2023-08-22,2023-08-29,7,6552.08,3,1,True,Approved,0
CLM503286,PH101499,Travel,Cancellation,Scotland,Call Center,2024-02-27,2024-03-04,6,609.7,6,1,True,Rejected,0
CLM503287,PH100281,Home,Fire,North East,Branch,2023-09-25,2023-10-16,21,4699.21,4,0,True,Rejected,0
CLM503288,PH101289,Travel,Medical,Scotland,Branch,2023-01-09,2023-01-21,12,1214.57,6,3,True,Approved,0
CLM503289,PH101053,Auto,Collision,Yorkshire,Mobile App,2024-07-22,2024-07-25,3,2369.29,4,2,True,Approved,0
CLM503290,PH100623,Commercial,Property Damage,Wales,Mobile App,2023-10-03,2023-10-18,15,18259.86,7,3,True,Pending,0
CLM503291,PH100010,Life,Critical Illness,Scotland,Online,2023-08-23,2023-09-08,16,101639.05,0,2,True,Approved,0
CLM503292,PH100150,Home,Flood,North East,Call Center,2023-10-29,2023-10-31,2,5362.46,7,3,True,Approved,0
CLM503293,PH100380,Health,Hospitalisation,Yorkshire,Broker,2024-06-28,2024-07-16,18,833.65,4,0,True,Under Review,0
CLM503294,PH100891,Health,Outpatient,Northern Ireland,Online,2024-12-02,2024-12-05,3,1977.71,1,1,False,Approved,0
CLM503295,PH100106,Commercial,Property Damage,Yorkshire,Mobile App,2023-12-21,2023-12-22,1,93025.62,5,2,False,Approved,1
CLM503296,PH100782,Life,Death Benefit,South East,Call Center,2024-10-12,2024-10-27,15,42190.02,2,3,False,Approved,0
CLM503297,PH100552,Life,Death Benefit,Northern Ireland,Online,2023-02-11,2023-02-21,10,22434.55,7,2,True,Approved,0
CLM503298,PH100358,Travel,Medical,South East,Online,2024-12-08,2024-12-31,23,3123.78,1,2,False,Approved,0
CLM503299,PH101094,Travel,Delay,Northern Ireland,Online,2024-11-06,2024-11-25,19,2917.41,1,1,True,Approved,0
CLM503300,PH100702,Commercial,Property Damage,North West,Online,2024-07-06,2024-07-08,2,132841.88,6,3,False,Approved,1
CLM503301,PH100198,Travel,Cancellation,Northern Ireland,Broker,2023-01-12,2023-02-10,29,652.98,6,1,True,Approved,0
CLM503302,PH100011,Health,Dental,Midlands,Mobile App,2023-07-09,2023-07-24,15,1625.5,0,2,True,Approved,0
CLM503303,PH100741,Commercial,Business Interruption,Scotland,Mobile App,2024-11-22,2024-12-10,18,12033.45,1,0,True,Approved,0
CLM503304,PH101041,Home,Burglary,South West,Call Center,2023-10-08,2023-10-15,7,3038.41,5,1,True,Approved,0
CLM503305,PH101443,Health,Dental,Wales,Mobile App,2023-02-15,2023-02-18,3,4785.21,4,2,True,Under Review,0
CLM503306,PH101459,Travel,Delay,South West,Call Center,2023-04-03,2023-04-07,4,1863.36,7,1,True,Under Review,0
CLM503307,PH100765,Commercial,Business Interruption,Wales,Call Center,2023-11-18,2023-11-29,11,1588.93,0,3,False,Approved,0
CLM503308,PH101474,Home,Accidental Damage,Yorkshire,Call Center,2023-04-27,2023-05-17,20,8195.17,6,1,False,Approved,0
CLM503309,PH101426,Auto,Windscreen,North West,Broker,2024-01-24,2024-01-25,1,3117.3,5,0,True,Pending,0
CLM503310,PH100373,Health,Dental,Midlands,Broker,2024-09-25,2024-10-19,24,4640.67,0,1,False,Rejected,0
CLM503311,PH100951,Health,Optical,North West,Mobile App,2023-11-20,2023-11-28,8,3192.69,3,0,True,Approved,0
CLM503312,PH100055,Home,Burglary,Wales,Call Center,2023-10-28,2023-10-29,1,3247.02,4,2,True,Approved,0
CLM503313,PH101351,Auto,Theft,Midlands,Call Center,2023-03-20,2023-03-21,1,4061.82,6,2,True,Approved,0
CLM503314,PH100180,Health,Dental,North West,Branch,2023-09-02,2023-09-29,27,3319.2,2,2,True,Approved,0
CLM503315,PH100620,Travel,Cancellation,Northern Ireland,Online,2023-08-31,2023-09-03,3,422.06,0,0,True,Approved,0
CLM503316,PH100958,Commercial,Business Interruption,London,Mobile App,2024-12-30,2025-01-01,2,54695.83,4,1,False,Rejected,1
CLM503317,PH101378,Home,Fire,South East,Online,2024-11-12,2024-11-12,0,4637.11,2,3,True,Approved,0
CLM503318,PH100606,Health,Dental,Scotland,Call Center,2024-11-29,2024-12-15,16,516.82,6,0,True,Rejected,0
CLM503319,PH100170,Home,Flood,South West,Mobile App,2024-04-24,2024-05-14,20,5100.97,6,2,False,Approved,0
CLM503320,PH101076,Travel,Cancellation,Northern Ireland,Branch,2024-12-04,2024-12-15,11,677.49,2,2,True,Approved,0
CLM503321,PH100369,Health,Hospitalisation,South East,Branch,2024-07-16,2024-07-18,2,3364.28,4,2,False,Rejected,1
CLM503322,PH100038,Commercial,Business Interruption,North West,Mobile App,2024-05-01,2024-05-01,0,10905.33,5,1,False,Approved,0
CLM503323,PH100815,Life,Critical Illness,London,Online,2024-02-11,2024-02-29,18,91425.24,1,0,True,Approved,0
CLM503324,PH100377,Life,Death Benefit,Midlands,Online,2024-09-14,2024-09-23,9,53619.23,7,2,True,Approved,0
CLM503325,PH100481,Health,Hospitalisation,North West,Branch,2024-02-28,2024-03-19,20,5421.32,3,1,False,Approved,0
CLM503326,PH100095,Home,Storm,North East,Online,2023-05-16,2023-05-30,14,5450.45,5,0,True,Pending,0
CLM503327,PH100510,Home,Fire,Northern Ireland,Branch,2024-04-11,2024-04-15,4,1905.7,2,1,True,Approved,0
CLM503328,PH100670,Home,Storm,South East,Broker,2024-03-17,2024-03-25,8,12642.74,1,2,True,Approved,0
CLM503329,PH101169,Auto,Theft,South West,Branch,2023-03-12,2023-04-07,26,1114.94,0,2,False,Approved,0
CLM503330,PH100055,Travel,Medical,Wales,Branch,2023-11-16,2023-12-14,28,3457.74,0,1,True,Under Review,0
CLM503331,PH100351,Commercial,Business Interruption,Northern Ireland,Online,2023-07-30,2023-08-14,15,24715.67,1,1,True,Under Review,0
CLM503332,PH100996,Auto,Third Party,London,Online,2024-08-27,2024-09-20,24,1800.8,5,3,False,Approved,0
CLM503333,PH101154,Home,Flood,North West,Mobile App,2024-11-18,2024-12-12,24,6326.39,1,3,False,Approved,0
CLM503334,PH100294,Health,Optical,South East,Call Center,2023-09-10,2023-09-25,15,6726.13,7,1,True,Approved,0
CLM503335,PH100632,Auto,Collision,London,Mobile App,2023-05-07,2023-05-11,4,3208.04,3,1,True,Approved,0
CLM503336,PH101345,Travel,Delay,Midlands,Online,2024-05-01,2024-05-02,1,691.74,3,2,False,Approved,0
CLM503337,PH101169,Health,Hospitalisation,South West,Branch,2024-03-21,2024-04-18,28,5172.97,4,3,True,Approved,0
CLM503338,PH101197,Travel,Delay,South East,Mobile App,2024-08-13,2024-09-04,22,372.1,2,3,True,Rejected,0
CLM503339,PH101413,Life,Critical Illness,North East,Online,2023-01-20,2023-02-01,12,65748.6,0,3,True,Pending,0
CLM503340,PH101048,Life,Death Benefit,Scotland,Online,2023-12-09,2023-12-22,13,38586.64,0,3,True,Pending,0
CLM503341,PH100187,Commercial,Property Damage,Wales,Broker,2024-01-19,2024-01-30,11,34417.64,1,0,True,Approved,0
CLM503342,PH100598,Travel,Delay,North West,Mobile App,2024-08-12,2024-08-24,12,2486.01,4,2,True,Pending,0
CLM503343,PH101069,Life,Critical Illness,South East,Online,2023-02-03,2023-02-03,0,144672.58,4,1,False,Pending,1
CLM503344,PH101314,Home,Accidental Damage,North East,Branch,2024-03-31,2024-04-14,14,8087.57,6,2,True,Rejected,0
CLM503345,PH100415,Travel,Lost Luggage,Wales,Broker,2024-10-07,2024-10-12,5,3274.05,5,1,False,Under Review,0
CLM503346,PH100615,Travel,Medical,Wales,Mobile App,2024-09-20,2024-09-20,0,3368.29,5,2,False,Pending,1
CLM503347,PH101090,Health,Outpatient,North East,Broker,2023-04-04,2023-04-10,6,2338.18,3,2,True,Approved,0
CLM503348,PH101168,Auto,Third Party,Midlands,Branch,2023-08-25,2023-09-20,26,1627.38,5,2,True,Approved,0
CLM503349,PH100586,Home,Flood,Wales,Broker,2024-09-05,2024-09-15,10,2178.82,1,0,False,Rejected,0
CLM503350,PH101286,Home,Accidental Damage,North East,Online,2023-06-08,2023-06-19,11,11799.61,7,0,True,Approved,0
CLM503351,PH100831,Travel,Delay,North West,Mobile App,2024-03-29,2024-04-03,5,2422.16,6,3,True,Approved,0
CLM503352,PH100604,Travel,Lost Luggage,Northern Ireland,Branch,2023-06-19,2023-06-30,11,3959.91,0,3,False,Approved,0
CLM503353,PH100410,Health,Outpatient,London,Broker,2024-11-26,2024-12-12,16,3484.56,6,2,False,Rejected,0
CLM503354,PH100168,Home,Accidental Damage,Yorkshire,Broker,2024-04-10,2024-04-28,18,6917.93,1,0,False,Under Review,0
CLM503355,PH100193,Travel,Medical,South East,Call Center,2024-11-27,2024-12-01,4,785.83,4,0,True,Approved,0
CLM503356,PH100168,Travel,Delay,Yorkshire,Call Center,2024-08-12,2024-08-19,7,1048.62,1,2,False,Pending,0
CLM503357,PH101178,Auto,Collision,Wales,Online,2023-09-23,2023-10-02,9,3601.37,3,3,True,Approved,0
CLM503358,PH100000,Health,Dental,North East,Broker,2023-02-05,2023-02-08,3,1439.4,2,1,False,Rejected,0
CLM503359,PH100897,Auto,Collision,London,Call Center,2024-04-21,2024-05-06,15,1547.77,3,1,True,Approved,0
CLM503360,PH100329,Life,Critical Illness,Northern Ireland,Broker,2023-02-05,2023-02-26,21,5609.57,7,2,True,Approved,0
CLM503361,PH101458,Auto,Fire,South East,Call Center,2024-06-09,2024-06-25,16,1394.61,7,1,True,Under Review,0
CLM503362,PH100795,Home,Fire,North West,Branch,2023-10-04,2023-10-05,1,2484.81,7,3,True,Approved,0
CLM503363,PH100369,Life,Death Benefit,South East,Mobile App,2024-03-26,2024-03-26,0,19011.24,1,1,True,Under Review,0
CLM503364,PH100812,Travel,Lost Luggage,South West,Call Center,2024-11-24,2024-12-13,19,1105.02,1,3,True,Approved,0
CLM503365,PH101492,Life,Death Benefit,South West,Call Center,2023-07-31,2023-08-10,10,10653.04,2,1,True,Approved,0
CLM503366,PH100715,Auto,Windscreen,North West,Mobile App,2023-02-28,2023-02-28,0,4746.91,2,1,True,Pending,1
CLM503367,PH100709,Travel,Cancellation,Yorkshire,Online,2023-07-21,2023-08-01,11,3389.2,1,0,True,Approved,0
CLM503368,PH100367,Travel,Lost Luggage,North West,Mobile App,2024-05-07,2024-05-17,10,3571.87,6,1,True,Under Review,0
CLM503369,PH101336,Auto,Collision,North East,Call Center,2023-01-16,2023-02-02,17,3573.3,4,0,False,Pending,0
CLM503370,PH100072,Auto,Fire,North West,Branch,2024-11-22,2024-12-18,26,2457.5,3,2,False,Approved,0
CLM503371,PH101478,Home,Storm,Yorkshire,Call Center,2024-01-25,2024-02-21,27,5837.83,4,1,True,Under Review,0
CLM503372,PH101321,Travel,Delay,Wales,Mobile App,2024-05-31,2024-06-27,27,1683.31,1,2,True,Rejected,0
CLM503373,PH101201,Home,Fire,North East,Call Center,2023-12-21,2024-01-11,21,6269.86,6,2,True,Approved,0
CLM503374,PH100106,Travel,Delay,Yorkshire,Mobile App,2023-02-23,2023-03-02,7,2122.87,5,1,False,Approved,0
CLM503375,PH100028,Travel,Delay,North West,Online,2024-04-25,2024-05-15,20,1940.2,7,0,True,Under Review,0
CLM503376,PH100023,Commercial,Business Interruption,South East,Mobile App,2024-07-20,2024-07-25,5,2652.93,3,2,True,Approved,0
CLM503377,PH100932,Home,Flood,North East,Branch,2023-10-29,2023-11-01,3,7382.09,5,2,True,Approved,0
CLM503378,PH100366,Travel,Medical,South West,Mobile App,2023-10-19,2023-11-07,19,2342.95,1,2,False,Pending,0
CLM503379,PH100550,Life,Critical Illness,Wales,Call Center,2023-01-06,2023-01-27,21,22989.45,5,3,True,Approved,0
CLM503380,PH101180,Home,Accidental Damage,South West,Call Center,2024-01-27,2024-02-12,16,1439.92,0,1,True,Approved,0
CLM503381,PH101465,Commercial,Property Damage,London,Online,2024-10-07,2024-11-05,29,4131.99,0,1,True,Rejected,0
CLM503382,PH101406,Auto,Third Party,North West,Broker,2023-08-17,2023-09-05,19,1873.79,4,0,True,Approved,0
CLM503383,PH101205,Home,Burglary,Yorkshire,Online,2024-12-10,2024-12-13,3,6507.23,2,2,True,Under Review,0
CLM503384,PH100136,Auto,Theft,Midlands,Broker,2023-07-09,2023-07-28,19,6223.61,3,0,True,Approved,0
CLM503385,PH101044,Auto,Collision,Wales,Online,2023-09-24,2023-09-28,4,5695.39,1,0,False,Approved,0
CLM503386,PH100359,Travel,Medical,Midlands,Call Center,2023-12-26,2024-01-11,16,3584.11,2,0,False,Approved,0
CLM503387,PH100012,Life,Critical Illness,London,Broker,2023-03-25,2023-04-03,9,86143.06,6,2,True,Approved,0
CLM503388,PH101386,Commercial,Property Damage,North West,Branch,2023-04-15,2023-05-08,23,2900.42,4,2,True,Approved,0
CLM503389,PH100091,Life,Death Benefit,Scotland,Mobile App,2024-01-21,2024-02-14,24,9967.85,4,1,True,Approved,0
CLM503390,PH100718,Home,Burglary,South West,Branch,2024-02-18,2024-03-02,13,10304.41,4,1,False,Approved,0
CLM503391,PH100392,Commercial,Business Interruption,North East,Call Center,2023-11-14,2023-11-25,11,52589.34,5,2,True,Approved,0
CLM503392,PH100395,Home,Flood,North East,Online,2024-11-07,2024-11-08,1,7157.73,7,2,True,Rejected,1
CLM503393,PH101259,Life,Death Benefit,London,Online,2023-04-21,2023-04-26,5,42930.51,5,3,True,Under Review,0
CLM503394,PH100344,Home,Flood,Midlands,Online,2024-05-11,2024-05-11,0,18541.47,2,1,False,Pending,1
CLM503395,PH100064,Travel,Lost Luggage,North East,Online,2023-10-03,2023-10-26,23,1212.92,7,2,True,Approved,0
CLM503396,PH100195,Life,Critical Illness,South East,Branch,2023-03-22,2023-03-27,5,7660.34,3,2,False,Approved,0
CLM503397,PH101093,Travel,Cancellation,Wales,Online,2024-06-27,2024-07-26,29,1199.67,3,3,True,Approved,0
CLM503398,PH101253,Commercial,Liability,Scotland,Broker,2024-08-24,2024-09-05,12,10827.61,1,3,True,Approved,0
CLM503399,PH101469,Health,Dental,North East,Branch,2024-12-28,2025-01-12,15,4474.02,2,1,False,Approved,0
CLM503400,PH100796,Auto,Windscreen,South West,Online,2023-02-21,2023-02-23,2,7380.29,1,3,True,Under Review,0
CLM503401,PH101241,Home,Accidental Damage,North West,Broker,2024-12-18,2024-12-25,7,4057.44,6,2,True,Approved,0
CLM503402,PH100476,Travel,Lost Luggage,Midlands,Mobile App,2024-08-17,2024-08-20,3,547.2,0,0,True,Approved,0
CLM503403,PH100764,Auto,Third Party,Wales,Branch,2023-05-03,2023-05-28,25,1962.57,1,1,True,Approved,0
CLM503404,PH101061,Health,Dental,London,Broker,2023-10-10,2023-10-12,2,3052.8,2,0,False,Approved,0
CLM503405,PH100979,Home,Accidental Damage,South East,Broker,2024-11-03,2024-11-16,13,24552.35,5,3,True,Approved,0
CLM503406,PH100201,Life,Death Benefit,Northern Ireland,Call Center,2023-01-15,2023-01-25,10,138476.6,3,2,True,Pending,0
CLM503407,PH101293,Health,Outpatient,London,Mobile App,2024-06-17,2024-06-24,7,2277.7,2,1,False,Rejected,0
CLM503408,PH100752,Life,Critical Illness,Northern Ireland,Online,2023-03-13,2023-04-02,20,64290.24,2,0,True,Approved,0
CLM503409,PH100830,Home,Accidental Damage,Yorkshire,Mobile App,2023-02-21,2023-03-01,8,9468.22,3,3,False,Approved,0
CLM503410,PH100351,Travel,Medical,Northern Ireland,Call Center,2024-08-04,2024-08-14,10,346.11,5,3,True,Approved,0
CLM503411,PH100850,Life,Critical Illness,North East,Call Center,2024-12-24,2025-01-12,19,80762.05,0,1,True,Approved,0
CLM503412,PH100155,Commercial,Business Interruption,Yorkshire,Mobile App,2023-08-14,2023-08-22,8,28313.82,5,1,True,Pending,0
CLM503413,PH101337,Commercial,Business Interruption,Scotland,Online,2023-09-11,2023-09-12,1,71681.67,1,2,True,Under Review,1
CLM503414,PH100119,Life,Death Benefit,Yorkshire,Online,2024-11-15,2024-12-07,22,1589.14,5,1,False,Approved,0
CLM503415,PH100352,Travel,Cancellation,South East,Branch,2023-11-10,2023-11-15,5,81.66,1,0,True,Approved,0
CLM503416,PH101485,Commercial,Property Damage,Scotland,Broker,2023-11-02,2023-11-12,10,12038.64,5,0,False,Approved,0
CLM503417,PH101296,Life,Death Benefit,Wales,Online,2024-10-16,2024-11-13,28,54714.71,5,0,False,Approved,0
CLM503418,PH100439,Commercial,Business Interruption,Yorkshire,Branch,2023-07-06,2023-07-13,7,29766.37,3,2,True,Approved,0
CLM503419,PH101073,Home,Storm,Northern Ireland,Broker,2024-06-29,2024-07-08,9,8067.23,5,1,True,Pending,0
CLM503420,PH100674,Life,Critical Illness,South West,Mobile App,2024-10-05,2024-10-29,24,46633.56,1,1,False,Under Review,0
CLM503421,PH100378,Health,Dental,Yorkshire,Mobile App,2024-06-11,2024-06-14,3,5661.76,5,3,True,Pending,0
CLM503422,PH100811,Auto,Theft,Wales,Mobile App,2023-10-27,2023-11-13,17,1276.59,0,3,True,Approved,0
CLM503423,PH100297,Health,Optical,Northern Ireland,Online,2024-08-05,2024-08-31,26,9112.61,0,0,True,Approved,0
CLM503424,PH101076,Travel,Lost Luggage,Northern Ireland,Mobile App,2024-04-23,2024-04-25,2,9292.44,6,2,False,Approved,1
CLM503425,PH101200,Auto,Theft,South West,Call Center,2023-07-17,2023-07-23,6,5020.93,2,2,False,Pending,0
CLM503426,PH100449,Home,Fire,Wales,Mobile App,2023-07-02,2023-07-18,16,10742.61,1,0,True,Pending,0
CLM503427,PH100066,Health,Outpatient,Yorkshire,Mobile App,2024-04-19,2024-05-09,20,1391.34,6,2,True,Approved,0
CLM503428,PH101281,Travel,Delay,Yorkshire,Online,2024-05-26,2024-06-07,12,651.87,7,3,True,Under Review,0
CLM503429,PH100467,Auto,Theft,North West,Mobile App,2023-11-18,2023-12-14,26,3723.27,0,2,True,Approved,0
CLM503430,PH101371,Life,Death Benefit,South East,Online,2024-09-08,2024-09-14,6,11219.27,6,0,True,Approved,0
CLM503431,PH100526,Auto,Collision,South East,Call Center,2023-03-29,2023-04-18,20,10188.75,7,3,False,Rejected,0
CLM503432,PH100610,Commercial,Liability,Midlands,Mobile App,2024-05-19,2024-05-27,8,30727.43,2,2,True,Approved,0
CLM503433,PH101299,Auto,Fire,London,Mobile App,2024-02-03,2024-02-25,22,1236.32,1,0,True,Under Review,0
CLM503434,PH100394,Travel,Lost Luggage,Scotland,Online,2024-02-29,2024-03-24,24,884.28,1,1,True,Approved,0
CLM503435,PH101249,Home,Flood,Scotland,Call Center,2023-11-09,2023-12-03,24,9318.66,5,0,True,Approved,0
CLM503436,PH100512,Auto,Theft,South East,Mobile App,2024-04-14,2024-05-10,26,3190.59,6,1,True,Approved,0
CLM503437,PH100301,Auto,Collision,North West,Mobile App,2023-06-10,2023-07-07,27,3967.0,2,0,False,Approved,0
CLM503438,PH100272,Travel,Delay,South West,Mobile App,2024-07-03,2024-07-05,2,3671.98,6,0,False,Rejected,1
CLM503439,PH101330,Travel,Delay,South East,Branch,2023-11-03,2023-11-06,3,1739.26,7,1,True,Under Review,0
CLM503440,PH100087,Auto,Fire,South East,Online,2024-08-04,2024-08-19,15,8301.48,7,2,False,Approved,0
CLM503441,PH100525,Commercial,Business Interruption,North West,Call Center,2024-12-05,2025-01-02,28,5516.5,4,1,True,Rejected,0
CLM503442,PH100023,Life,Death Benefit,South East,Broker,2023-06-07,2023-07-06,29,33319.54,6,1,True,Pending,0
CLM503443,PH101069,Commercial,Liability,South East,Call Center,2024-08-21,2024-08-28,7,19410.0,1,3,True,Approved,0
CLM503444,PH100437,Life,Death Benefit,South West,Branch,2023-06-22,2023-07-01,9,40016.77,2,1,False,Rejected,0
CLM503445,PH100425,Travel,Medical,Northern Ireland,Mobile App,2024-02-25,2024-03-16,20,577.28,1,0,True,Approved,0
CLM503446,PH100191,Home,Accidental Damage,South West,Online,2024-10-29,2024-11-12,14,2609.8,5,0,True,Approved,0
CLM503447,PH100182,Health,Hospitalisation,North East,Online,2024-06-01,2024-06-05,4,3078.55,1,2,True,Approved,0
CLM503448,PH100295,Auto,Collision,North East,Call Center,2024-03-02,2024-03-07,5,2746.18,2,0,True,Under Review,0
CLM503449,PH100128,Health,Outpatient,Midlands,Online,2023-05-07,2023-05-08,1,4000.72,1,3,False,Rejected,1
CLM503450,PH100524,Home,Fire,North West,Mobile App,2023-06-24,2023-07-16,22,1151.17,0,3,True,Approved,0
CLM503451,PH101355,Auto,Theft,Yorkshire,Branch,2024-12-02,2024-12-15,13,-5427.11,3,3,False,Pending,0
CLM503452,PH101132,Health,Hospitalisation,North East,Online,2023-09-10,2023-09-14,4,1442.37,7,0,True,Approved,0
CLM503453,PH100561,Auto,Collision,South East,Broker,2023-10-05,2023-10-08,3,8049.14,4,1,False,Rejected,0
CLM503454,PH100257,Health,Optical,South East,Broker,2024-01-07,2024-01-25,18,7703.76,2,3,True,Approved,0
CLM503455,PH101288,Travel,Cancellation,North East,Branch,2023-02-13,2023-02-20,7,678.96,2,0,True,Rejected,0
CLM503456,PH100877,Auto,Windscreen,North West,Online,2023-11-20,2023-12-11,21,2861.71,1,2,False,Approved,0
CLM503457,PH100836,Commercial,Business Interruption,South East,Call Center,2023-07-23,2023-07-27,4,10140.44,4,3,True,Pending,0
CLM503458,PH100898,Commercial,Liability,Scotland,Online,2024-12-06,2024-12-06,0,14455.87,0,1,False,Rejected,1
CLM503459,PH101319,Auto,Fire,London,Online,2024-12-07,2024-12-22,15,5802.24,7,0,True,Pending,0
CLM503460,PH100983,Home,Flood,South West,Broker,2023-06-07,2023-07-02,25,3116.26,0,0,True,Approved,0
CLM503461,PH100357,Life,Death Benefit,Yorkshire,Broker,2024-05-13,2024-05-27,14,41080.92,7,3,True,Approved,0
CLM503462,PH100958,Life,Critical Illness,London,Online,2023-01-19,2023-02-05,17,65136.28,4,3,True,Pending,0
CLM503463,PH100801,Home,Fire,Midlands,Broker,2023-11-01,2023-11-26,25,14996.46,1,2,True,Approved,0
CLM503464,PH101358,Travel,Medical,South West,Online,2023-05-06,2023-05-28,22,2162.41,5,0,True,Approved,0
CLM503465,PH100785,Travel,Lost Luggage,Midlands,Mobile App,2024-11-04,2024-11-25,21,299.2,4,2,False,Approved,0
CLM503466,PH100663,Home,Accidental Damage,Northern Ireland,Branch,2024-02-28,2024-03-10,11,1142.36,0,3,False,Pending,0
CLM503467,PH101401,Auto,Fire,South East,Mobile App,2023-08-23,2023-09-08,16,4255.32,1,2,False,Approved,0
CLM503468,PH100447,Life,Critical Illness,Midlands,Call Center,2023-02-07,2023-02-23,16,37665.96,5,3,False,Approved,0
CLM503469,PH100788,Auto,Collision,Northern Ireland,Branch,2023-10-13,2023-11-09,27,3536.83,6,1,True,Approved,0
CLM503470,PH100715,Health,Hospitalisation,North West,Online,2024-02-01,2024-02-25,24,3135.62,0,0,True,Approved,0
CLM503471,PH101027,Commercial,Property Damage,Wales,Online,2024-10-01,2024-10-19,18,18052.85,1,0,True,Pending,0
CLM503472,PH100452,Auto,Collision,Wales,Branch,2024-08-17,2024-08-20,3,289.2,0,0,True,Under Review,0
CLM503473,PH100831,Travel,Medical,North West,Online,2023-06-02,2023-06-03,1,9483.83,2,3,False,Pending,1
CLM503474,PH101051,Travel,Cancellation,Scotland,Call Center,2023-06-06,2023-06-20,14,2599.62,5,3,False,Approved,0
CLM503475,PH100006,Auto,Fire,Midlands,Mobile App,2023-05-31,2023-06-11,11,4408.1,3,0,True,Approved,0
CLM503476,PH100255,Auto,Fire,South East,Mobile App,2024-08-14,2024-09-11,28,,2,2,True,Rejected,0
CLM503477,PH101090,Travel,Medical,North East,Call Center,2023-07-02,2023-07-31,29,1644.13,2,3,True,Pending,0
CLM503478,PH101041,Home,Flood,South West,Mobile App,2024-05-26,2024-05-28,2,2632.37,2,0,True,Rejected,0
CLM503479,PH100382,Health,Optical,Northern Ireland,Online,2023-08-10,2023-08-11,1,1644.46,3,0,True,Rejected,1
CLM503480,PH100716,Auto,Theft,Scotland,Online,2024-03-08,2024-03-09,1,-15644.13,0,0,False,Rejected,1
CLM503481,PH100343,Life,Death Benefit,South West,Broker,2023-03-27,2023-04-24,28,9735.5,0,0,False,Approved,0
CLM503482,PH100651,Health,Dental,London,Call Center,2023-09-14,2023-10-04,20,1606.7,6,1,True,Approved,0
CLM503483,PH100185,Life,Critical Illness,Northern Ireland,Mobile App,2023-01-22,2023-02-17,26,,7,1,True,Approved,0
CLM503484,PH100822,Travel,Delay,Midlands,Call Center,2023-04-25,2023-04-25,0,591.17,0,0,True,Rejected,0
CLM503485,PH100492,Travel,Cancellation,Scotland,Online,2024-04-01,2024-04-18,17,2053.39,4,1,True,Approved,0
CLM503486,PH100250,Auto,Windscreen,Scotland,Branch,2023-10-29,2023-11-13,15,888.73,0,1,False,Pending,0
CLM503487,PH101465,Travel,Cancellation,London,Broker,2023-05-29,2023-05-30,1,456.92,3,2,False,Approved,0
CLM503488,PH101415,Health,Optical,Wales,Mobile App,2023-03-31,2023-04-13,13,7065.39,0,0,False,Under Review,0
CLM503489,PH100851,Life,Critical Illness,London,Call Center,2024-03-04,2024-03-07,3,62882.3,5,0,True,Approved,0
CLM503490,PH100731,Health,Outpatient,Yorkshire,Online,2024-04-13,2024-04-19,6,868.01,2,0,True,Approved,0
CLM503491,PH101225,Life,Critical Illness,South East,Call Center,2023-10-29,2023-11-05,7,88198.85,1,0,True,Approved,0
CLM503492,PH101413,Auto,Windscreen,North East,Call Center,2024-04-28,2024-05-27,29,3614.22,1,3,True,Pending,0
CLM503493,PH101108,Health,Optical,Midlands,Mobile App,2024-01-19,2024-02-12,24,766.87,7,0,True,Under Review,0
CLM503494,PH101053,Auto,Third Party,Yorkshire,Online,2024-08-10,2024-08-11,1,2965.03,5,3,True,Approved,0
CLM503495,PH101226,Travel,Medical,Wales,Broker,2023-11-20,2023-12-02,12,2580.61,3,1,False,Under Review,0
CLM503496,PH100688,Commercial,Liability,Northern Ireland,Online,2023-06-25,2023-07-01,6,31050.85,7,1,False,Approved,0
CLM503497,PH101370,Home,Fire,Midlands,Branch,2023-12-16,2024-01-04,19,3323.97,1,3,True,Under Review,0
CLM503498,PH100918,Life,Critical Illness,London,Online,2023-11-07,2023-11-14,7,106705.51,4,2,True,Pending,0
CLM503499,PH101499,Health,Dental,Scotland,Call Center,2023-04-08,2023-04-27,19,2960.22,5,0,False,Approved,0
CLM503500,PH101261,Travel,Lost Luggage,North West,Call Center,2024-08-25,2024-08-26,1,2115.36,3,2,True,Approved,0
CLM503501,PH100746,Auto,Third Party,Wales,Mobile App,2024-01-25,2024-02-23,29,2668.42,6,2,False,Approved,0
CLM503502,PH100267,Auto,Windscreen,South West,Call Center,2023-07-16,2023-08-14,29,993.99,3,1,True,Approved,0
CLM503503,PH100369,Travel,Cancellation,South East,Call Center,2023-04-25,2023-05-21,26,659.8,4,1,False,Approved,0
CLM503504,PH100501,Life,Death Benefit,South West,Branch,2023-06-19,2023-06-21,2,26247.56,2,3,True,Approved,0
CLM503505,PH101374,Life,Critical Illness,Scotland,Call Center,2023-05-19,2023-05-29,10,40053.75,3,3,False,Approved,0
CLM503506,PH101239,Home,Burglary,North West,Call Center,2024-02-28,2024-03-16,17,4199.31,6,2,True,Approved,0
CLM503507,PH101165,Life,Death Benefit,South West,Online,2023-11-16,2023-11-17,1,236994.13,5,0,False,Approved,1
CLM503508,PH100975,Commercial,Liability,South West,Broker,2023-06-23,2023-07-14,21,6958.37,3,2,True,Pending,0
CLM503509,PH100953,Health,Hospitalisation,Wales,Call Center,2024-01-28,2024-02-13,16,1639.37,0,0,True,Pending,0
CLM503510,PH100129,Travel,Medical,North East,Branch,2023-02-15,2023-03-10,23,4434.23,4,0,True,Approved,0
CLM503511,PH100480,Health,Dental,North East,Call Center,2023-05-21,2023-06-05,15,2813.23,6,3,False,Approved,0
CLM503512,PH101088,Travel,Lost Luggage,Northern Ireland,Call Center,2023-08-31,2023-09-23,23,4296.81,0,0,True,Approved,0
CLM503513,PH100160,Travel,Lost Luggage,South East,Online,2024-05-16,2024-05-31,15,2389.98,0,1,False,Approved,0
CLM503514,PH100040,Commercial,Liability,Scotland,Mobile App,2023-01-31,2023-02-18,18,20346.84,7,2,False,Approved,0
CLM503515,PH100069,Home,Burglary,London,Broker,2024-06-18,2024-06-30,12,6059.14,7,0,True,Approved,0
CLM503516,PH100032,Life,Death Benefit,Midlands,Broker,2024-11-21,2024-12-12,21,73770.84,7,1,True,Approved,0
CLM503517,PH100454,Auto,Windscreen,Yorkshire,Branch,2024-04-07,2024-04-10,3,2142.22,5,3,True,Approved,0
CLM503518,PH100790,Health,Hospitalisation,South East,Branch,2024-07-02,2024-07-11,9,460.34,3,3,False,Approved,0
CLM503519,PH100443,Travel,Cancellation,North West,Broker,2023-04-14,2023-04-16,2,1082.46,4,0,True,Rejected,0
CLM503520,PH100296,Travel,Delay,North West,Online,2024-01-21,2024-02-01,11,1691.2,0,3,True,Approved,0
CLM503521,PH100490,Auto,Windscreen,South East,Branch,2024-12-06,2024-12-21,15,3213.67,0,3,True,Approved,0
CLM503522,PH101416,Commercial,Liability,Wales,Branch,2024-03-19,2024-03-30,11,12399.04,7,2,True,Approved,0
CLM503523,PH101239,Auto,Fire,North West,Call Center,2024-02-13,2024-02-19,6,3932.6,3,0,True,Approved,0
CLM503524,PH101064,Auto,Theft,North East,Mobile App,2023-04-24,2023-05-10,16,1830.22,1,1,True,Approved,0
CLM503525,PH100767,Auto,Third Party,North East,Mobile App,2024-07-20,2024-07-31,11,11743.92,7,0,True,Under Review,0
CLM503526,PH100726,Auto,Windscreen,South East,Broker,2023-11-25,2023-12-10,15,3526.21,1,3,False,Under Review,0
CLM503527,PH100111,Auto,Windscreen,North East,Broker,2024-08-03,2024-08-09,6,3370.52,0,0,False,Pending,0
CLM503528,PH100252,Home,Accidental Damage,South East,Broker,2023-04-02,2023-04-24,22,8218.33,1,3,True,Approved,0
CLM503529,PH100803,Auto,Windscreen,London,Branch,2024-04-17,2024-04-21,4,5824.58,7,2,True,Approved,0
CLM503530,PH100290,Auto,Windscreen,Wales,Broker,2023-12-22,2023-12-24,2,8372.41,3,2,False,Pending,0
CLM503531,PH100572,Commercial,Liability,South West,Online,2024-08-24,2024-08-25,1,10008.72,4,2,True,Under Review,0
CLM503532,PH100609,Health,Hospitalisation,South West,Branch,2024-02-20,2024-03-19,28,4607.14,7,3,True,Approved,0
CLM503533,PH100682,Travel,Cancellation,North West,Online,2024-01-05,2024-01-30,25,887.19,6,2,False,Under Review,0
CLM503534,PH100491,Health,Outpatient,South West,Call Center,2023-09-12,2023-09-24,12,1406.79,6,2,True,Approved,0
CLM503535,PH101381,Travel,Lost Luggage,South East,Call Center,2023-12-14,2024-01-03,20,812.49,0,1,True,Rejected,0
CLM503536,PH100984,Home,Fire,Yorkshire,Online,2024-11-07,2024-11-09,2,31142.48,2,0,False,Rejected,1
CLM503537,PH101220,Life,Death Benefit,South East,Online,2024-01-15,2024-02-05,21,20617.78,6,1,True,Approved,0
CLM503538,PH100547,Travel,Delay,Yorkshire,Call Center,2024-04-02,2024-04-12,10,756.79,6,0,False,Under Review,0
CLM503539,PH101356,Life,Critical Illness,Northern Ireland,Mobile App,2024-01-01,2024-01-03,2,106025.53,5,3,False,Under Review,1
CLM503540,PH100573,Auto,Theft,Scotland,Call Center,2024-02-27,2024-03-08,10,6730.23,6,0,True,Rejected,0
CLM503541,PH100205,Auto,Third Party,South West,Broker,2023-01-17,2023-01-26,9,1328.17,0,1,True,Approved,0
CLM503542,PH100853,Health,Hospitalisation,Scotland,Branch,2023-10-10,2023-10-11,1,714.36,2,1,False,Rejected,0
CLM503543,PH100188,Commercial,Business Interruption,London,Call Center,2023-08-08,2023-08-13,5,29240.42,3,1,True,Under Review,0
CLM503544,PH100191,Health,Dental,South West,Branch,2023-04-27,2023-04-30,3,1533.91,1,3,True,Approved,0
CLM503545,PH101126,Home,Fire,London,Mobile App,2024-02-21,2024-03-16,24,33231.55,2,1,True,Approved,0
CLM503546,PH100384,Life,Critical Illness,North East,Call Center,2024-01-31,2024-02-01,1,7629.88,7,1,True,Pending,0
CLM503547,PH100734,Commercial,Liability,Scotland,Online,2023-07-10,2023-07-30,20,21377.99,7,0,True,Approved,0
CLM503548,PH101160,Home,Storm,Wales,Call Center,2023-11-22,2023-12-20,28,454.82,4,0,True,Under Review,0
CLM503549,PH100810,Commercial,Liability,North West,Broker,2023-07-07,2023-07-26,19,17817.96,6,0,True,Approved,0
CLM503550,PH100929,Travel,Lost Luggage,North East,Broker,2024-04-09,2024-04-24,15,875.1,1,3,False,Approved,0
CLM503551,PH101259,Life,Death Benefit,London,Online,2024-09-10,2024-10-08,28,50035.89,4,3,True,Under Review,0
CLM503552,PH100823,Travel,Delay,South East,Branch,2024-11-23,2024-12-11,18,52.22,5,3,False,Pending,0
CLM503553,PH101349,Life,Critical Illness,Scotland,Call Center,2024-10-06,2024-10-08,2,31727.97,1,2,False,Approved,0
CLM503554,PH100154,Travel,Medical,London,Call Center,2023-05-29,2023-06-07,9,3169.04,7,1,False,Approved,0
CLM503555,PH101046,Home,Storm,Wales,Online,2023-09-13,2023-09-17,4,3478.61,3,3,False,Approved,0
CLM503556,PH101168,Life,Critical Illness,Midlands,Online,2023-02-14,2023-03-07,21,37132.02,2,2,True,Approved,0
CLM503557,PH101351,Life,Death Benefit,Midlands,Mobile App,2023-12-18,2023-12-19,1,23068.47,1,0,False,Under Review,1
CLM503558,PH100007,Auto,Theft,Wales,Mobile App,2023-04-13,2023-04-26,13,5061.1,4,0,False,Under Review,0
CLM503559,PH100514,Travel,Delay,North West,Mobile App,2023-03-14,2023-04-05,22,2390.78,1,3,False,Approved,0
CLM503560,PH101310,Life,Death Benefit,Midlands,Mobile App,2023-05-15,2023-05-19,4,98171.44,7,3,True,Under Review,0
CLM503561,PH101027,Travel,Medical,Wales,Call Center,2023-12-31,2024-01-25,25,415.18,0,0,True,Pending,0
CLM503562,PH100181,Travel,Delay,South East,Mobile App,2024-04-25,2024-05-18,23,949.0,1,2,False,Approved,0
CLM503563,PH100408,Life,Critical Illness,South West,Call Center,2024-06-17,2024-07-02,15,20997.9,6,0,True,Approved,0
CLM503564,PH100510,Health,Hospitalisation,Northern Ireland,Broker,2024-01-01,2024-01-11,10,2154.38,1,2,True,Rejected,0
CLM503565,PH100660,Auto,Theft,Midlands,Broker,2023-06-01,2023-06-13,12,19231.31,0,2,True,Approved,0
CLM503566,PH101377,Commercial,Business Interruption,North West,Broker,2024-02-18,2024-02-26,8,12173.13,6,0,True,Under Review,0
CLM503567,PH100783,Life,Death Benefit,North East,Branch,2024-02-02,2024-02-16,14,52282.91,6,0,False,Under Review,0
CLM503568,PH101315,Auto,Fire,North West,Online,2023-01-16,2023-02-11,26,11794.73,4,0,True,Approved,0
CLM503569,PH101433,Commercial,Liability,South East,Online,2024-05-22,2024-06-01,10,3179.52,5,3,True,Approved,0
CLM503570,PH101495,Health,Outpatient,South West,Branch,2024-05-12,2024-05-25,13,3137.06,7,1,True,Under Review,0
CLM503571,PH100325,Life,Death Benefit,North East,Call Center,2024-06-29,2024-07-01,2,72182.25,3,2,True,Approved,0
CLM503572,PH100519,Travel,Lost Luggage,Northern Ireland,Call Center,2023-02-20,2023-03-04,12,888.48,7,2,True,Rejected,0
CLM503573,PH101013,Commercial,Business Interruption,Wales,Online,2024-10-30,2024-11-05,6,5960.91,1,2,True,Approved,0
CLM503574,PH100871,Commercial,Liability,South East,Broker,2023-08-26,2023-09-06,11,25329.2,3,0,True,Approved,0
CLM503575,PH100010,Travel,Delay,Scotland,Call Center,2024-03-19,2024-03-25,6,288.91,3,3,True,Under Review,0
CLM503576,PH100987,Home,Burglary,London,Mobile App,2024-08-27,2024-09-06,10,5698.43,7,2,False,Under Review,0
CLM503577,PH100410,Health,Dental,London,Online,2023-05-22,2023-06-18,27,1620.14,5,0,False,Rejected,0
CLM503578,PH100799,Commercial,Business Interruption,London,Mobile App,2023-05-02,2023-05-13,11,24952.03,7,0,False,Approved,0
CLM503579,PH100518,Auto,Collision,South West,Mobile App,2023-09-07,2023-09-27,20,3237.36,5,1,True,Approved,0
CLM503580,PH100282,Home,Storm,Northern Ireland,Broker,2023-11-17,2023-12-15,28,,6,2,True,Pending,0
CLM503581,PH101216,Health,Hospitalisation,Wales,Online,2023-05-14,2023-05-26,12,3148.09,2,1,False,Under Review,0
CLM503582,PH101061,Commercial,Property Damage,London,Mobile App,2024-10-26,2024-10-28,2,18502.1,1,2,True,Approved,0
CLM503583,PH100093,Commercial,Business Interruption,North West,Online,2023-06-07,2023-07-06,29,55646.2,6,3,True,Approved,0
CLM503584,PH101458,Life,Death Benefit,South East,Call Center,2024-10-17,2024-11-02,16,72948.83,0,0,False,Rejected,0
CLM503585,PH100756,Health,Dental,South West,Online,2023-11-10,2023-12-05,25,2154.74,0,3,True,Approved,0
CLM503586,PH100817,Health,Outpatient,Yorkshire,Call Center,2024-11-13,2024-11-20,7,1406.81,2,0,True,Approved,0
CLM503587,PH100126,Commercial,Property Damage,Yorkshire,Mobile App,2024-06-29,2024-07-28,29,41873.76,6,1,False,Rejected,0
CLM503588,PH100486,Auto,Windscreen,Scotland,Broker,2023-09-28,2023-10-08,10,2436.92,4,3,True,Approved,0
CLM503589,PH101418,Auto,Collision,North East,Call Center,2024-09-13,2024-09-28,15,233.04,6,2,False,Approved,0
CLM503590,PH101116,Travel,Lost Luggage,London,Broker,2023-11-08,2023-12-05,27,2878.91,6,1,True,Under Review,0
CLM503591,PH100790,Home,Flood,South East,Broker,2023-09-11,2023-10-03,22,6139.32,3,0,True,Under Review,0
CLM503592,PH100436,Commercial,Property Damage,North West,Broker,2023-02-22,2023-03-01,7,23033.82,7,2,True,Under Review,0
CLM503593,PH100578,Commercial,Property Damage,Yorkshire,Call Center,2023-04-05,2023-04-13,8,55102.78,6,3,True,Approved,0
CLM503594,PH100958,Life,Critical Illness,London,Branch,2024-10-01,2024-10-26,25,25652.9,0,0,True,Approved,0
CLM503595,PH101320,Home,Burglary,South West,Mobile App,2024-05-17,2024-06-11,25,6144.36,4,3,True,Pending,0
CLM503596,PH100643,Life,Critical Illness,Wales,Branch,2023-02-21,2023-03-20,27,46827.15,6,2,True,Approved,0
CLM503597,PH100495,Health,Dental,Midlands,Online,2024-09-25,2024-10-23,28,607.86,6,1,False,Approved,0
CLM503598,PH101388,Home,Accidental Damage,Scotland,Mobile App,2023-06-02,2023-06-17,15,3057.76,5,3,True,Approved,0
CLM503599,PH101295,Health,Hospitalisation,Northern Ireland,Online,2023-02-24,2023-03-23,27,1634.34,2,0,True,Approved,0
CLM503600,PH101015,Health,Optical,South East,Mobile App,2023-04-18,2023-05-15,27,419.25,2,1,True,Approved,0
CLM503601,PH100746,Health,Outpatient,Wales,Call Center,2024-08-26,2024-09-14,19,2150.84,5,1,True,Rejected,0
CLM503602,PH100223,Health,Outpatient,  NORTH EAST ,Broker,2023-09-05,2023-09-09,4,,0,2,True,Approved,0
CLM503603,PH101064,Auto,Third Party,North East,Online,2023-10-01,2023-10-20,19,3201.14,6,1,True,Approved,0
CLM503604,PH100837,Auto,Collision,Midlands,Mobile App,2024-12-26,2025-01-05,10,3850.75,4,1,False,Approved,0
CLM503605,PH100666,Home,Burglary,Midlands,Broker,2024-11-13,2024-12-04,21,3224.33,5,0,True,Under Review,0
CLM503606,PH100929,Health,Outpatient,North East,Online,2023-09-23,2023-10-04,11,4774.79,0,0,True,Approved,0
CLM503607,PH100689,Auto,Third Party,South East,Online,2023-11-06,2023-11-06,0,1048.8,5,1,True,Approved,0
CLM503608,PH101408,Commercial,Liability,North West,Call Center,2023-08-27,2023-09-07,11,24444.45,0,2,False,Approved,0
CLM503609,PH100353,Life,Death Benefit,North East,Broker,2023-04-12,2023-04-18,6,61918.74,1,2,True,Rejected,0
CLM503610,PH101068,Home,Storm,North East,Branch,2024-02-08,2024-02-09,1,17317.64,2,3,True,Approved,0
CLM503611,PH100596,Home,Accidental Damage,Scotland,Call Center,2023-07-04,2023-07-15,11,1635.08,4,1,True,Approved,0
CLM503612,PH101278,Home,Flood,North East,Mobile App,2023-11-05,2023-11-16,11,8007.18,6,3,True,Approved,0
CLM503613,PH100729,Life,Death Benefit,South West,Online,2024-03-22,2024-04-12,21,55990.78,1,1,False,Under Review,0
CLM503614,PH101499,Commercial,Business Interruption,Scotland,Call Center,2023-08-31,2023-09-01,1,20337.5,6,1,True,Pending,0
CLM503615,PH100384,Travel,Delay,North East,Broker,2024-06-22,2024-07-18,26,2153.82,0,3,True,Approved,0
CLM503616,PH100434,Health,Optical,North West,Broker,2024-09-19,2024-10-12,23,2265.54,7,3,True,Pending,0
CLM503617,PH101151,Home,Burglary,Midlands,Broker,2023-04-17,2023-04-19,2,3834.68,5,0,False,Approved,0
CLM503618,PH100960,Travel,Lost Luggage,Northern Ireland,Call Center,2023-07-01,2023-07-02,1,231.27,4,0,False,Under Review,0
CLM503619,PH101206,Health,Outpatient,Northern Ireland,Mobile App,2023-01-24,2023-01-26,2,4927.63,1,0,False,Under Review,1
CLM503620,PH100078,Auto,Collision,North West,Mobile App,2024-03-25,2024-03-28,3,4050.1,2,1,False,Approved,0
CLM503621,PH101110,Auto,Windscreen,London,Online,2023-08-06,2023-08-23,17,1849.75,2,1,True,Pending,0
CLM503622,PH100426,Home,Accidental Damage,Wales,Mobile App,2024-09-07,2024-10-06,29,2321.61,0,2,False,Rejected,0
CLM503623,PH100380,Travel,Cancellation,Yorkshire,Branch,2024-09-26,2024-10-20,24,338.7,0,3,True,Under Review,0
CLM503624,PH100326,Home,Storm,South East,Branch,2023-11-17,2023-12-04,17,,5,2,True,Approved,0
CLM503625,PH100448,Auto,Fire,South West,Mobile App,2024-01-14,2024-02-05,22,4281.28,4,1,False,Approved,0
CLM503626,PH101340,Commercial,Business Interruption,London,Branch,2023-02-15,2023-02-26,11,3786.12,4,0,True,Approved,0
CLM503627,PH100695,Commercial,Business Interruption,South West,Online,2023-10-03,2023-10-20,17,69808.72,7,1,False,Approved,0
CLM503628,PH101326,Life,Critical Illness,Yorkshire,Online,2023-03-01,2023-03-24,23,42446.29,1,0,True,Approved,0
CLM503629,PH101480,Commercial,Liability,Wales,Branch,2024-05-11,2024-05-15,4,25846.95,3,2,True,Approved,0
CLM503630,PH101159,Auto,Theft,London,Branch,2023-08-08,2023-09-05,28,6014.5,1,1,True,Approved,0
CLM503631,PH101393,Health,Outpatient,London,Online,2024-04-11,2024-05-02,21,3112.45,0,1,True,Approved,0
CLM503632,PH100568,Travel,Medical,North East,Broker,2023-08-11,2023-08-12,1,657.92,2,0,True,Under Review,0
CLM503633,PH100641,Auto,Fire,Northern Ireland,Online,2024-11-30,2024-12-19,19,1206.02,1,3,True,Rejected,0
CLM503634,PH101136,Health,Hospitalisation,Northern Ireland,Online,2024-06-22,2024-06-26,4,5088.05,3,1,False,Rejected,0
CLM503635,PH101253,Life,Critical Illness,Scotland,Online,2023-08-13,2023-08-23,10,45485.94,3,3,False,Approved,0
CLM503636,PH100456,Travel,Cancellation,North East,Mobile App,2024-07-01,2024-07-18,17,2216.2,0,1,False,Rejected,0
CLM503637,PH100474,Home,Accidental Damage,North West,Branch,2023-08-19,2023-08-27,8,9595.99,1,2,True,Under Review,0
CLM503638,PH100348,Home,Burglary,South East,Call Center,2024-10-17,2024-11-02,16,5089.78,1,1,False,Approved,0
CLM503639,PH101201,Health,Optical,  NORTH EAST ,Mobile App,2023-10-08,2023-10-28,20,6313.18,0,0,True,Approved,0
CLM503640,PH100337,Auto,Third Party,London,Call Center,2023-02-24,2023-03-23,27,1808.19,6,1,False,Under Review,0
CLM503641,PH100590,Travel,Lost Luggage,South East,Mobile App,2024-01-07,2024-02-01,25,817.04,5,2,True,Approved,0
CLM503642,PH100894,Auto,Third Party,South West,Call Center,2023-09-03,2023-09-13,10,614.34,0,3,False,Approved,0
CLM503643,PH100799,Auto,Third Party,London,Branch,2023-05-15,2023-06-02,18,3853.88,5,2,True,Approved,0
CLM503644,PH100048,Life,Death Benefit,South East,Branch,2024-12-09,2024-12-11,2,26016.66,1,1,True,Rejected,1
CLM503645,PH101471,Life,Critical Illness,Yorkshire,Mobile App,2023-03-07,2023-03-30,23,30138.26,6,1,True,Approved,0
CLM503646,PH100701,Travel,Lost Luggage,North West,Branch,2024-06-12,2024-07-08,26,897.09,3,0,False,Under Review,0
CLM503647,PH100901,Home,Burglary,Northern Ireland,Branch,2023-07-14,2023-08-07,24,4687.65,4,3,True,Approved,0
CLM503648,PH101115,Travel,Delay,Wales,Call Center,2024-12-27,2024-12-29,2,1507.75,1,0,False,Rejected,1
CLM503649,PH100996,Home,Fire,London,Branch,2024-09-16,2024-09-28,12,6340.21,6,1,True,Approved,0
CLM503650,PH101045,Life,Death Benefit,London,Call Center,2023-09-22,2023-10-16,24,39933.71,0,2,True,Under Review,0
CLM503651,PH101389,Health,Hospitalisation,Midlands,Online,2023-05-12,2023-05-27,15,4447.21,4,2,True,Approved,0
CLM503652,PH101399,Travel,Cancellation,South West,Mobile App,2023-10-27,2023-10-27,0,1675.07,5,3,True,Approved,0
CLM503653,PH100112,Commercial,Business Interruption,London,Call Center,2023-01-23,2023-02-19,27,7339.17,7,0,True,Approved,0
CLM503654,PH100984,Commercial,Business Interruption,Yorkshire,Mobile App,2024-02-23,2024-03-13,19,70708.82,3,2,False,Approved,0
CLM503655,PH101211,Health,Outpatient,North East,Broker,2024-05-25,2024-05-28,3,1523.43,3,2,True,Approved,0
CLM503656,PH101496,Health,Outpatient,Scotland,Branch,2024-04-25,2024-05-03,8,1036.46,4,3,True,Approved,0
CLM503657,PH100822,Home,Fire,Midlands,Branch,2024-10-17,2024-11-15,29,,3,0,False,Pending,0
CLM503658,PH100823,Travel,Medical,South East,Broker,2023-02-08,2023-02-09,1,507.26,4,0,True,Rejected,0
CLM503659,PH100974,Travel,Lost Luggage,London,Mobile App,2024-05-08,2024-05-20,12,1348.24,2,0,False,Approved,0
CLM503660,PH101081,Auto,Windscreen,North West,Branch,2024-07-22,2024-08-04,13,6881.41,6,0,False,Rejected,0
CLM503661,PH100617,Health,Hospitalisation,Wales,Online,2023-08-16,2023-08-18,2,1336.17,5,2,True,Approved,0
CLM503662,PH101284,Life,Death Benefit,South East,Online,2023-12-10,2023-12-23,13,101662.56,4,3,True,Approved,0
CLM503663,PH100686,Home,Accidental Damage,South East,Branch,2024-03-19,2024-04-02,14,3975.73,3,2,True,Approved,0
CLM503664,PH100137,Home,Burglary,Wales,Broker,2023-03-31,2023-04-06,6,7428.7,4,3,True,Approved,0
CLM503665,PH100090,Auto,Windscreen,Scotland,Broker,2024-04-22,2024-05-08,16,2632.7,3,3,True,Pending,0
CLM503666,PH101094,Travel,Delay,Northern Ireland,Online,2023-07-29,2023-08-12,14,129.67,4,0,True,Approved,0
CLM503667,PH101073,Commercial,Liability,Northern Ireland,Call Center,2024-09-21,2024-10-05,14,50983.84,4,3,False,Approved,0
CLM503668,PH100627,Commercial,Business Interruption,North West,Call Center,2023-07-10,2023-08-07,28,19178.42,7,2,False,Approved,0
CLM503669,PH100241,Life,Critical Illness,North West,Mobile App,2023-12-06,2023-12-08,2,231351.88,7,3,True,Rejected,1
CLM503670,PH100928,Auto,Theft,South West,Mobile App,2023-01-23,2023-02-05,13,4515.16,3,3,True,Approved,0
CLM503671,PH100006,Life,Death Benefit,Midlands,Mobile App,2024-07-03,2024-07-28,25,62442.07,7,1,False,Approved,0
CLM503672,PH100605,Health,Hospitalisation,South East,Call Center,2023-08-28,2023-09-09,12,1049.88,5,1,True,Approved,0
CLM503673,PH101191,Commercial,Business Interruption,Scotland,Online,2024-01-20,2024-02-12,23,32301.72,4,2,True,Approved,0
CLM503674,PH100992,Travel,Delay,South East,Call Center,2024-07-03,2024-07-25,22,-1106.36,7,0,False,Approved,0
CLM503675,PH101391,Health,Hospitalisation,Yorkshire,Mobile App,2024-10-01,2024-10-14,13,3830.49,4,1,True,Under Review,0
CLM503676,PH100845,Commercial,Business Interruption,Wales,Mobile App,2023-03-15,2023-03-16,1,57259.83,1,2,True,Approved,0
CLM503677,PH100031,Health,Dental,North West,Mobile App,2024-10-31,2024-11-25,25,626.16,7,0,True,Pending,0
CLM503678,PH100897,Home,Fire,London,Branch,2023-06-21,2023-07-08,17,11558.44,0,3,True,Approved,0
CLM503679,PH101247,Travel,Delay,South East,Call Center,2024-03-12,2024-03-20,8,1654.34,0,2,False,Under Review,0
CLM503680,PH101213,Commercial,Business Interruption,North East,Call Center,2023-06-10,2023-06-22,12,57975.99,3,3,True,Approved,0
CLM503681,PH100380,Health,Dental,Yorkshire,Mobile App,2024-05-09,2024-05-25,16,4866.76,3,2,True,Under Review,0
CLM503682,PH100425,Life,Death Benefit,Northern Ireland,Branch,2024-04-14,2024-04-17,3,10487.59,2,1,True,Rejected,0
CLM503683,PH100115,Travel,Lost Luggage,Wales,Branch,2024-03-19,2024-04-17,29,1462.08,2,1,True,Approved,0
CLM503684,PH100106,Health,Hospitalisation,Yorkshire,Call Center,2023-03-24,2023-04-06,13,3434.19,7,3,True,Approved,0
CLM503685,PH101088,Travel,Delay,Northern Ireland,Branch,2023-12-06,2023-12-08,2,1666.1,4,3,False,Approved,0
CLM503686,PH100222,Life,Critical Illness,North East,Online,2023-11-23,2023-11-23,0,20690.73,4,1,False,Pending,0
CLM503687,PH100875,Life,Death Benefit,South West,Call Center,2024-09-03,2024-09-16,13,49677.45,7,3,True,Under Review,0
CLM503688,PH101111,Commercial,Business Interruption,Wales,Broker,2023-07-18,2023-08-11,24,26360.65,3,3,True,Approved,0
CLM503689,PH100595,Travel,Medical,North West,Broker,2024-01-01,2024-01-30,29,3430.24,7,0,True,Under Review,0
CLM503690,PH101229,Home,Storm,London,Broker,2024-11-12,2024-11-27,15,1206.21,3,2,True,Approved,0
CLM503691,PH101200,Auto,Third Party,South West,Broker,2024-10-24,2024-11-05,12,3549.26,0,0,False,Pending,0
CLM503692,PH101425,Auto,Collision,Yorkshire,Mobile App,2024-11-28,2024-11-28,0,781.97,3,0,True,Approved,0
CLM503693,PH100507,Auto,Fire,Yorkshire,Branch,2024-01-31,2024-02-21,21,3910.64,4,0,True,Under Review,0
CLM503694,PH101190,Life,Death Benefit,Wales,Call Center,2024-07-17,2024-08-08,22,28585.05,6,0,False,Pending,0
CLM503695,PH100541,Auto,Fire,Midlands,Call Center,2024-01-18,2024-02-15,28,3239.06,2,0,False,Approved,0
CLM503696,PH100643,Commercial,Liability,Wales,Online,2023-03-08,2023-03-30,22,18516.46,1,2,True,Approved,0
CLM503697,PH100275,Health,Hospitalisation,Northern Ireland,Mobile App,2023-02-20,2023-02-20,0,11664.7,7,2,False,Under Review,1
CLM503698,PH100209,Commercial,Business Interruption,North West,Mobile App,2023-04-29,2023-05-07,8,47627.91,5,2,True,Approved,0
CLM503699,PH100763,Auto,Fire,South West,Mobile App,2024-10-06,2024-11-01,26,8675.94,1,1,True,Approved,0
CLM503700,PH100655,Health,Hospitalisation,Wales,Online,2024-04-16,2024-05-07,21,254.21,4,3,True,Approved,0
CLM503701,PH101271,Commercial,Property Damage,Midlands,Branch,2024-03-24,2024-03-25,1,6310.39,6,2,True,Approved,0
CLM503702,PH101358,Travel,Medical,  SOUTH WEST ,Mobile App,2023-11-02,2023-11-28,26,510.51,7,1,False,Approved,0
CLM503703,PH101301,Commercial,Business Interruption,South West,Broker,2024-06-05,2024-06-22,17,8958.44,3,1,True,Approved,0
CLM503704,PH100127,Home,Burglary,Northern Ireland,Mobile App,2023-02-06,2023-02-08,2,7964.01,0,3,False,Approved,0
CLM503705,PH100290,Auto,Windscreen,Wales,Broker,2023-07-25,2023-07-27,2,2630.83,5,2,True,Approved,0
CLM503706,PH100580,Health,Dental,Yorkshire,Broker,2023-07-29,2023-08-02,4,1326.19,5,1,True,Approved,0
CLM503707,PH100883,Travel,Medical,Wales,Mobile App,2024-08-10,2024-09-01,22,1380.24,3,3,True,Approved,0
CLM503708,PH100026,Travel,Medical,South East,Call Center,2024-05-29,2024-05-29,0,1760.34,3,1,False,Pending,0
CLM503709,PH100509,Health,Optical,Scotland,Call Center,2024-09-20,2024-10-01,11,2993.83,5,1,False,Approved,0
CLM503710,PH100307,Life,Critical Illness,South East,Call Center,2024-12-04,2024-12-29,25,101861.44,7,2,True,Approved,0
CLM503711,PH100093,Commercial,Business Interruption,North West,Call Center,2023-10-31,2023-11-02,2,41239.21,2,2,True,Approved,0
CLM503712,PH101061,Health,Optical,London,Branch,2023-09-14,2023-09-24,10,1996.83,0,0,True,Approved,0
CLM503713,PH100299,Life,Critical Illness,Yorkshire,Branch,2024-12-03,2024-12-24,21,10816.54,7,0,True,Approved,0
CLM503714,PH101481,Commercial,Property Damage,North West,Call Center,2023-06-05,2023-06-18,13,19682.29,6,2,True,Under Review,0
CLM503715,PH100221,Travel,Lost Luggage,North West,Online,2023-12-12,2024-01-02,21,1486.62,1,1,True,Approved,0
CLM503716,PH100005,Home,Burglary,Scotland,Call Center,2024-01-18,2024-01-23,5,6943.56,0,2,False,Under Review,0
CLM503717,PH100775,Health,Optical,South East,Call Center,2024-09-08,2024-09-24,16,8452.15,7,3,False,Rejected,0
CLM503718,PH101153,Commercial,Property Damage,Northern Ireland,Branch,2024-12-12,2024-12-19,7,57570.11,5,0,True,Under Review,0
CLM503719,PH101374,Life,Critical Illness,Scotland,Call Center,2024-09-14,2024-09-15,1,208484.88,0,2,True,Rejected,1
CLM503720,PH100562,Auto,Theft,Wales,Online,2024-09-01,2024-09-03,2,7024.51,1,1,False,Approved,1
CLM503721,PH100952,Home,Fire,North East,Mobile App,2023-10-07,2023-10-24,17,6802.14,5,3,True,Approved,0
CLM503722,PH100389,Auto,Third Party,South West,Online,2023-02-20,2023-03-03,11,6795.65,1,0,True,Pending,0
CLM503723,PH100719,Life,Critical Illness,North West,Mobile App,2024-10-28,2024-11-15,18,66396.01,2,2,False,Pending,0
CLM503724,PH101050,Life,Death Benefit,Scotland,Branch,2023-12-22,2024-01-12,21,51498.62,2,1,True,Approved,0
CLM503725,PH100962,Travel,Cancellation,South West,Mobile App,2023-12-22,2023-12-22,0,366.59,0,0,True,Approved,0
CLM503726,PH101392,Travel,Lost Luggage,London,Call Center,2023-08-10,2023-09-07,28,5893.78,5,0,False,Under Review,0
CLM503727,PH100742,Home,Burglary,Northern Ireland,Online,2023-12-16,2023-12-31,15,14473.38,1,1,True,Under Review,0
CLM503728,PH100681,Health,Dental,London,Branch,2024-01-11,2024-01-28,17,3340.71,6,2,False,Approved,0
CLM503729,PH100449,Auto,Theft,Wales,Broker,2024-03-20,2024-03-30,10,1953.85,1,3,True,Approved,0
CLM503730,PH100284,Auto,Windscreen,Wales,Branch,2023-06-19,2023-06-26,7,1887.43,5,1,False,Approved,0
CLM503731,PH101041,Travel,Lost Luggage,South West,Online,2024-06-05,2024-06-14,9,790.03,6,0,False,Pending,0
CLM503732,PH100106,Travel,Delay,Yorkshire,Call Center,2023-08-22,2023-09-04,13,229.34,2,1,False,Approved,0
CLM503733,PH100209,Home,Fire,North West,Branch,2024-10-28,2024-11-25,28,7198.35,5,1,True,Approved,0
CLM503734,PH100349,Commercial,Business Interruption,North East,Mobile App,2023-11-22,2023-12-03,11,45997.51,2,2,False,Rejected,0
CLM503735,PH100820,Health,Hospitalisation,South East,Call Center,2023-09-02,2023-09-26,24,3617.89,6,2,False,Approved,0
CLM503736,PH100362,Auto,Fire,London,Call Center,2023-08-17,2023-09-05,19,7593.5,4,3,True,Approved,0
CLM503737,PH100299,Auto,Windscreen,Yorkshire,Broker,2023-04-17,2023-04-17,0,7784.81,2,1,True,Approved,0
CLM503738,PH100156,Commercial,Liability,North East,Mobile App,2024-05-08,2024-05-27,19,30841.31,1,2,True,Under Review,0
CLM503739,PH100403,Life,Death Benefit,Northern Ireland,Call Center,2023-11-22,2023-12-11,19,97299.86,0,2,True,Approved,0
CLM503740,PH101287,Life,Death Benefit,Yorkshire,Branch,2024-05-08,2024-05-14,6,52408.55,1,2,False,Pending,0
CLM503741,PH101264,Auto,Theft,Midlands,Branch,2024-12-24,2025-01-21,28,1530.71,5,3,False,Pending,0
CLM503742,PH100288,Life,Critical Illness,South East,Call Center,2023-10-08,2023-10-25,17,75369.74,5,2,True,Pending,0
CLM503743,PH101123,Home,Fire,North West,Branch,2024-02-13,2024-02-29,16,6908.92,6,0,True,Approved,0
CLM503744,PH100788,Auto,Third Party,Northern Ireland,Mobile App,2024-05-25,2024-06-04,10,10439.01,5,1,True,Under Review,0
CLM503745,PH101082,Travel,Lost Luggage,North East,Branch,2024-11-24,2024-12-21,27,1183.39,6,0,True,Approved,0
CLM503746,PH100765,Health,Optical,Wales,Branch,2024-03-26,2024-04-09,14,1946.03,2,2,True,Under Review,0
CLM503747,PH100476,Health,Hospitalisation,Midlands,Online,2023-02-12,2023-02-14,2,121.65,4,1,False,Approved,0
CLM503748,PH100896,Auto,Fire,Midlands,Mobile App,2024-03-30,2024-04-10,11,12866.93,6,1,True,Rejected,0
CLM503749,PH100299,Auto,Fire,Yorkshire,Broker,2023-05-04,2023-05-18,14,1706.71,2,1,True,Approved,0
CLM503750,PH100169,Life,Death Benefit,South West,Mobile App,2024-06-03,2024-06-26,23,1664.2,5,0,True,Pending,0
CLM503751,PH100502,Life,Critical Illness,Scotland,Branch,2024-01-21,2024-02-16,26,20842.22,7,2,True,Approved,0
CLM503752,PH100513,Auto,Fire,South East,Branch,2024-06-13,2024-06-22,9,4799.2,6,1,False,Approved,0
CLM503753,PH100522,Home,Fire,Yorkshire,Call Center,2024-12-14,2024-12-15,1,16665.02,1,1,True,Rejected,1
CLM503754,PH100637,Travel,Medical,Wales,Online,2024-08-14,2024-08-31,17,959.04,6,2,True,Approved,0
CLM503755,PH100301,Auto,Collision,North West,Branch,2024-07-09,2024-07-09,0,1206.02,0,2,False,Pending,0
CLM503756,PH100313,Life,Critical Illness,North West,Broker,2023-10-12,2023-11-02,21,47820.02,5,1,False,Pending,0
CLM503757,PH101212,Home,Storm,Wales,Broker,2023-01-28,2023-02-09,12,4626.74,4,0,True,Under Review,0
CLM503758,PH100237,Auto,Fire,Northern Ireland,Online,2023-11-19,2023-11-20,1,2225.67,4,2,True,Approved,0
CLM503759,PH101002,Auto,Theft,London,Broker,2023-01-10,2023-02-05,26,4921.78,5,3,True,Under Review,0
CLM503760,PH101460,Commercial,Liability,South East,Mobile App,2024-02-05,2024-02-07,2,37883.8,5,1,True,Approved,0
CLM503761,PH100256,Life,Critical Illness,South East,Branch,2023-07-17,2023-08-03,17,37155.29,7,1,True,Approved,0
CLM503762,PH101237,Home,Storm,South East,Online,2023-06-24,2023-07-15,21,6320.17,0,3,True,Under Review,0
CLM503763,PH101364,Life,Critical Illness,Midlands,Online,2023-08-18,2023-09-13,26,82096.73,5,2,False,Approved,0
CLM503764,PH100971,Commercial,Business Interruption,Northern Ireland,Call Center,2024-02-25,2024-03-17,21,34375.45,1,3,True,Approved,0
CLM503765,PH100094,Home,Accidental Damage,Northern Ireland,Online,2023-07-20,2023-08-12,23,8023.06,4,2,False,Rejected,0
CLM503766,PH101303,Home,Accidental Damage,London,Online,2023-09-13,2023-09-29,16,3599.38,2,0,False,Under Review,0
CLM503767,PH100137,Life,Death Benefit,Wales,Online,2024-10-22,2024-11-08,17,64718.19,5,0,False,Pending,0
CLM503768,PH100717,Home,Fire,North West,Mobile App,2023-09-15,2023-10-07,22,3328.77,2,1,True,Approved,0
CLM503769,PH100563,Travel,Medical,North East,Branch,2024-06-17,2024-07-01,14,398.21,5,2,False,Approved,0
CLM503770,PH101425,Home,Fire,Yorkshire,Mobile App,2024-07-24,2024-07-31,7,1003.33,1,1,True,Approved,0
CLM503771,PH101004,Home,Flood,Yorkshire,Online,2024-03-25,2024-03-26,1,23462.23,2,0,True,Rejected,0
CLM503772,PH101182,Auto,Theft,South East,Call Center,2024-09-12,2024-09-12,0,1925.25,5,3,True,Pending,0
CLM503773,PH101034,Home,Storm,Wales,Online,2023-04-20,2023-05-14,24,4636.13,1,3,False,Under Review,0
CLM503774,PH100938,Life,Critical Illness,North East,Branch,2023-01-29,2023-02-08,10,16240.15,2,3,True,Approved,0
CLM503775,PH100594,Commercial,Liability,North West,Branch,2024-11-13,2024-11-15,2,8573.8,7,2,False,Under Review,1
CLM503776,PH101491,Health,Outpatient,South East,Online,2024-01-12,2024-01-12,0,1324.47,0,2,True,Rejected,0
CLM503777,PH100031,Health,Dental,North West,Broker,2024-01-10,2024-01-13,3,3671.09,1,1,True,Approved,0
CLM503778,PH100708,Commercial,Liability,Wales,Broker,2024-10-24,2024-11-20,27,16798.68,6,0,True,Rejected,0
CLM503779,PH100655,Health,Outpatient,Wales,Branch,2023-05-29,2023-06-01,3,4990.03,7,1,False,Pending,0
CLM503780,PH101022,Auto,Theft,Midlands,Call Center,2023-11-22,2023-12-13,21,1081.05,6,3,True,Under Review,0
CLM503781,PH100328,Commercial,Liability,Scotland,Branch,2023-12-12,2024-01-06,25,57207.16,4,0,True,Approved,0
CLM503782,PH100696,Auto,Third Party,Scotland,Mobile App,2024-11-06,2024-11-18,12,2474.67,0,3,True,Pending,0
CLM503783,PH100784,Commercial,Property Damage,Northern Ireland,Call Center,2024-08-24,2024-08-24,0,3356.72,0,1,True,Approved,0
CLM503784,PH101122,Life,Death Benefit,Northern Ireland,Online,2024-01-14,2024-01-21,7,12647.4,5,3,True,Rejected,0
CLM503785,PH100934,Health,Hospitalisation,South East,Mobile App,2023-01-28,2023-02-14,17,4749.25,4,3,True,Approved,0
CLM503786,PH100521,Travel,Cancellation,Scotland,Mobile App,2023-12-31,2024-01-09,9,816.2,6,1,True,Pending,0
CLM503787,PH100499,Travel,Delay,Wales,Mobile App,2023-09-10,2023-09-20,10,1172.5,2,2,True,Pending,0
CLM503788,PH101451,Home,Burglary,North West,Call Center,2023-12-21,2024-01-17,27,5824.59,0,1,True,Approved,0
CLM503789,PH100827,Travel,Cancellation,Midlands,Call Center,2023-01-21,2023-02-13,23,350.92,0,2,True,Pending,0
CLM503790,PH100735,Life,Critical Illness,North West,Mobile App,2023-07-05,2023-07-22,17,4685.74,4,3,True,Under Review,0
CLM503791,PH101064,Travel,Medical,North East,Online,2023-11-24,2023-12-16,22,683.54,6,0,True,Rejected,0
CLM503792,PH101150,Health,Outpatient,Scotland,Branch,2023-04-21,2023-05-20,29,957.14,6,2,False,Pending,0
CLM503793,PH101245,Travel,Lost Luggage,North West,Branch,2023-10-25,2023-11-15,21,2957.21,0,3,False,Approved,0
CLM503794,PH100478,Commercial,Business Interruption,Wales,Branch,2023-03-16,2023-03-18,2,133834.19,4,3,False,Pending,1
CLM503795,PH100933,Life,Critical Illness,North East,Branch,2023-07-21,2023-07-26,5,84206.0,0,2,True,Under Review,0
CLM503796,PH100858,Auto,Collision,Scotland,Mobile App,2024-09-30,2024-10-01,1,7877.06,5,0,True,Approved,1
CLM503797,PH100645,Health,Outpatient,Midlands,Mobile App,2023-08-25,2023-09-21,27,4797.08,2,1,False,Rejected,0
CLM503798,PH101069,Life,Death Benefit,South East,Broker,2024-10-22,2024-11-09,18,53331.79,2,0,True,Approved,0
CLM503799,PH101166,Travel,Medical,Wales,Call Center,2024-09-01,2024-09-30,29,421.11,3,2,True,Approved,0
CLM503800,PH100206,Health,Outpatient,Northern Ireland,Branch,2024-10-16,2024-11-10,25,2647.47,6,1,True,Pending,0
CLM503801,PH100791,Auto,Windscreen,South East,Branch,2024-03-12,2024-03-27,15,2731.57,0,2,True,Approved,0
CLM503802,PH101290,Home,Fire,London,Call Center,2024-10-04,2024-10-06,2,6496.53,5,1,True,Approved,0
CLM503803,PH100415,Home,Accidental Damage,Wales,Call Center,2023-10-17,2023-11-10,24,12939.6,4,1,True,Approved,0
CLM503804,PH100986,Health,Optical,Scotland,Online,2024-10-05,2024-10-10,5,3426.31,5,2,True,Pending,0
CLM503805,PH100361,Home,Storm,North East,Online,2024-07-11,2024-07-18,7,3237.06,0,1,True,Under Review,0
CLM503806,PH101049,Auto,Theft,Wales,Branch,2023-06-26,2023-07-05,9,10070.66,5,2,True,Approved,0
CLM503807,PH100469,Commercial,Property Damage,Yorkshire,Mobile App,2023-01-15,2023-01-25,10,13805.95,0,3,True,Under Review,0
CLM503808,PH101039,Commercial,Property Damage,Scotland,Mobile App,2024-08-31,2024-09-01,1,,7,0,True,Approved,0
CLM503809,PH100352,Commercial,Liability,South East,Branch,2023-02-07,2023-02-13,6,53876.2,2,1,True,Approved,0
CLM503810,PH100681,Home,Flood,London,Mobile App,2024-03-17,2024-04-09,23,4346.05,2,0,True,Pending,0
CLM503811,PH101424,Life,Critical Illness,Scotland,Online,2024-05-24,2024-06-14,21,29321.24,1,2,True,Approved,0
CLM503812,PH100429,Auto,Theft,Scotland,Broker,2024-01-15,2024-02-13,29,8757.94,0,0,True,Approved,0
CLM503813,PH100803,Health,Dental,London,Mobile App,2023-12-01,2023-12-12,11,3879.75,4,1,False,Approved,0
CLM503814,PH100322,Auto,Windscreen,North East,Online,2024-05-16,2024-06-12,27,4785.56,6,3,True,Approved,0
CLM503815,PH101427,Health,Optical,Wales,Branch,2023-03-30,2023-04-04,5,288.91,2,1,True,Approved,0
CLM503816,PH100582,Travel,Cancellation,North West,Call Center,2024-01-26,2024-01-26,0,1225.79,7,0,True,Approved,0
CLM503817,PH100294,Auto,Theft,South East,Online,2023-05-31,2023-06-10,10,,0,2,False,Approved,0
CLM503818,PH100636,Home,Flood,Midlands,Branch,2023-12-11,2023-12-25,14,2669.61,6,2,True,Pending,0
CLM503819,PH101374,Health,Optical,Scotland,Online,2024-06-18,2024-07-11,23,2982.73,7,0,True,Approved,0
CLM503820,PH101485,Commercial,Business Interruption,Scotland,Broker,2023-03-16,2023-04-14,29,26133.33,0,3,True,Approved,0
CLM503821,PH101312,Auto,Windscreen,Scotland,Broker,2023-06-25,2023-07-02,7,5319.38,5,2,True,Approved,0
CLM503822,PH100994,Auto,Theft,Midlands,Branch,2023-12-07,2023-12-11,4,3135.37,7,2,False,Under Review,0
CLM503823,PH100935,Home,Accidental Damage,Yorkshire,Branch,2023-03-01,2023-03-25,24,6721.73,5,1,True,Approved,0
CLM503824,PH100750,Health,Optical,Midlands,Broker,2024-01-17,2024-02-15,29,2057.6,1,3,True,Pending,0
CLM503825,PH100721,Home,Flood,Midlands,Branch,2024-12-19,2025-01-11,23,1826.92,7,1,True,Pending,0
CLM503826,PH100608,Auto,Collision,South West,Online,2023-02-20,2023-03-11,19,5269.72,1,0,False,Approved,0
CLM503827,PH101015,Auto,Theft,South East,Mobile App,2024-08-17,2024-09-03,17,5197.48,6,1,False,Approved,0
CLM503828,PH101410,Auto,Collision,South East,Branch,2023-06-02,2023-06-25,23,4216.98,3,2,False,Approved,0
CLM503829,PH101279,Travel,Lost Luggage,Yorkshire,Online,2023-09-20,2023-10-18,28,782.51,5,2,True,Approved,0
CLM503830,PH100686,Home,Burglary,South East,Branch,2023-11-06,2023-12-01,25,7899.65,1,3,True,Approved,0
CLM503831,PH100951,Health,Outpatient,North West,Broker,2023-05-23,2023-05-26,3,3925.31,4,3,True,Rejected,0
CLM503832,PH100488,Health,Dental,Wales,Online,2023-09-09,2023-09-10,1,1853.49,7,1,False,Under Review,0
CLM503833,PH100625,Home,Accidental Damage,North East,Call Center,2023-07-27,2023-08-06,10,5581.92,7,2,True,Under Review,0
CLM503834,PH100730,Commercial,Business Interruption,North East,Online,2023-01-24,2023-02-13,20,19120.68,1,1,False,Approved,0
CLM503835,PH101296,Health,Outpatient,Wales,Branch,2023-02-18,2023-02-27,9,1293.21,4,0,False,Approved,0
CLM503836,PH101224,Travel,Delay,North East,Mobile App,2024-03-24,2024-04-04,11,1121.19,5,0,True,Pending,0
CLM503837,PH101246,Life,Critical Illness,North West,Online,2024-08-13,2024-09-05,23,43695.25,7,2,False,Approved,0
CLM503838,PH101303,Life,Critical Illness,London,Mobile App,2023-12-04,2023-12-06,2,97791.11,5,2,False,Approved,0
CLM503839,PH100743,Health,Dental,Wales,Online,2023-08-22,2023-09-14,23,760.87,0,2,True,Approved,0
CLM503840,PH101401,Travel,Cancellation,South East,Mobile App,2024-12-26,2024-12-30,4,696.59,0,3,True,Under Review,0
CLM503841,PH100449,Health,Hospitalisation,Wales,Branch,2023-08-25,2023-09-12,18,2115.46,4,3,True,Pending,0
CLM503842,PH101359,Travel,Delay,Northern Ireland,Online,2024-11-23,2024-11-23,0,1045.14,4,3,True,Rejected,1
CLM503843,PH100538,Travel,Lost Luggage,Midlands,Broker,2023-02-19,2023-03-04,13,1277.87,7,1,True,Approved,0
CLM503844,PH100304,Commercial,Property Damage,South East,Broker,2024-03-27,2024-04-20,24,32207.06,4,1,False,Approved,0
CLM503845,PH100951,Health,Optical,North West,Online,2023-03-21,2023-03-28,7,3184.75,5,3,True,Rejected,0
CLM503846,PH101437,Travel,Medical,Northern Ireland,Branch,2023-08-11,2023-09-04,24,977.71,3,0,True,Approved,0
CLM503847,PH100282,Commercial,Property Damage,Northern Ireland,Mobile App,2023-04-20,2023-04-21,1,117639.53,0,1,False,Rejected,1
CLM503848,PH100134,Auto,Theft,  NORTH EAST ,Mobile App,2024-05-20,2024-06-07,18,2632.02,1,0,True,Pending,0
CLM503849,PH100040,Health,Hospitalisation,Scotland,Online,2023-02-14,2023-03-09,23,1008.31,4,3,False,Under Review,0
CLM503850,PH101432,Home,Burglary,Yorkshire,Mobile App,2023-12-17,2023-12-17,0,8769.85,5,3,False,Approved,1
CLM503851,PH101168,Auto,Theft,Midlands,Broker,2024-01-06,2024-01-22,16,3523.3,1,2,True,Approved,0
CLM503852,PH100069,Commercial,Property Damage,London,Online,2024-03-18,2024-03-31,13,30059.8,6,0,True,Approved,0
CLM503853,PH101183,Life,Critical Illness,Yorkshire,Broker,2024-01-28,2024-02-10,13,2896.0,7,3,False,Approved,0
CLM503854,PH100475,Auto,Third Party,North West,Branch,2024-05-27,2024-06-05,9,4225.19,1,3,True,Pending,0
CLM503855,PH100175,Auto,Collision,Midlands,Branch,2023-08-20,2023-09-13,24,4419.32,2,2,True,Approved,0
CLM503856,PH100957,Life,Death Benefit,North East,Call Center,2024-07-21,2024-07-26,5,110672.46,5,3,True,Rejected,0
CLM503857,PH100121,Health,Outpatient,Northern Ireland,Broker,2023-09-02,2023-09-03,1,4778.58,7,3,True,Pending,0
CLM503858,PH100645,Auto,Third Party,Midlands,Branch,2024-09-26,2024-10-11,15,1350.3,3,0,True,Under Review,0
CLM503859,PH100632,Travel,Cancellation,London,Call Center,2023-12-04,2023-12-07,3,1109.03,6,3,True,Under Review,0
CLM503860,PH100797,Health,Outpatient,London,Online,2023-03-29,2023-04-09,11,2589.24,4,3,True,Pending,0
CLM503861,PH101203,Auto,Windscreen,South East,Online,2023-12-06,2023-12-29,23,6606.7,7,0,True,Approved,0
CLM503862,PH101167,Home,Accidental Damage,South East,Online,2024-01-29,2024-02-10,12,5424.12,2,1,True,Approved,0
CLM503863,PH100010,Travel,Medical,Scotland,Branch,2024-03-28,2024-04-08,11,1230.3,5,1,False,Approved,0
CLM503864,PH101267,Commercial,Property Damage,Northern Ireland,Call Center,2023-08-13,2023-08-24,11,26090.89,7,1,False,Approved,0
CLM503865,PH100210,Auto,Theft,Northern Ireland,Online,2024-02-01,2024-02-03,2,12235.5,3,3,False,Under Review,1
CLM503866,PH101369,Life,Death Benefit,Midlands,Broker,2024-05-16,2024-05-26,10,69832.89,0,0,True,Under Review,0
CLM503867,PH100740,Travel,Delay,North West,Branch,2023-07-15,2023-07-31,16,2028.71,1,2,True,Approved,0
CLM503868,PH100828,Health,Hospitalisation,South West,Broker,2024-09-20,2024-10-19,29,1476.32,2,2,True,Under Review,0
CLM503869,PH100516,Home,Flood,South East,Online,2024-11-26,2024-12-06,10,4816.49,5,3,True,Approved,0
CLM503870,PH100030,Travel,Delay,North East,Branch,2023-02-18,2023-02-21,3,1688.24,0,3,True,Under Review,0
CLM503871,PH101122,Auto,Windscreen,Northern Ireland,Broker,2023-09-15,2023-09-29,14,9804.63,1,3,False,Approved,0
CLM503872,PH100316,Life,Critical Illness,South West,Branch,2024-02-18,2024-02-21,3,101200.75,0,1,True,Approved,0
CLM503873,PH101121,Commercial,Business Interruption,Northern Ireland,Call Center,2024-09-12,2024-10-06,24,29472.26,4,0,True,Approved,0
CLM503874,PH100601,Life,Critical Illness,South West,Broker,2024-10-10,2024-11-08,29,17213.59,0,1,False,Pending,0
CLM503875,PH100198,Commercial,Business Interruption,Northern Ireland,Call Center,2023-10-17,2023-10-28,11,42810.66,1,1,True,Approved,0
CLM503876,PH101080,Travel,Cancellation,Northern Ireland,Mobile App,2023-06-10,2023-07-08,28,544.32,4,3,False,Approved,0
CLM503877,PH101364,Home,Flood,Midlands,Online,2024-12-04,2024-12-10,6,482.92,0,3,False,Rejected,0
CLM503878,PH100160,Auto,Windscreen,South East,Mobile App,2023-10-15,2023-11-06,22,2327.45,7,3,False,Pending,0
CLM503879,PH101168,Auto,Theft,Midlands,Online,2024-02-06,2024-02-21,15,1899.59,1,1,True,Approved,0
CLM503880,PH100621,Home,Fire,North West,Online,2024-07-12,2024-08-04,23,5555.05,1,0,False,Approved,0
CLM503881,PH101363,Life,Death Benefit,Northern Ireland,Online,2023-06-22,2023-06-27,5,48404.78,2,2,True,Approved,0
CLM503882,PH100806,Travel,Lost Luggage,South East,Mobile App,2024-05-20,2024-06-12,23,1035.7,0,2,False,Approved,0
CLM503883,PH100989,Life,Critical Illness,Wales,Online,2023-02-01,2023-02-03,2,101093.14,5,3,True,Under Review,1
CLM503884,PH100378,Home,Flood,Yorkshire,Call Center,2024-11-16,2024-12-12,26,6055.82,4,2,True,Approved,0
CLM503885,PH100542,Auto,Collision,London,Mobile App,2023-07-02,2023-07-02,0,6693.31,4,1,True,Approved,0
CLM503886,PH100942,Life,Critical Illness,Northern Ireland,Online,2024-03-21,2024-04-05,15,54276.32,5,2,True,Approved,0
CLM503887,PH101074,Life,Critical Illness,Scotland,Branch,2023-03-13,2023-03-30,17,14400.3,7,0,True,Under Review,0
CLM503888,PH101330,Auto,Theft,South East,Branch,2023-04-25,2023-05-07,12,2108.14,0,3,False,Pending,0
CLM503889,PH100944,Auto,Third Party,South East,Branch,2023-12-29,2024-01-14,16,2066.89,4,3,True,Approved,0
CLM503890,PH100011,Home,Fire,Midlands,Mobile App,2024-11-24,2024-12-11,17,12430.03,6,1,False,Pending,0
CLM503891,PH100934,Auto,Collision,South East,Branch,2024-09-19,2024-10-13,24,6880.2,6,2,True,Approved,0
CLM503892,PH101480,Life,Death Benefit,Wales,Mobile App,2024-11-10,2024-12-02,22,27361.54,7,3,False,Under Review,0
CLM503893,PH101184,Home,Fire,London,Online,2023-06-11,2023-06-11,0,10154.78,6,2,True,Pending,0
CLM503894,PH101262,Life,Death Benefit,North West,Online,2023-08-16,2023-09-06,21,17691.91,1,0,True,Approved,0
CLM503895,PH100864,Health,Outpatient,South West,Branch,2024-08-28,2024-09-21,24,,4,1,False,Approved,0
CLM503896,PH100024,Life,Death Benefit,Scotland,Broker,2024-10-29,2024-11-27,29,71341.21,6,2,True,Approved,0
CLM503897,PH100982,Commercial,Business Interruption,South West,Branch,2024-01-07,2024-01-07,0,4050.42,3,1,False,Approved,0
CLM503898,PH101109,Commercial,Property Damage,Scotland,Online,2023-05-04,2023-05-05,1,19157.9,2,2,False,Rejected,1
CLM503899,PH100072,Life,Death Benefit,North West,Mobile App,2024-11-11,2024-12-07,26,79556.76,0,0,False,Rejected,0
CLM503900,PH100360,Auto,Collision,Northern Ireland,Branch,2024-05-03,2024-05-25,22,4181.99,5,2,False,Approved,0
CLM503901,PH100090,Commercial,Business Interruption,Scotland,Call Center,2023-10-27,2023-11-13,17,11717.43,6,0,False,Approved,0
CLM503902,PH100744,Home,Storm,North West,Mobile App,2023-03-08,2023-03-13,5,,1,2,False,Approved,0
CLM503903,PH100464,Travel,Delay,Scotland,Mobile App,2023-07-15,2023-07-21,6,2743.48,7,0,False,Approved,0
CLM503904,PH101437,Home,Accidental Damage,Northern Ireland,Branch,2024-10-10,2024-10-13,3,2722.37,2,1,True,Approved,0
CLM503905,PH101492,Health,Dental,South West,Branch,2024-10-09,2024-10-25,16,1691.77,5,2,True,Under Review,0
CLM503906,PH101435,Home,Burglary,Northern Ireland,Broker,2023-07-10,2023-08-04,25,2508.14,0,0,False,Under Review,0
CLM503907,PH100398,Home,Fire,London,Branch,2024-07-07,2024-07-08,1,16684.52,5,1,True,Under Review,0
CLM503908,PH101264,Travel,Cancellation,Midlands,Mobile App,2023-10-07,2023-10-15,8,65.47,6,1,True,Approved,0
CLM503909,PH100586,Travel,Lost Luggage,Wales,Call Center,2024-05-12,2024-06-09,28,704.14,3,1,False,Rejected,0
CLM503910,PH100677,Travel,Medical,North East,Broker,2024-04-14,2024-05-10,26,3793.99,1,3,True,Rejected,0
CLM503911,PH100458,Home,Accidental Damage,Yorkshire,Online,2024-11-15,2024-12-07,22,3353.32,5,0,True,Rejected,0
CLM503912,PH100060,Health,Hospitalisation,North West,Broker,2024-05-03,2024-05-08,5,1455.31,6,1,True,Approved,0
CLM503913,PH101341,Auto,Third Party,Wales,Online,2023-11-08,2023-11-22,14,7141.68,0,0,False,Approved,0
CLM503914,PH100112,Home,Fire,London,Mobile App,2024-09-30,2024-10-02,2,14918.06,5,0,True,Under Review,0
CLM503915,PH100658,Commercial,Liability,Scotland,Online,2024-05-09,2024-06-06,28,39393.17,6,0,True,Approved,0
CLM503916,PH100008,Auto,Fire,South West,Online,2023-10-12,2023-11-04,23,2260.16,3,1,False,Under Review,0
CLM503917,PH100912,Commercial,Liability,South East,Broker,2023-03-07,2023-03-17,10,10910.79,5,2,True,Rejected,0
CLM503918,PH100423,Home,Storm,Scotland,Mobile App,2023-06-11,2023-06-14,3,4002.28,6,2,True,Pending,0
CLM503919,PH100919,Travel,Cancellation,South West,Mobile App,2023-12-14,2023-12-21,7,454.41,0,0,False,Under Review,0
CLM503920,PH100834,Home,Storm,South East,Online,2024-08-28,2024-09-15,18,1649.59,4,1,True,Approved,0
CLM503921,PH100916,Commercial,Liability,London,Call Center,2024-02-05,2024-02-07,2,51083.21,7,1,True,Under Review,0
CLM503922,PH100385,Auto,Third Party,North West,Branch,2024-06-04,2024-06-10,6,3957.79,4,0,True,Approved,0
CLM503923,PH100825,Health,Outpatient,Northern Ireland,Call Center,2023-01-05,2023-01-19,14,7834.7,6,0,True,Rejected,0
CLM503924,PH100045,Auto,Windscreen,Yorkshire,Call Center,2023-01-23,2023-02-11,19,734.38,3,2,True,Rejected,0
CLM503925,PH100513,Health,Optical,South East,Branch,2024-11-24,2024-12-15,21,2821.69,6,1,True,Approved,0
CLM503926,PH100543,Travel,Lost Luggage,North East,Online,2023-11-01,2023-11-30,29,1327.88,0,0,False,Approved,0
CLM503927,PH101403,Health,Outpatient,Northern Ireland,Online,2023-11-06,2023-11-20,14,3654.01,4,3,False,Pending,0
CLM503928,PH100951,Life,Critical Illness,North West,Online,2024-10-25,2024-11-15,21,137265.19,2,2,True,Approved,0
CLM503929,PH100987,Auto,Third Party,London,Call Center,2023-12-13,2023-12-27,14,1615.53,6,2,True,Approved,0
CLM503930,PH100049,Travel,Cancellation,North East,Call Center,2023-12-22,2024-01-11,20,1816.79,7,1,False,Approved,0
CLM503931,PH101315,Commercial,Property Damage,North West,Call Center,2024-10-24,2024-11-21,28,8095.11,7,0,True,Approved,0
CLM503932,PH100293,Home,Fire,North West,Branch,2023-09-17,2023-10-12,25,11558.69,3,2,True,Rejected,0
CLM503933,PH100665,Auto,Windscreen,Wales,Call Center,2023-01-14,2023-02-07,24,6258.51,4,0,False,Under Review,0
CLM503934,PH101106,Travel,Medical,South East,Online,2024-12-08,2024-12-28,20,4888.54,0,2,True,Approved,0
CLM503935,PH100101,Life,Critical Illness,South East,Mobile App,2024-10-11,2024-11-03,23,39488.69,0,1,True,Approved,0
CLM503936,PH101228,Health,Hospitalisation,Scotland,Mobile App,2023-03-17,2023-03-24,7,3216.86,4,3,False,Approved,0
CLM503937,PH100882,Home,Accidental Damage,Midlands,Broker,2024-04-25,2024-04-29,4,4304.66,2,1,False,Approved,0
CLM503938,PH101248,Home,Storm,Northern Ireland,Branch,2023-07-31,2023-08-19,19,1714.82,0,2,True,Under Review,0
CLM503939,PH100523,Life,Death Benefit,South East,Branch,2024-03-16,2024-04-11,26,7645.52,7,3,False,Approved,0
CLM503940,PH101200,Auto,Collision,South West,Broker,2024-03-17,2024-04-09,23,4057.52,2,0,True,Pending,0
CLM503941,PH100981,Auto,Third Party,London,Mobile App,2024-08-04,2024-08-24,20,6325.47,3,0,True,Approved,0
CLM503942,PH101281,Travel,Cancellation,Yorkshire,Broker,2023-12-17,2023-12-28,11,967.39,1,3,True,Approved,0
CLM503943,PH101364,Health,Hospitalisation,Midlands,Broker,2024-01-03,2024-01-10,7,1873.92,2,2,False,Under Review,0
CLM503944,PH101050,Travel,Medical,Scotland,Mobile App,2024-05-28,2024-06-06,9,840.41,0,3,True,Pending,0
CLM503945,PH100361,Life,Critical Illness,North East,Online,2024-01-22,2024-01-26,4,30987.69,4,3,True,Rejected,0
CLM503946,PH100926,Home,Storm,Midlands,Online,2024-01-15,2024-02-12,28,2803.76,4,1,True,Pending,0
CLM503947,PH100603,Health,Hospitalisation,South West,Mobile App,2024-10-22,2024-10-22,0,1749.19,4,1,True,Approved,0
CLM503948,PH101213,Commercial,Property Damage,North East,Call Center,2023-09-07,2023-09-30,23,3735.76,6,2,True,Approved,0
CLM503949,PH100400,Commercial,Property Damage,Yorkshire,Call Center,2023-07-04,2023-07-28,24,6954.87,7,0,True,Pending,0
CLM503950,PH100132,Home,Flood,North East,Broker,2023-01-06,2023-01-19,13,9241.56,0,2,True,Approved,0
CLM503951,PH100550,Life,Death Benefit,Wales,Online,2023-01-08,2023-02-01,24,23182.66,7,2,False,Approved,0
CLM503952,PH100672,Travel,Delay,Midlands,Broker,2023-09-28,2023-10-19,21,179.69,0,1,False,Approved,0
CLM503953,PH101404,Health,Outpatient,North West,Call Center,2024-06-03,2024-06-16,13,4285.89,2,1,False,Approved,0
CLM503954,PH100683,Health,Optical,Midlands,Online,2023-10-07,2023-10-07,0,3576.39,4,0,False,Approved,0
CLM503955,PH100186,Health,Optical,North East,Online,2024-10-01,2024-10-19,18,3534.53,3,0,False,Approved,0
CLM503956,PH100690,Commercial,Business Interruption,Wales,Call Center,2023-06-23,2023-07-19,26,10729.21,0,0,False,Approved,0
CLM503957,PH101198,Auto,Windscreen,Northern Ireland,Branch,2024-09-01,2024-09-28,27,2362.64,6,0,True,Approved,0
CLM503958,PH101115,Commercial,Property Damage,Wales,Branch,2023-11-24,2023-11-25,1,27145.79,0,2,True,Approved,0
CLM503959,PH100892,Home,Fire,Wales,Online,2024-09-19,2024-10-10,21,4328.7,5,2,True,Approved,0
CLM503960,PH100977,Commercial,Business Interruption,Northern Ireland,Mobile App,2024-10-19,2024-10-21,2,3848.14,4,1,False,Approved,0
CLM503961,PH100817,Life,Critical Illness,Yorkshire,Online,2024-12-05,2025-01-01,27,94181.98,7,1,True,Pending,0
CLM503962,PH100386,Auto,Windscreen,North East,Online,2023-11-08,2023-11-09,1,7291.45,1,0,False,Under Review,1
CLM503963,PH100383,Travel,Cancellation,  NORTHERN IRELAND ,Online,2024-02-29,2024-03-19,19,3029.31,7,0,False,Approved,0
CLM503964,PH101358,Travel,Medical,South West,Mobile App,2023-04-16,2023-05-10,24,1777.54,4,0,False,Approved,0
CLM503965,PH100779,Commercial,Business Interruption,Wales,Online,2023-07-11,2023-07-11,0,105491.46,7,3,True,Under Review,1
CLM503966,PH101314,Auto,Windscreen,North East,Online,2024-02-27,2024-02-28,1,9036.64,0,0,False,Approved,1
CLM503967,PH101344,Commercial,Liability,Scotland,Mobile App,2024-07-13,2024-07-14,1,52606.6,4,0,False,Approved,0
CLM503968,PH100519,Health,Optical,Northern Ireland,Broker,2024-10-13,2024-10-18,5,2015.03,7,1,True,Approved,0
CLM503969,PH101315,Home,Flood,North West,Online,2024-01-08,2024-01-10,2,11849.87,4,3,False,Under Review,1
CLM503970,PH100738,Travel,Medical,South West,Branch,2023-10-14,2023-11-01,18,1282.04,1,2,True,Approved,0
CLM503971,PH100799,Travel,Cancellation,London,Mobile App,2023-01-05,2023-01-25,20,1089.28,7,2,False,Under Review,0
CLM503972,PH100028,Home,Accidental Damage,North West,Mobile App,2023-10-12,2023-10-14,2,6254.37,2,1,True,Approved,0
CLM503973,PH100730,Life,Death Benefit,North East,Branch,2023-12-20,2024-01-13,24,53433.82,0,3,False,Pending,0
CLM503974,PH101240,Commercial,Business Interruption,Scotland,Broker,2023-09-23,2023-10-18,25,54441.59,2,0,True,Approved,0
CLM503975,PH100835,Home,Storm,North East,Online,2024-07-25,2024-07-25,0,9890.59,4,3,True,Approved,0
CLM503976,PH100646,Commercial,Property Damage,  SOUTH WEST ,Online,2024-07-21,2024-08-08,18,20693.72,4,0,True,Rejected,0
CLM503977,PH100485,Home,Burglary,London,Mobile App,2023-09-09,2023-10-06,27,17799.48,1,0,True,Under Review,0
CLM503978,PH100993,Travel,Lost Luggage,North West,Branch,2024-04-01,2024-04-10,9,2163.0,1,3,False,Approved,0
CLM503979,PH100036,Commercial,Liability,Yorkshire,Call Center,2023-10-24,2023-10-28,4,16652.8,1,2,False,Approved,0
CLM503980,PH100307,Commercial,Property Damage,South East,Call Center,2023-04-07,2023-05-06,29,20552.32,3,2,False,Approved,0
CLM503981,PH101461,Travel,Delay,Scotland,Branch,2024-03-24,2024-04-03,10,642.7,4,2,True,Pending,0
CLM503982,PH100561,Life,Critical Illness,South East,Call Center,2024-03-11,2024-03-12,1,,2,1,True,Approved,0
CLM503983,PH100009,Travel,Lost Luggage,Yorkshire,Online,2024-01-18,2024-02-12,25,586.22,2,2,False,Pending,0
CLM503984,PH100194,Life,Critical Illness,North East,Mobile App,2023-09-10,2023-09-22,12,29554.08,0,1,False,Rejected,0
CLM503985,PH100274,Commercial,Property Damage,North West,Broker,2023-05-18,2023-06-09,22,38700.21,5,3,True,Rejected,0
CLM503986,PH100988,Travel,Delay,Wales,Online,2023-08-20,2023-09-05,16,590.1,7,3,True,Under Review,0
CLM503987,PH101300,Home,Storm,North West,Broker,2024-05-15,2024-06-07,23,8124.83,0,2,True,Under Review,0
CLM503988,PH101322,Life,Death Benefit,Wales,Call Center,2023-05-15,2023-05-31,16,18681.96,6,2,False,Pending,0
CLM503989,PH101021,Auto,Third Party,  LONDON ,Broker,2023-09-25,2023-10-08,13,5105.88,0,1,True,Approved,0
CLM503990,PH100340,Travel,Lost Luggage,Midlands,Mobile App,2023-04-19,2023-05-13,24,3036.4,5,1,False,Approved,0
CLM503991,PH100949,Commercial,Liability,South East,Mobile App,2024-08-29,2024-09-02,4,8284.88,1,0,True,Approved,0
CLM503992,PH100791,Life,Critical Illness,South East,Call Center,2024-10-01,2024-10-03,2,90303.48,7,2,False,Pending,1
CLM503993,PH100714,Auto,Fire,North East,Mobile App,2023-09-21,2023-10-17,26,1912.0,1,2,True,Under Review,0
CLM503994,PH101336,Home,Fire,North East,Mobile App,2024-01-12,2024-01-21,9,6896.54,1,3,True,Approved,0
CLM503995,PH101049,Auto,Theft,Wales,Call Center,2024-11-27,2024-12-11,14,,4,3,False,Approved,0
CLM503996,PH100113,Auto,Third Party,Northern Ireland,Mobile App,2023-09-26,2023-09-26,0,11028.16,0,2,True,Under Review,0
CLM503997,PH101131,Travel,Medical,Northern Ireland,Mobile App,2024-06-09,2024-06-20,11,739.09,2,2,True,Approved,0
CLM503998,PH101160,Auto,Third Party,Wales,Branch,2023-02-18,2023-03-06,16,3630.33,4,3,True,Approved,0
CLM503999,PH100389,Commercial,Business Interruption,South West,Call Center,2024-04-06,2024-05-01,25,5954.39,1,3,True,Approved,0
CLM504000,PH101088,Travel,Cancellation,Northern Ireland,Online,2023-09-30,2023-10-03,3,1191.83,3,3,True,Under Review,0
CLM504001,PH100775,Auto,Collision,South East,Broker,2023-09-13,2023-09-29,16,10866.35,6,1,False,Rejected,0
CLM504002,PH100581,Home,Accidental Damage,North East,Mobile App,2024-01-18,2024-02-09,22,14601.74,7,3,False,Approved,0
CLM504003,PH100719,Home,Burglary,North West,Call Center,2024-07-27,2024-08-06,10,2240.37,7,2,False,Approved,0
CLM504004,PH100827,Commercial,Property Damage,Midlands,Branch,2023-07-03,2023-07-03,0,5674.66,3,3,False,Approved,0
CLM504005,PH100395,Home,Burglary,North East,Online,2024-07-24,2024-08-17,24,5181.41,6,0,True,Approved,0
CLM504006,PH100542,Health,Hospitalisation,London,Mobile App,2024-12-01,2024-12-28,27,4352.94,5,3,True,Rejected,0
CLM504007,PH100355,Travel,Lost Luggage,Wales,Branch,2023-05-20,2023-06-08,19,2699.88,6,2,True,Pending,0
CLM504008,PH100984,Life,Critical Illness,Yorkshire,Online,2024-03-09,2024-04-07,29,36728.29,1,3,True,Pending,0
CLM504009,PH100162,Travel,Lost Luggage,South East,Mobile App,2024-09-21,2024-09-25,4,1185.63,7,1,True,Approved,0
CLM504010,PH101472,Auto,Windscreen,Wales,Mobile App,2023-03-08,2023-04-06,29,5668.17,5,0,True,Under Review,0
CLM504011,PH100834,Auto,Windscreen,South East,Broker,2024-05-09,2024-05-27,18,4180.74,4,3,True,Approved,0
CLM504012,PH101402,Health,Hospitalisation,Scotland,Broker,2024-12-03,2024-12-19,16,2251.96,5,1,True,Rejected,0
CLM504013,PH100620,Auto,Collision,Northern Ireland,Mobile App,2024-09-12,2024-09-29,17,11161.17,6,0,True,Under Review,0
CLM504014,PH100323,Life,Critical Illness,South West,Broker,2024-03-25,2024-04-02,8,38695.87,4,2,True,Approved,0
CLM504015,PH100223,Health,Hospitalisation,North East,Mobile App,2023-04-25,2023-05-12,17,2208.46,3,3,True,Under Review,0
CLM504016,PH101394,Commercial,Liability,Midlands,Branch,2023-05-18,2023-06-05,18,25922.75,3,1,True,Approved,0
CLM504017,PH101273,Life,Critical Illness,Scotland,Mobile App,2024-10-15,2024-10-30,15,133148.01,6,1,True,Approved,0
CLM504018,PH100027,Auto,Fire,North East,Broker,2023-04-02,2023-04-02,0,8907.7,0,0,False,Approved,0
CLM504019,PH101240,Health,Outpatient,Scotland,Branch,2024-07-24,2024-07-30,6,7033.48,1,2,True,Approved,0
CLM504020,PH101478,Commercial,Liability,Yorkshire,Branch,2024-12-21,2025-01-13,23,43107.94,5,1,False,Approved,0
CLM504021,PH100639,Commercial,Property Damage,South West,Branch,2023-07-08,2023-07-12,4,45634.37,5,1,True,Approved,0
CLM504022,PH100859,Home,Storm,Wales,Call Center,2023-01-17,2023-02-01,15,5604.85,1,3,True,Approved,0
CLM504023,PH100919,Home,Burglary,South West,Mobile App,2024-02-26,2024-03-18,21,5043.13,1,1,True,Approved,0
CLM504024,PH100113,Auto,Fire,Northern Ireland,Call Center,2023-07-04,2023-07-27,23,6775.85,6,1,False,Approved,0
CLM504025,PH101233,Life,Death Benefit,North West,Broker,2024-03-11,2024-03-29,18,59976.4,2,0,True,Rejected,0
CLM504026,PH101136,Commercial,Property Damage,Northern Ireland,Mobile App,2023-04-11,2023-04-12,1,29286.76,7,2,False,Under Review,0
CLM504027,PH100939,Commercial,Business Interruption,Midlands,Broker,2023-05-05,2023-05-09,4,7793.34,1,0,True,Pending,0
CLM504028,PH101322,Commercial,Business Interruption,Wales,Online,2023-10-16,2023-10-21,5,5902.67,5,3,True,Approved,0
CLM504029,PH101373,Health,Dental,Yorkshire,Mobile App,2024-12-01,2024-12-11,10,1419.75,2,3,True,Under Review,0
CLM504030,PH100260,Life,Critical Illness,Wales,Call Center,2024-07-19,2024-08-17,29,1094.81,5,0,True,Approved,0
CLM504031,PH100033,Home,Storm,South East,Branch,2024-01-06,2024-01-24,18,5632.35,5,0,False,Approved,0
CLM504032,PH101189,Home,Storm,Northern Ireland,Call Center,2023-05-20,2023-06-17,28,7918.91,5,1,True,Approved,0
CLM504033,PH100651,Commercial,Liability,London,Branch,2024-06-26,2024-07-24,28,4376.42,4,0,True,Pending,0
CLM504034,PH100131,Life,Critical Illness,Wales,Branch,2024-02-12,2024-03-06,23,37839.95,6,0,False,Approved,0
CLM504035,PH101440,Health,Outpatient,Scotland,Mobile App,2024-10-06,2024-11-01,26,1443.8,3,1,True,Approved,0
CLM504036,PH100867,Life,Critical Illness,Yorkshire,Broker,2024-09-02,2024-09-17,15,35157.27,4,3,True,Rejected,0
CLM504037,PH100174,Home,Flood,Northern Ireland,Broker,2023-05-19,2023-05-24,5,7497.49,1,0,False,Under Review,0
CLM504038,PH101425,Commercial,Liability,Yorkshire,Branch,2024-08-06,2024-08-06,0,14851.92,7,0,False,Approved,0
CLM504039,PH100176,Travel,Medical,South West,Online,2023-08-23,2023-09-10,18,155.74,2,3,True,Approved,0
CLM504040,PH101165,Commercial,Property Damage,South West,Online,2024-03-20,2024-03-25,5,30052.24,1,3,True,Approved,0
CLM504041,PH100110,Auto,Third Party,Midlands,Broker,2023-08-09,2023-09-01,23,2333.61,6,0,True,Pending,0
CLM504042,PH101300,Travel,Lost Luggage,North West,Online,2024-10-05,2024-10-08,3,2192.99,2,3,True,Approved,0
CLM504043,PH100745,Home,Accidental Damage,Northern Ireland,Mobile App,2023-12-26,2024-01-04,9,22925.46,2,2,True,Approved,0
CLM504044,PH101214,Home,Flood,South West,Broker,2023-09-14,2023-10-06,22,3870.2,7,1,False,Approved,0
CLM504045,PH101244,Auto,Collision,Scotland,Call Center,2023-12-19,2023-12-20,1,1965.24,3,1,True,Approved,0
CLM504046,PH100265,Auto,Third Party,South West,Branch,2023-01-19,2023-02-12,24,6494.9,3,2,True,Approved,0
CLM504047,PH100577,Travel,Lost Luggage,Yorkshire,Online,2023-04-01,2023-04-02,1,982.7,3,1,True,Approved,0
CLM504048,PH100233,Commercial,Liability,London,Online,2024-05-20,2024-05-27,7,14550.62,0,0,False,Under Review,0
CLM504049,PH100475,Commercial,Liability,North West,Mobile App,2024-06-26,2024-07-20,24,24118.73,4,0,True,Approved,0
CLM504050,PH100637,Auto,Third Party,Wales,Call Center,2023-05-12,2023-05-17,5,1164.38,4,2,True,Pending,0
CLM504051,PH101138,Life,Death Benefit,Yorkshire,Broker,2023-08-15,2023-08-27,12,78844.51,6,1,True,Approved,0
CLM504052,PH100567,Life,Death Benefit,South East,Mobile App,2023-09-15,2023-10-09,24,141380.13,3,1,True,Approved,0
CLM504053,PH100051,Commercial,Liability,South East,Online,2024-07-24,2024-08-05,12,13526.82,3,0,True,Approved,0
CLM504054,PH100827,Commercial,Liability,Midlands,Online,2023-08-26,2023-09-21,26,12230.22,1,2,True,Approved,0
CLM504055,PH101170,Home,Burglary,Scotland,Online,2023-02-14,2023-03-03,17,19696.99,7,1,True,Pending,0
CLM504056,PH100898,Travel,Delay,Scotland,Call Center,2024-06-17,2024-07-14,27,2485.47,5,2,True,Approved,0
CLM504057,PH100584,Life,Death Benefit,North East,Broker,2024-12-05,2024-12-31,26,24691.81,7,1,True,Approved,0
CLM504058,PH100051,Life,Critical Illness,South East,Online,2023-06-06,2023-06-14,8,62285.44,2,1,True,Under Review,0
CLM504059,PH100979,Auto,Third Party,South East,Broker,2024-10-12,2024-11-10,29,822.1,4,1,True,Rejected,0
CLM504060,PH100847,Auto,Theft,Scotland,Broker,2023-07-12,2023-07-30,18,1629.7,4,1,True,Approved,0
CLM504061,PH100571,Health,Hospitalisation,Yorkshire,Online,2024-08-12,2024-08-18,6,1045.38,1,1,False,Approved,0
CLM504062,PH100743,Home,Burglary,Wales,Online,2024-12-14,2024-12-30,16,7406.47,3,1,True,Pending,0
CLM504063,PH100354,Auto,Fire,Northern Ireland,Branch,2024-09-09,2024-09-19,10,6794.76,0,2,False,Under Review,0
CLM504064,PH101231,Health,Dental,Northern Ireland,Mobile App,2024-08-18,2024-08-26,8,2666.54,4,3,False,Pending,0
CLM504065,PH101161,Home,Burglary,Scotland,Online,2024-08-26,2024-08-28,2,4967.42,2,3,False,Pending,0
CLM504066,PH100789,Auto,Collision,Scotland,Mobile App,2023-02-22,2023-02-26,4,2609.53,1,3,True,Approved,0
CLM504067,PH100831,Commercial,Business Interruption,North West,Call Center,2024-07-18,2024-07-22,4,31210.06,0,3,True,Pending,0
CLM504068,PH100789,Commercial,Business Interruption,Scotland,Call Center,2023-05-04,2023-05-06,2,8803.5,0,3,True,Rejected,0
CLM504069,PH100510,Commercial,Property Damage,Northern Ireland,Branch,2024-12-26,2025-01-15,20,15023.29,3,0,True,Pending,0
CLM504070,PH101188,Auto,Theft,London,Online,2024-06-14,2024-07-04,20,853.82,3,2,True,Approved,0
CLM504071,PH100998,Travel,Delay,North East,Branch,2023-10-16,2023-10-24,8,737.85,4,0,False,Approved,0
CLM504072,PH100060,Life,Critical Illness,North West,Branch,2023-02-25,2023-03-09,12,104182.18,3,3,True,Approved,0
CLM504073,PH101034,Auto,Collision,Wales,Branch,2024-07-28,2024-08-17,20,2731.49,1,3,True,Rejected,0
CLM504074,PH101013,Auto,Windscreen,Wales,Branch,2024-05-09,2024-05-13,4,10510.49,7,2,True,Approved,0
CLM504075,PH100972,Health,Outpatient,South East,Mobile App,2024-04-04,2024-04-24,20,2730.26,4,3,True,Pending,0
CLM504076,PH101279,Life,Critical Illness,Yorkshire,Call Center,2023-07-20,2023-07-21,1,36889.44,7,3,False,Approved,0
CLM504077,PH100027,Life,Critical Illness,North East,Online,2023-07-29,2023-08-27,29,55789.86,5,0,False,Approved,0
CLM504078,PH101266,Home,Flood,Scotland,Branch,2023-11-01,2023-11-01,0,9044.23,4,0,True,Approved,0
CLM504079,PH100455,Travel,Lost Luggage,Yorkshire,Mobile App,2024-08-22,2024-08-27,5,,5,1,False,Rejected,0
CLM504080,PH100657,Travel,Delay,Northern Ireland,Online,2023-09-15,2023-09-15,0,976.4,7,2,False,Rejected,1
CLM504081,PH100557,Travel,Cancellation,Scotland,Mobile App,2023-03-07,2023-03-10,3,976.11,3,2,True,Approved,0
CLM504082,PH100205,Travel,Lost Luggage,South West,Broker,2024-02-08,2024-02-22,14,560.25,0,0,False,Approved,0
CLM504083,PH100506,Life,Death Benefit,Yorkshire,Online,2024-12-10,2024-12-16,6,17846.12,1,1,True,Pending,0
CLM504084,PH101324,Life,Death Benefit,Northern Ireland,Broker,2023-10-28,2023-11-01,4,126709.28,2,3,True,Rejected,0
CLM504085,PH100465,Auto,Theft,North East,Broker,2023-08-12,2023-08-28,16,695.59,6,3,True,Approved,0
CLM504086,PH100740,Health,Outpatient,North West,Call Center,2024-07-03,2024-07-31,28,4146.0,2,1,True,Approved,0
CLM504087,PH101467,Auto,Windscreen,Northern Ireland,Mobile App,2023-03-13,2023-04-09,27,1057.57,1,1,True,Approved,0
CLM504088,PH101238,Life,Death Benefit,North East,Online,2024-05-14,2024-05-15,1,40669.39,4,0,False,Approved,0
CLM504089,PH101255,Home,Burglary,Scotland,Branch,2023-05-28,2023-06-09,12,817.81,5,3,True,Approved,0
CLM504090,PH100706,Home,Accidental Damage,South East,Online,2024-08-11,2024-08-11,0,10591.22,0,3,True,Approved,0
CLM504091,PH101012,Life,Death Benefit,South West,Mobile App,2023-08-24,2023-09-03,10,11869.48,7,0,False,Approved,0
CLM504092,PH100639,Health,Optical,South West,Broker,2023-01-09,2023-01-18,9,1097.83,5,3,True,Rejected,0
CLM504093,PH100431,Auto,Third Party,North East,Broker,2024-11-05,2024-11-12,7,4980.71,5,1,True,Approved,0
CLM504094,PH100862,Commercial,Business Interruption,North West,Broker,2023-04-25,2023-05-18,23,37242.0,5,0,True,Approved,0
CLM504095,PH100215,Travel,Lost Luggage,North West,Branch,2024-01-09,2024-02-03,25,563.22,3,0,False,Pending,0
CLM504096,PH100653,Health,Dental,Midlands,Broker,2024-12-27,2025-01-13,17,928.79,7,0,True,Approved,0
CLM504097,PH100897,Life,Critical Illness,London,Mobile App,2024-05-31,2024-06-20,20,49445.98,4,1,True,Approved,0
CLM504098,PH101229,Travel,Medical,London,Branch,2024-12-16,2024-12-30,14,1904.02,5,2,False,Approved,0
CLM504099,PH101077,Travel,Lost Luggage,South West,Branch,2024-07-03,2024-07-09,6,1371.28,0,2,True,Approved,0
CLM504100,PH101222,Auto,Third Party,Yorkshire,Online,2023-05-22,2023-06-03,12,9025.03,3,2,False,Approved,0
CLM504101,PH101228,Life,Death Benefit,Scotland,Broker,2024-05-17,2024-06-14,28,49704.32,7,3,True,Approved,0
CLM504102,PH101478,Travel,Cancellation,Yorkshire,Call Center,2023-03-04,2023-03-22,18,784.63,6,2,False,Approved,0
CLM504103,PH100431,Life,Death Benefit,North East,Broker,2023-07-08,2023-08-04,27,41678.54,6,1,True,Pending,0
CLM504104,PH101217,Commercial,Property Damage,Scotland,Broker,2023-07-29,2023-08-27,29,31437.21,5,0,True,Approved,0
CLM504105,PH100778,Commercial,Property Damage,Northern Ireland,Online,2024-01-17,2024-02-09,23,13344.79,2,3,True,Under Review,0
CLM504106,PH101299,Life,Death Benefit,London,Branch,2024-01-26,2024-01-26,0,19732.6,6,2,False,Approved,0
CLM504107,PH100762,Auto,Windscreen,Midlands,Online,2023-02-01,2023-02-19,18,3339.84,0,0,False,Approved,0
CLM504108,PH100887,Auto,Windscreen,South East,Call Center,2024-09-05,2024-09-25,20,944.62,4,0,False,Approved,0
CLM504109,PH100935,Life,Critical Illness,Yorkshire,Online,2024-06-13,2024-07-08,25,33483.96,5,2,True,Approved,0
CLM504110,PH101059,Travel,Medical,Midlands,Mobile App,2023-10-28,2023-11-01,4,385.3,4,0,False,Approved,0
CLM504111,PH100615,Health,Dental,Wales,Mobile App,2023-09-11,2023-09-11,0,2647.13,2,3,False,Approved,1
CLM504112,PH101013,Health,Outpatient,Wales,Online,2024-10-04,2024-10-06,2,,1,3,True,Approved,0
CLM504113,PH100516,Commercial,Property Damage,South East,Mobile App,2023-08-18,2023-08-25,7,28920.93,2,2,True,Approved,0
CLM504114,PH101041,Auto,Collision,South West,Mobile App,2023-07-30,2023-08-20,21,890.45,7,3,True,Approved,0
CLM504115,PH100851,Life,Death Benefit,London,Online,2023-08-10,2023-09-07,28,136188.56,4,1,True,Pending,0
CLM504116,PH100257,Travel,Cancellation,South East,Broker,2024-11-14,2024-12-06,22,782.21,7,0,True,Approved,0
CLM504117,PH100909,Health,Hospitalisation,Northern Ireland,Online,2024-04-13,2024-04-15,2,547.72,3,2,True,Pending,0
CLM504118,PH101125,Health,Outpatient,Midlands,Call Center,2023-09-24,2023-10-08,14,2123.07,2,3,True,Approved,0
CLM504119,PH100209,Home,Accidental Damage,North West,Broker,2023-03-30,2023-04-08,9,,1,0,True,Rejected,0
CLM504120,PH101235,Travel,Lost Luggage,London,Call Center,2023-06-26,2023-07-06,10,5015.66,3,3,True,Approved,0
CLM504121,PH101275,Life,Critical Illness,North East,Branch,2024-04-29,2024-05-14,15,18539.49,4,1,True,Rejected,0
CLM504122,PH100523,Commercial,Liability,South East,Mobile App,2024-05-13,2024-05-18,5,23108.24,2,1,False,Pending,0
CLM504123,PH100828,Auto,Collision,South West,Branch,2023-07-21,2023-07-23,2,10247.96,0,3,False,Under Review,1
CLM504124,PH101102,Life,Critical Illness,South East,Mobile App,2024-01-01,2024-01-13,12,49890.04,3,3,True,Under Review,0
CLM504125,PH100306,Auto,Fire,North West,Branch,2024-07-01,2024-07-27,26,4850.13,7,3,True,Approved,0
CLM504126,PH101265,Commercial,Business Interruption,Northern Ireland,Call Center,2024-09-03,2024-09-04,1,55472.91,4,1,False,Approved,1
CLM504127,PH100979,Life,Critical Illness,South East,Broker,2024-03-22,2024-04-13,22,85800.67,5,0,True,Approved,0
CLM504128,PH100482,Travel,Cancellation,North East,Online,2024-02-02,2024-02-04,2,1656.62,0,0,False,Under Review,1
CLM504129,PH100199,Home,Fire,North West,Online,2024-11-05,2024-11-22,17,3055.0,2,1,True,Approved,0
CLM504130,PH101190,Auto,Fire,Wales,Broker,2024-04-13,2024-05-08,25,2883.9,0,3,True,Pending,0
CLM504131,PH100270,Life,Death Benefit,South East,Call Center,2024-10-01,2024-10-17,16,56403.83,7,3,False,Pending,0
CLM504132,PH101239,Travel,Delay,North West,Call Center,2024-08-15,2024-08-24,9,2572.91,7,2,True,Approved,0
CLM504133,PH101313,Life,Critical Illness,London,Mobile App,2023-10-17,2023-10-30,13,17112.53,5,2,True,Approved,0
CLM504134,PH101243,Commercial,Business Interruption,London,Call Center,2024-05-25,2024-06-11,17,19869.68,5,0,True,Approved,0
CLM504135,PH101152,Auto,Collision,Northern Ireland,Call Center,2023-08-30,2023-09-28,29,10344.3,3,0,True,Under Review,0
CLM504136,PH100866,Commercial,Business Interruption,Midlands,Online,2024-11-12,2024-11-12,0,9425.42,5,1,True,Approved,0
CLM504137,PH100133,Commercial,Business Interruption,London,Mobile App,2024-10-04,2024-10-06,2,107882.54,2,1,False,Rejected,1
CLM504138,PH100448,Auto,Collision,South West,Branch,2023-03-25,2023-03-28,3,4635.53,3,3,True,Approved,0
CLM504139,PH101138,Health,Outpatient,Yorkshire,Broker,2023-07-07,2023-07-12,5,2004.3,2,0,True,Approved,0
CLM504140,PH101120,Commercial,Property Damage,North East,Mobile App,2024-08-21,2024-08-21,0,37911.72,6,2,False,Approved,1
CLM504141,PH100575,Health,Dental,South West,Call Center,2024-07-26,2024-08-24,29,489.59,2,1,False,Approved,0
CLM504142,PH100365,Home,Burglary,North East,Online,2023-09-16,2023-09-27,11,8504.13,6,0,True,Approved,0
CLM504143,PH100170,Life,Critical Illness,South West,Broker,2023-02-20,2023-03-16,24,165014.34,4,3,True,Rejected,0
CLM504144,PH100718,Commercial,Property Damage,South West,Online,2024-11-29,2024-11-30,1,174019.88,4,2,False,Pending,1
CLM504145,PH100920,Auto,Theft,Northern Ireland,Broker,2024-09-30,2024-10-05,5,6032.88,6,3,True,Under Review,0
CLM504146,PH101052,Commercial,Business Interruption,North East,Call Center,2024-09-04,2024-09-11,7,24412.51,6,3,True,Approved,0
CLM504147,PH100744,Home,Accidental Damage,North West,Call Center,2024-09-18,2024-09-29,11,13790.86,0,1,True,Pending,0
CLM504148,PH100281,Auto,Theft,North East,Branch,2023-01-02,2023-01-06,4,2259.94,5,3,True,Under Review,0
CLM504149,PH100247,Life,Critical Illness,London,Online,2024-03-24,2024-04-20,27,21053.16,6,1,True,Rejected,0
CLM504150,PH100575,Travel,Medical,South West,Mobile App,2023-07-16,2023-08-13,28,2059.34,1,2,True,Approved,0
CLM504151,PH101008,Home,Flood,South East,Call Center,2024-09-19,2024-10-01,12,1494.64,4,3,True,Approved,0
CLM504152,PH100922,Auto,Fire,Wales,Branch,2023-03-30,2023-04-05,6,6184.29,6,1,True,Approved,0
CLM504153,PH101052,Travel,Lost Luggage,North East,Broker,2023-03-25,2023-03-27,2,1336.02,0,0,False,Approved,0
CLM504154,PH101060,Auto,Windscreen,South East,Call Center,2023-09-12,2023-09-24,12,1091.3,6,2,False,Approved,0
CLM504155,PH101069,Auto,Fire,South East,Online,2023-01-27,2023-02-23,27,1718.33,2,2,False,Approved,0
CLM504156,PH100531,Health,Dental,London,Call Center,2023-07-10,2023-07-20,10,2650.19,7,0,True,Under Review,0
CLM504157,PH100274,Life,Death Benefit,North West,Broker,2024-03-01,2024-03-02,1,35646.52,6,2,False,Rejected,1
CLM504158,PH100444,Travel,Medical,Northern Ireland,Branch,2024-09-14,2024-10-04,20,2702.76,0,2,True,Pending,0
CLM504159,PH101062,Auto,Windscreen,South West,Broker,2024-12-13,2024-12-31,18,5632.14,1,2,True,Approved,0
CLM504160,PH100226,Auto,Windscreen,Midlands,Broker,2024-03-12,2024-04-04,23,9160.63,4,1,True,Approved,0
CLM504161,PH100330,Home,Flood,South West,Branch,2024-10-26,2024-11-01,6,11822.28,6,2,True,Approved,0
CLM504162,PH101186,Life,Critical Illness,North West,Mobile App,2023-11-22,2023-12-19,27,94556.7,0,0,False,Approved,0
CLM504163,PH100985,Health,Dental,Scotland,Broker,2023-08-23,2023-08-24,1,2908.65,5,1,False,Approved,0
CLM504164,PH101148,Life,Death Benefit,Yorkshire,Branch,2023-06-23,2023-07-05,12,130821.93,1,1,True,Approved,0
CLM504165,PH101205,Travel,Lost Luggage,Yorkshire,Branch,2023-10-14,2023-10-16,2,8302.11,4,2,False,Pending,1
CLM504166,PH100806,Life,Death Benefit,South East,Branch,2023-07-02,2023-07-09,7,62467.23,1,1,True,Approved,0
CLM504167,PH100178,Auto,Theft,North West,Mobile App,2023-03-01,2023-03-09,8,1013.39,4,1,True,Under Review,0
CLM504168,PH100169,Home,Accidental Damage,South West,Online,2024-08-20,2024-09-14,25,2042.33,0,0,True,Approved,0
CLM504169,PH100338,Auto,Windscreen,Yorkshire,Call Center,2023-03-01,2023-03-20,19,3654.55,7,1,True,Approved,0
CLM504170,PH101359,Home,Flood,Northern Ireland,Online,2023-01-29,2023-02-23,25,1701.28,0,1,False,Approved,0
CLM504171,PH100828,Auto,Collision,South West,Branch,2024-03-24,2024-04-08,15,9229.27,0,2,True,Approved,0
CLM504172,PH100713,Travel,Medical,North West,Online,2023-04-11,2023-04-13,2,2271.28,6,2,False,Rejected,1
CLM504173,PH100198,Auto,Windscreen,Northern Ireland,Call Center,2024-09-02,2024-09-10,8,1707.53,1,2,False,Approved,0
CLM504174,PH100127,Health,Outpatient,Northern Ireland,Branch,2024-12-12,2024-12-31,19,1522.89,5,2,True,Pending,0
CLM504175,PH100789,Travel,Delay,Scotland,Broker,2023-07-10,2023-08-05,26,942.0,4,3,True,Pending,0
CLM504176,PH101322,Home,Flood,Wales,Online,2023-08-13,2023-09-10,28,1259.9,5,2,True,Pending,0
CLM504177,PH100895,Home,Fire,Northern Ireland,Broker,2023-01-28,2023-02-21,24,18220.52,2,0,False,Approved,0
CLM504178,PH100826,Home,Burglary,Scotland,Mobile App,2024-09-14,2024-09-16,2,3937.65,5,3,True,Approved,1
CLM504179,PH101101,Life,Death Benefit,Northern Ireland,Call Center,2023-01-16,2023-02-07,22,16948.84,6,0,False,Approved,0
CLM504180,PH101090,Commercial,Liability,North East,Mobile App,2024-06-25,2024-07-12,17,19005.95,5,1,True,Under Review,0
CLM504181,PH101218,Life,Death Benefit,Midlands,Call Center,2023-02-13,2023-03-05,20,133829.54,3,2,False,Under Review,0
CLM504182,PH100627,Health,Dental,North West,Call Center,2023-07-29,2023-08-21,23,3490.26,7,3,True,Approved,0
CLM504183,PH101293,Home,Storm,London,Mobile App,2023-09-29,2023-10-01,2,11664.06,5,1,True,Approved,0
CLM504184,PH100957,Health,Optical,North East,Mobile App,2024-01-08,2024-01-24,16,,7,2,True,Approved,0
CLM504185,PH101455,Commercial,Property Damage,London,Online,2023-03-12,2023-03-12,0,46899.2,6,0,False,Under Review,1
CLM504186,PH101358,Travel,Lost Luggage,South West,Broker,2023-07-21,2023-08-14,24,1913.61,4,1,True,Pending,0
CLM504187,PH100740,Health,Outpatient,North West,Branch,2024-01-02,2024-01-08,6,4763.7,7,2,False,Pending,0
CLM504188,PH101292,Commercial,Property Damage,Wales,Branch,2024-08-22,2024-08-23,1,39233.37,0,1,False,Approved,0
CLM504189,PH100539,Travel,Cancellation,Yorkshire,Call Center,2023-04-17,2023-05-10,23,732.52,7,1,True,Approved,0
CLM504190,PH100718,Life,Death Benefit,South West,Branch,2024-10-09,2024-10-14,5,47289.45,5,0,True,Approved,0
CLM504191,PH101440,Commercial,Liability,Scotland,Call Center,2024-02-12,2024-02-12,0,12432.95,1,2,False,Approved,0
CLM504192,PH101031,Commercial,Property Damage,Midlands,Online,2023-02-14,2023-02-15,1,23409.06,1,2,True,Rejected,1
CLM504193,PH100120,Commercial,Liability,South West,Mobile App,2024-08-27,2024-09-03,7,30581.52,2,1,False,Approved,0
CLM504194,PH100655,Commercial,Liability,Wales,Mobile App,2023-11-24,2023-12-22,28,19399.38,0,3,False,Approved,0
CLM504195,PH100082,Auto,Theft,North West,Call Center,2024-09-27,2024-10-11,14,1622.44,0,2,True,Under Review,0
CLM504196,PH101110,Travel,Medical,London,Mobile App,2024-05-23,2024-05-28,5,1304.37,4,3,True,Rejected,0
CLM504197,PH100516,Commercial,Property Damage,South East,Mobile App,2024-07-31,2024-08-03,3,31522.23,2,3,False,Approved,0
CLM504198,PH101414,Home,Fire,Wales,Online,2024-01-13,2024-02-04,22,9723.58,2,1,False,Approved,0
CLM504199,PH100301,Home,Burglary,North West,Online,2023-12-07,2023-12-16,9,4283.39,0,0,True,Approved,0
CLM504200,PH100039,Home,Storm,South East,Online,2024-02-17,2024-03-08,20,3647.46,4,0,False,Under Review,0
CLM504201,PH100705,Commercial,Liability,Midlands,Online,2023-02-26,2023-03-26,28,24785.14,0,2,True,Rejected,0
CLM504202,PH101479,Life,Critical Illness,Midlands,Call Center,2024-02-05,2024-03-01,25,53168.1,6,2,True,Approved,0
CLM504203,PH101339,Travel,Medical,Midlands,Call Center,2024-01-26,2024-02-11,16,3144.76,2,1,True,Approved,0
CLM504204,PH101124,Auto,Windscreen,North East,Branch,2024-08-20,2024-09-16,27,11166.56,1,3,True,Approved,0
CLM504205,PH101208,Commercial,Property Damage,North West,Call Center,2023-09-22,2023-10-16,24,31416.1,3,0,True,Pending,0
CLM504206,PH100610,Travel,Cancellation,Midlands,Call Center,2024-12-10,2024-12-29,19,2652.81,6,0,False,Under Review,0
CLM504207,PH101089,Life,Critical Illness,Northern Ireland,Mobile App,2024-03-19,2024-03-19,0,26621.09,6,3,False,Rejected,1
CLM504208,PH101375,Life,Death Benefit,Midlands,Call Center,2024-01-31,2024-02-06,6,56469.98,6,0,False,Approved,0
CLM504209,PH100903,Health,Hospitalisation,London,Broker,2024-07-14,2024-07-15,1,3807.97,2,2,True,Under Review,1
CLM504210,PH101210,Home,Storm,South East,Mobile App,2023-08-26,2023-08-28,2,6143.9,6,3,True,Approved,0
CLM504211,PH100296,Life,Critical Illness,North West,Mobile App,2024-10-04,2024-10-11,7,29394.39,0,2,True,Approved,0
CLM504212,PH100789,Health,Hospitalisation,Scotland,Branch,2023-09-14,2023-10-03,19,3699.43,5,1,True,Approved,0
CLM504213,PH100980,Health,Optical,Wales,Branch,2024-12-16,2025-01-05,20,1327.15,5,1,True,Pending,0
CLM504214,PH101142,Commercial,Property Damage,South East,Online,2023-12-28,2024-01-10,13,29856.52,0,3,True,Approved,0
CLM504215,PH101043,Health,Dental,South East,Broker,2023-07-13,2023-08-09,27,6509.57,1,3,True,Pending,0
CLM504216,PH100983,Health,Hospitalisation,South West,Call Center,2023-09-12,2023-10-10,28,165.14,7,0,False,Approved,0
CLM504217,PH100507,Commercial,Property Damage,Yorkshire,Online,2024-02-15,2024-02-17,2,117746.75,6,1,False,Rejected,1
CLM504218,PH100336,Auto,Theft,Midlands,Call Center,2023-03-05,2023-03-31,26,1646.04,6,1,True,Approved,0
CLM504219,PH100129,Commercial,Liability,North East,Mobile App,2023-12-14,2023-12-27,13,17322.38,3,3,True,Under Review,0
CLM504220,PH100866,Commercial,Business Interruption,  MIDLANDS ,Online,2023-08-25,2023-09-14,20,41842.38,6,1,False,Rejected,0
CLM504221,PH100372,Life,Critical Illness,Scotland,Broker,2024-05-24,2024-06-21,28,40516.67,5,2,True,Approved,0
CLM504222,PH101064,Travel,Medical,North East,Broker,2023-07-09,2023-07-27,18,1221.65,5,3,True,Approved,0
CLM504223,PH100880,Health,Optical,Yorkshire,Call Center,2023-08-22,2023-09-10,19,5809.49,0,3,True,Under Review,0
CLM504224,PH101141,Life,Death Benefit,Yorkshire,Online,2024-10-22,2024-10-27,5,54167.75,1,0,False,Approved,0
CLM504225,PH100828,Life,Critical Illness,South West,Online,2023-05-18,2023-05-22,4,77263.05,1,2,True,Approved,0
CLM504226,PH100816,Home,Flood,Wales,Mobile App,2023-08-11,2023-08-31,20,2947.62,4,0,True,Under Review,0
CLM504227,PH100615,Home,Accidental Damage,Wales,Branch,2023-11-26,2023-12-06,10,10053.6,7,3,False,Under Review,0
CLM504228,PH101476,Auto,Windscreen,Northern Ireland,Broker,2024-11-02,2024-11-24,22,2840.71,5,1,False,Approved,0
CLM504229,PH100398,Home,Accidental Damage,London,Mobile App,2023-06-23,2023-07-13,20,4442.54,5,1,True,Under Review,0
CLM504230,PH101005,Home,Storm,Northern Ireland,Mobile App,2023-04-28,2023-05-19,21,4837.22,1,1,True,Under Review,0
CLM504231,PH100604,Auto,Collision,Northern Ireland,Broker,2023-11-12,2023-11-13,1,2367.7,3,0,False,Under Review,0
CLM504232,PH101002,Health,Optical,London,Call Center,2024-07-31,2024-08-01,1,2114.99,1,0,True,Approved,0
CLM504233,PH101342,Commercial,Property Damage,Wales,Broker,2024-03-01,2024-03-03,2,41294.69,6,0,False,Rejected,0
CLM504234,PH100871,Travel,Lost Luggage,South East,Online,2023-05-18,2023-05-26,8,4817.44,4,0,True,Approved,0
CLM504235,PH101232,Commercial,Property Damage,South West,Broker,2023-06-12,2023-07-06,24,36963.09,3,0,False,Approved,0
CLM504236,PH100147,Commercial,Property Damage,Yorkshire,Call Center,2024-10-28,2024-11-06,9,28980.96,1,3,True,Pending,0
CLM504237,PH101347,Health,Outpatient,South East,Online,2024-07-30,2024-08-03,4,,5,3,False,Approved,0
CLM504238,PH100026,Life,Death Benefit,South East,Mobile App,2023-07-15,2023-07-15,0,23550.05,4,3,True,Pending,0
CLM504239,PH101273,Home,Flood,Scotland,Call Center,2023-04-29,2023-05-20,21,9547.87,1,3,False,Under Review,0
CLM504240,PH100981,Travel,Lost Luggage,London,Online,2023-01-08,2023-01-18,10,1680.86,7,0,True,Rejected,0
CLM504241,PH100684,Health,Dental,Northern Ireland,Branch,2024-09-03,2024-09-10,7,2246.07,4,2,True,Approved,0
CLM504242,PH100308,Life,Critical Illness,London,Online,2024-11-03,2024-11-15,12,50360.73,6,0,True,Pending,0
CLM504243,PH101016,Commercial,Liability,North West,Broker,2024-06-30,2024-07-24,24,5081.02,7,1,False,Pending,0
CLM504244,PH100621,Health,Outpatient,North West,Broker,2023-01-28,2023-01-28,0,1275.13,5,3,True,Approved,0
CLM504245,PH100153,Health,Hospitalisation,North East,Mobile App,2024-12-18,2025-01-05,18,1969.31,0,3,True,Pending,0
CLM504246,PH101466,Commercial,Business Interruption,North East,Branch,2023-12-06,2024-01-03,28,27437.01,6,0,True,Approved,0
CLM504247,PH100042,Home,Flood,Scotland,Broker,2023-02-14,2023-02-27,13,4565.32,2,3,False,Approved,0
CLM504248,PH101406,Health,Optical,North West,Broker,2024-09-13,2024-10-07,24,2602.8,5,0,True,Pending,0
CLM504249,PH101101,Life,Death Benefit,Northern Ireland,Mobile App,2024-01-10,2024-01-29,19,20157.81,2,2,True,Rejected,0
CLM504250,PH100885,Health,Optical,Wales,Branch,2024-04-28,2024-05-23,25,209.36,6,3,True,Approved,0
CLM504251,PH100755,Home,Storm,Scotland,Online,2023-05-02,2023-05-03,1,13021.35,5,3,True,Under Review,1
CLM504252,PH101368,Auto,Theft,Northern Ireland,Broker,2024-10-22,2024-10-29,7,970.94,5,2,True,Approved,0
CLM504253,PH100737,Commercial,Property Damage,Midlands,Mobile App,2023-12-18,2024-01-02,15,33754.15,1,0,True,Approved,0
CLM504254,PH100137,Life,Critical Illness,Wales,Online,2024-07-23,2024-07-25,2,26020.7,0,2,True,Under Review,0
CLM504255,PH100965,Home,Fire,Yorkshire,Broker,2023-08-21,2023-09-12,22,8537.96,5,2,False,Approved,0
CLM504256,PH100987,Home,Burglary,London,Call Center,2024-04-19,2024-04-29,10,759.96,0,0,True,Approved,0
CLM504257,PH100109,Home,Fire,North West,Mobile App,2024-05-16,2024-05-29,13,6267.85,5,1,True,Approved,0
CLM504258,PH100665,Commercial,Liability,Wales,Mobile App,2024-02-18,2024-03-06,17,14557.72,0,0,True,Approved,0
CLM504259,PH101036,Commercial,Property Damage,South West,Call Center,2023-01-29,2023-02-02,4,,0,0,True,Approved,0
CLM504260,PH101237,Life,Critical Illness,South East,Broker,2023-01-31,2023-02-09,9,83201.79,2,3,False,Approved,0
CLM504261,PH100957,Auto,Windscreen,North East,Mobile App,2024-05-20,2024-05-31,11,743.79,0,2,True,Pending,0
CLM504262,PH100817,Travel,Cancellation,Yorkshire,Broker,2023-12-30,2024-01-06,7,254.37,4,3,True,Approved,0
CLM504263,PH100505,Home,Fire,Yorkshire,Call Center,2023-03-22,2023-04-16,25,23441.08,5,3,False,Approved,0
CLM504264,PH100940,Home,Fire,Midlands,Mobile App,2023-03-30,2023-04-19,20,331.92,7,1,True,Approved,0
CLM504265,PH100702,Health,Optical,North West,Broker,2023-09-28,2023-10-06,8,1993.04,2,0,True,Under Review,0
CLM504266,PH100083,Life,Death Benefit,North West,Branch,2024-03-29,2024-04-16,18,108629.2,4,1,False,Approved,0
CLM504267,PH100162,Auto,Fire,South East,Branch,2023-07-04,2023-07-19,15,3663.71,2,3,False,Pending,0
CLM504268,PH100471,Auto,Third Party,North East,Mobile App,2024-01-24,2024-01-24,0,2826.4,4,0,False,Approved,0
CLM504269,PH100302,Travel,Medical,South West,Call Center,2023-04-14,2023-04-21,7,1328.46,2,3,True,Approved,0
CLM504270,PH101479,Travel,Cancellation,Midlands,Broker,2024-12-05,2024-12-14,9,1342.17,3,1,True,Pending,0
CLM504271,PH101088,Auto,Windscreen,Northern Ireland,Online,2024-11-07,2024-11-28,21,4403.8,4,0,False,Approved,0
CLM504272,PH101243,Home,Flood,London,Mobile App,2024-01-12,2024-01-16,4,5090.57,2,0,True,Pending,0
CLM504273,PH101126,Life,Critical Illness,London,Online,2023-02-28,2023-03-14,14,19588.83,3,3,True,Approved,0
CLM504274,PH100198,Travel,Delay,Northern Ireland,Branch,2024-12-03,2024-12-15,12,234.61,5,0,False,Approved,0
CLM504275,PH101285,Home,Storm,North East,Broker,2023-07-10,2023-07-10,0,5855.97,0,0,False,Approved,0
CLM504276,PH100669,Health,Dental,North West,Branch,2023-10-03,2023-10-26,23,5255.06,3,1,True,Approved,0
CLM504277,PH101431,Travel,Medical,London,Branch,2023-08-13,2023-09-10,28,1590.25,6,3,False,Approved,0
CLM504278,PH101488,Life,Death Benefit,South West,Branch,2024-09-07,2024-09-29,22,23518.67,0,0,True,Pending,0
CLM504279,PH100758,Home,Fire,London,Mobile App,2024-08-30,2024-09-08,9,7877.71,7,2,True,Under Review,0
CLM504280,PH100173,Health,Hospitalisation,Scotland,Online,2024-06-21,2024-06-29,8,1066.77,6,2,False,Under Review,0
CLM504281,PH100575,Travel,Medical,South West,Broker,2023-08-03,2023-08-21,18,1648.18,6,1,True,Approved,0
CLM504282,PH100446,Commercial,Business Interruption,Scotland,Branch,2023-05-12,2023-06-06,25,33081.68,1,2,False,Approved,0
CLM504283,PH101147,Travel,Medical,Yorkshire,Branch,2023-05-03,2023-05-06,3,804.33,0,3,True,Approved,0
CLM504284,PH100974,Home,Storm,London,Mobile App,2024-05-27,2024-06-06,10,3304.87,6,0,False,Under Review,0
CLM504285,PH101488,Travel,Lost Luggage,South West,Branch,2023-07-15,2023-08-04,20,4181.17,4,3,True,Rejected,0
CLM504286,PH100608,Life,Critical Illness,South West,Mobile App,2024-07-12,2024-07-20,8,43751.79,6,1,True,Approved,0
CLM504287,PH100990,Travel,Lost Luggage,North East,Branch,2023-04-29,2023-05-16,17,588.56,4,2,True,Rejected,0
CLM504288,PH100444,Commercial,Business Interruption,Northern Ireland,Mobile App,2024-01-20,2024-02-04,15,41188.43,0,3,True,Approved,0
CLM504289,PH100918,Commercial,Liability,London,Mobile App,2024-01-19,2024-02-06,18,20698.56,7,2,True,Pending,0
CLM504290,PH100620,Commercial,Liability,Northern Ireland,Online,2024-09-14,2024-10-10,26,33363.62,5,1,True,Pending,0
CLM504291,PH100910,Home,Accidental Damage,North West,Branch,2023-10-20,2023-11-14,25,3512.94,6,1,False,Approved,0
CLM504292,PH100412,Commercial,Liability,North West,Broker,2023-05-03,2023-05-13,10,24364.66,5,0,True,Approved,0
CLM504293,PH100677,Life,Critical Illness,North East,Branch,2024-06-09,2024-06-29,20,206894.79,6,0,False,Approved,0
CLM504294,PH100180,Home,Accidental Damage,North West,Online,2023-04-08,2023-04-19,11,1564.83,3,0,True,Approved,0
CLM504295,PH100677,Health,Outpatient,North East,Branch,2023-04-19,2023-04-24,5,2258.06,2,2,True,Approved,0
CLM504296,PH100966,Auto,Fire,North East,Broker,2023-12-16,2024-01-11,26,2623.48,7,1,True,Approved,0
CLM504297,PH100028,Commercial,Liability,North West,Mobile App,2024-08-10,2024-08-22,12,23131.79,0,2,True,Rejected,0
CLM504298,PH101351,Life,Critical Illness,Midlands,Broker,2024-02-17,2024-02-20,3,31471.85,3,0,True,Approved,0
CLM504299,PH100140,Health,Optical,Wales,Broker,2023-02-04,2023-02-21,17,793.83,7,0,True,Approved,0
CLM504300,PH100587,Commercial,Liability,South West,Call Center,2023-08-26,2023-09-19,24,7625.69,7,3,True,Approved,0
CLM504301,PH101039,Home,Fire,Scotland,Mobile App,2024-09-07,2024-09-13,6,3942.06,6,3,False,Approved,0
CLM504302,PH101440,Health,Hospitalisation,Scotland,Mobile App,2023-06-28,2023-07-02,4,2800.4,7,1,False,Pending,0
CLM504303,PH100988,Life,Critical Illness,Wales,Branch,2023-10-26,2023-11-10,15,14619.97,7,1,True,Approved,0
CLM504304,PH100456,Auto,Collision,North East,Online,2024-02-16,2024-02-21,5,10532.85,0,2,False,Approved,0
CLM504305,PH100913,Commercial,Liability,Midlands,Mobile App,2023-11-26,2023-12-24,28,45209.41,7,1,False,Under Review,0
CLM504306,PH100682,Auto,Windscreen,North West,Branch,2023-01-11,2023-01-12,1,1696.17,1,0,True,Approved,0
CLM504307,PH101163,Home,Flood,North West,Branch,2024-02-16,2024-02-24,8,6908.27,3,3,False,Under Review,0
CLM504308,PH100302,Travel,Medical,South West,Broker,2024-07-15,2024-07-27,12,509.36,6,3,False,Approved,0
CLM504309,PH100105,Home,Accidental Damage,Scotland,Call Center,2023-04-30,2023-05-15,15,16234.4,3,1,True,Approved,0
CLM504310,PH101288,Life,Death Benefit,North East,Online,2023-04-07,2023-04-24,17,46732.47,6,0,True,Pending,0
CLM504311,PH101144,Travel,Lost Luggage,South East,Online,2024-03-03,2024-03-17,14,2164.92,0,0,True,Approved,0
CLM504312,PH100789,Travel,Medical,Scotland,Broker,2023-03-18,2023-03-20,2,1468.9,3,2,True,Approved,0
CLM504313,PH100271,Travel,Medical,Wales,Online,2024-10-25,2024-11-05,11,614.53,3,0,True,Approved,0
CLM504314,PH101333,Commercial,Business Interruption,Yorkshire,Mobile App,2023-11-26,2023-12-02,6,3428.09,2,3,True,Approved,0
CLM504315,PH100414,Travel,Lost Luggage,Midlands,Branch,2024-03-27,2024-04-12,16,993.83,1,3,True,Approved,0
CLM504316,PH101309,Travel,Medical,South West,Online,2023-10-19,2023-10-21,2,238.38,2,0,True,Pending,0
CLM504317,PH101090,Commercial,Liability,North East,Mobile App,2024-03-16,2024-04-01,16,37310.93,7,3,False,Pending,0
CLM504318,PH100062,Auto,Third Party,Scotland,Online,2023-07-08,2023-08-01,24,4182.77,7,2,True,Rejected,0
CLM504319,PH100592,Travel,Lost Luggage,Northern Ireland,Branch,2024-12-20,2024-12-24,4,1611.59,2,3,True,Rejected,0
CLM504320,PH100792,Commercial,Liability,North West,Online,2024-06-15,2024-06-18,3,30003.03,1,2,True,Approved,0
CLM504321,PH101147,Home,Burglary,Yorkshire,Broker,2023-11-28,2023-11-30,2,9935.86,5,0,True,Approved,0
CLM504322,PH101234,Health,Dental,North West,Branch,2023-10-20,2023-10-26,6,704.15,3,1,True,Under Review,0
CLM504323,PH100190,Life,Critical Illness,London,Mobile App,2023-07-15,2023-07-30,15,20108.75,3,1,True,Approved,0
CLM504324,PH101326,Home,Flood,Yorkshire,Online,2024-12-05,2024-12-05,0,11052.96,3,1,True,Rejected,1
CLM504325,PH100159,Health,Optical,Yorkshire,Online,2024-04-22,2024-05-06,14,2865.57,6,1,True,Approved,0
CLM504326,PH101001,Health,Outpatient,Yorkshire,Broker,2024-07-18,2024-07-20,2,1488.31,1,0,True,Rejected,0
CLM504327,PH101161,Auto,Fire,Scotland,Call Center,2024-09-05,2024-09-07,2,3400.86,7,0,False,Approved,0
CLM504328,PH101412,Home,Storm,Scotland,Mobile App,2024-09-20,2024-10-04,14,9954.91,7,0,True,Approved,0
CLM504329,PH100932,Commercial,Liability,North East,Branch,2024-02-08,2024-02-22,14,,5,1,True,Pending,0
CLM504330,PH101241,Home,Fire,North West,Online,2024-01-06,2024-01-09,3,5277.05,3,1,True,Rejected,0
CLM504331,PH100078,Auto,Third Party,North West,Branch,2024-06-30,2024-07-21,21,6442.24,0,0,True,Approved,0
CLM504332,PH101489,Health,Outpatient,Scotland,Broker,2023-01-15,2023-02-03,19,3982.8,5,0,True,Approved,0
CLM504333,PH100635,Health,Optical,Wales,Branch,2024-07-22,2024-08-08,17,4938.87,5,3,True,Approved,0
CLM504334,PH101466,Home,Fire,North East,Mobile App,2024-02-19,2024-03-02,12,1932.97,5,1,False,Approved,0
CLM504335,PH100888,Home,Flood,South East,Mobile App,2024-12-29,2025-01-04,6,9719.28,3,3,True,Approved,0
CLM504336,PH100482,Life,Death Benefit,North East,Broker,2024-12-15,2024-12-30,15,74013.68,6,2,False,Approved,0
CLM504337,PH100590,Life,Critical Illness,South East,Mobile App,2024-08-02,2024-08-18,16,10569.42,0,2,True,Approved,0
CLM504338,PH100026,Life,Critical Illness,South East,Online,2024-05-13,2024-06-09,27,87671.88,4,3,True,Approved,0
CLM504339,PH101222,Life,Death Benefit,Yorkshire,Online,2024-12-19,2025-01-15,27,79732.35,3,1,False,Under Review,0
CLM504340,PH100491,Commercial,Liability,South West,Broker,2024-01-08,2024-01-31,23,70955.98,5,1,False,Under Review,0
CLM504341,PH100836,Auto,Collision,South East,Online,2024-08-15,2024-08-20,5,4433.86,3,3,True,Approved,0
CLM504342,PH100117,Home,Flood,South West,Mobile App,2024-09-28,2024-10-09,11,7292.54,7,0,True,Approved,0
CLM504343,PH100285,Commercial,Property Damage,Wales,Mobile App,2024-09-03,2024-09-21,18,16835.94,2,1,True,Approved,0
CLM504344,PH101084,Health,Hospitalisation,Midlands,Broker,2023-04-07,2023-04-21,14,1659.0,4,0,True,Approved,0
CLM504345,PH101186,Auto,Collision,North West,Call Center,2023-08-06,2023-08-14,8,6951.0,3,3,False,Rejected,0
CLM504346,PH101370,Life,Critical Illness,Midlands,Mobile App,2023-10-24,2023-11-10,17,7213.0,2,1,True,Approved,0
CLM504347,PH100432,Health,Outpatient,North West,Broker,2024-04-17,2024-04-20,3,1809.99,5,1,False,Approved,0
CLM504348,PH100742,Travel,Delay,Northern Ireland,Broker,2024-08-24,2024-09-05,12,2396.25,2,1,False,Approved,0
CLM504349,PH101427,Commercial,Property Damage,Wales,Call Center,2023-07-21,2023-08-15,25,5606.7,4,0,True,Pending,0
CLM504350,PH100016,Life,Death Benefit,Midlands,Branch,2024-10-05,2024-10-05,0,175886.32,6,0,True,Rejected,1
CLM504351,PH101103,Auto,Third Party,London,Mobile App,2023-09-09,2023-10-05,26,5714.15,3,0,True,Pending,0
CLM504352,PH100924,Travel,Cancellation,South West,Mobile App,2024-07-26,2024-07-30,4,606.83,4,0,True,Pending,0
CLM504353,PH100899,Travel,Delay,Northern Ireland,Mobile App,2023-06-13,2023-07-01,18,1175.31,7,3,True,Approved,0
CLM504354,PH101121,Commercial,Business Interruption,Northern Ireland,Mobile App,2023-07-01,2023-07-30,29,31862.44,6,1,True,Approved,0
CLM504355,PH100119,Home,Burglary,Yorkshire,Branch,2024-04-25,2024-05-07,12,11207.85,3,2,True,Approved,0
CLM504356,PH101042,Travel,Delay,North East,Mobile App,2024-12-30,2025-01-23,24,2112.44,3,3,True,Approved,0
CLM504357,PH100357,Life,Critical Illness,Yorkshire,Broker,2023-09-17,2023-10-16,29,149231.39,5,3,True,Approved,0
CLM504358,PH100451,Life,Critical Illness,  LONDON ,Call Center,2023-05-08,2023-05-23,15,7362.5,6,1,True,Approved,0
CLM504359,PH101278,Health,Outpatient,North East,Branch,2023-07-29,2023-08-24,26,3908.63,1,0,True,Approved,0
CLM504360,PH100773,Home,Burglary,South East,Mobile App,2024-12-16,2024-12-18,2,8193.96,0,0,False,Pending,1
CLM504361,PH100742,Health,Optical,Northern Ireland,Call Center,2024-11-13,2024-11-26,13,1388.59,1,1,True,Rejected,0
CLM504362,PH101259,Home,Burglary,London,Branch,2024-05-24,2024-05-31,7,3136.77,4,1,True,Pending,0
CLM504363,PH100190,Life,Critical Illness,London,Online,2024-05-09,2024-06-02,24,38245.52,0,3,False,Approved,0
CLM504364,PH100454,Life,Critical Illness,Yorkshire,Mobile App,2023-10-05,2023-10-17,12,20031.58,3,2,True,Rejected,0
CLM504365,PH101430,Health,Dental,Northern Ireland,Broker,2023-08-13,2023-09-04,22,1499.67,7,3,False,Under Review,0
CLM504366,PH100773,Home,Storm,South East,Branch,2024-03-25,2024-04-22,28,8175.29,4,3,True,Approved,0
CLM504367,PH100167,Auto,Fire,North West,Branch,2023-01-02,2023-01-20,18,6241.16,6,2,True,Under Review,0
CLM504368,PH100744,Auto,Collision,North West,Online,2024-11-13,2024-11-19,6,1956.78,5,1,True,Pending,0
CLM504369,PH101082,Home,Accidental Damage,North East,Broker,2023-08-20,2023-08-20,0,1756.46,1,3,False,Approved,0
CLM504370,PH101417,Auto,Fire,South East,Mobile App,2023-06-05,2023-06-24,19,1466.77,7,0,False,Approved,0
CLM504371,PH100368,Life,Critical Illness,Wales,Call Center,2023-05-28,2023-06-22,25,9145.6,2,1,True,Pending,0
CLM504372,PH100380,Home,Burglary,Yorkshire,Mobile App,2023-06-17,2023-06-29,12,459.87,2,0,True,Pending,0
CLM504373,PH100773,Auto,Third Party,South East,Online,2023-12-23,2024-01-02,10,2383.6,1,0,False,Under Review,0
CLM504374,PH100031,Auto,Third Party,North West,Online,2023-09-01,2023-09-09,8,3194.26,7,1,True,Approved,0
CLM504375,PH100685,Travel,Lost Luggage,South East,Online,2024-12-28,2025-01-24,27,505.64,4,2,False,Approved,0
CLM504376,PH101127,Home,Fire,London,Call Center,2024-07-12,2024-08-06,25,1449.26,4,0,True,Approved,0
CLM504377,PH100168,Home,Fire,Yorkshire,Branch,2024-04-01,2024-04-02,1,12879.47,2,1,True,Approved,0
CLM504378,PH101444,Travel,Cancellation,North East,Online,2024-12-30,2024-12-30,0,2112.82,5,3,False,Approved,1
CLM504379,PH100799,Home,Fire,London,Call Center,2024-02-24,2024-03-11,16,7596.64,6,0,True,Approved,0
CLM504380,PH101074,Health,Hospitalisation,Scotland,Mobile App,2023-12-08,2023-12-15,7,4863.61,1,2,True,Approved,0
CLM504381,PH100351,Travel,Medical,Northern Ireland,Broker,2024-10-05,2024-10-31,26,876.71,1,3,False,Pending,0
CLM504382,PH100522,Auto,Windscreen,Yorkshire,Call Center,2023-06-29,2023-07-20,21,3544.35,1,3,True,Pending,0
CLM504383,PH101174,Life,Critical Illness,Wales,Online,2024-07-30,2024-08-17,18,116457.75,3,0,False,Approved,0
CLM504384,PH100367,Home,Flood,North West,Branch,2023-11-14,2023-11-22,8,12426.5,1,1,True,Approved,0
CLM504385,PH100613,Health,Optical,London,Branch,2023-02-22,2023-03-21,27,1423.08,7,2,False,Approved,0
CLM504386,PH100967,Home,Storm,North West,Online,2024-06-17,2024-06-17,0,28766.32,5,0,False,Under Review,1
CLM504387,PH100887,Auto,Collision,South East,Branch,2023-02-12,2023-03-02,18,7626.38,3,2,True,Rejected,0
CLM504388,PH100962,Health,Optical,South West,Mobile App,2023-12-31,2024-01-21,21,3782.84,5,0,True,Under Review,0
CLM504389,PH101013,Health,Hospitalisation,Wales,Online,2024-02-15,2024-03-08,22,6113.44,5,0,True,Approved,0
CLM504390,PH100870,Health,Optical,London,Mobile App,2023-07-15,2023-07-28,13,3503.77,1,1,True,Approved,0
CLM504391,PH100876,Home,Flood,South West,Online,2023-09-07,2023-09-24,17,3230.77,3,2,False,Under Review,0
CLM504392,PH100551,Travel,Delay,Midlands,Broker,2024-06-25,2024-07-04,9,1529.33,2,2,True,Approved,0
CLM504393,PH100383,Auto,Fire,Northern Ireland,Mobile App,2024-01-07,2024-01-09,2,6935.94,7,2,False,Pending,1
CLM504394,PH100358,Health,Dental,South East,Call Center,2023-11-25,2023-12-24,29,,2,0,False,Approved,0
CLM504395,PH101253,Commercial,Liability,Scotland,Branch,2024-11-07,2024-11-22,15,25975.54,1,2,False,Approved,0
CLM504396,PH100148,Commercial,Business Interruption,Northern Ireland,Mobile App,2023-08-12,2023-08-29,17,4673.82,7,3,True,Pending,0
CLM504397,PH101209,Travel,Cancellation,South West,Branch,2024-11-27,2024-12-21,24,531.09,7,1,False,Approved,0
CLM504398,PH100724,Home,Fire,London,Branch,2023-08-22,2023-08-28,6,12658.01,2,2,True,Rejected,0
CLM504399,PH100356,Life,Critical Illness,London,Branch,2023-11-06,2023-11-17,11,26720.25,3,0,True,Approved,0
CLM504400,PH100439,Home,Fire,Yorkshire,Broker,2023-11-08,2023-11-18,10,2612.68,4,1,True,Approved,0
CLM504401,PH101464,Home,Fire,Wales,Call Center,2023-02-19,2023-03-19,28,3747.83,5,3,False,Approved,0
CLM504402,PH101275,Home,Storm,North East,Branch,2023-06-22,2023-06-30,8,12219.38,3,1,True,Approved,0
CLM504403,PH101050,Auto,Fire,Scotland,Mobile App,2024-06-30,2024-07-01,1,1849.34,6,3,True,Approved,0
CLM504404,PH100768,Auto,Windscreen,Yorkshire,Mobile App,2024-07-24,2024-07-25,1,6772.49,3,2,True,Under Review,0
CLM504405,PH100126,Health,Outpatient,Yorkshire,Mobile App,2023-06-04,2023-06-27,23,3221.11,3,0,True,Under Review,0
CLM504406,PH100222,Travel,Medical,North East,Call Center,2023-06-29,2023-07-07,8,1927.54,5,2,True,Approved,0
CLM504407,PH100446,Life,Death Benefit,Scotland,Mobile App,2024-04-21,2024-05-13,22,20505.99,0,0,True,Approved,0
CLM504408,PH100061,Commercial,Property Damage,Scotland,Branch,2023-04-25,2023-05-14,19,6931.12,5,0,True,Approved,0
CLM504409,PH100927,Auto,Fire,South East,Mobile App,2024-02-17,2024-03-11,23,3148.18,6,3,False,Approved,0
CLM504410,PH101209,Home,Accidental Damage,South West,Online,2024-02-26,2024-03-01,4,13824.24,2,0,True,Under Review,0
CLM504411,PH100954,Commercial,Business Interruption,Midlands,Broker,2023-09-20,2023-10-07,17,18505.49,7,0,True,Rejected,0
CLM504412,PH100295,Auto,Theft,North East,Online,2023-12-14,2024-01-06,23,1225.49,7,0,True,Under Review,0
CLM504413,PH101319,Life,Death Benefit,London,Branch,2024-09-27,2024-10-24,27,34628.07,0,1,True,Pending,0
CLM504414,PH101320,Home,Storm,South West,Broker,2023-11-14,2023-11-22,8,3476.36,1,2,True,Approved,0
CLM504415,PH101356,Travel,Cancellation,Northern Ireland,Branch,2023-04-17,2023-05-12,25,1553.37,6,1,True,Under Review,0
CLM504416,PH101415,Auto,Fire,Wales,Online,2024-05-08,2024-05-17,9,5904.64,2,1,True,Pending,0
CLM504417,PH101370,Life,Critical Illness,Midlands,Broker,2024-12-05,2024-12-07,2,87561.21,1,2,True,Pending,0
CLM504418,PH100390,Home,Flood,North West,Online,2024-02-02,2024-02-03,1,3752.55,2,0,False,Pending,0
CLM504419,PH100564,Health,Hospitalisation,North East,Broker,2024-07-31,2024-08-13,13,5543.32,3,3,True,Approved,0
CLM504420,PH101277,Life,Death Benefit,North East,Branch,2023-04-04,2023-04-06,2,80981.76,1,0,True,Approved,0
CLM504421,PH100810,Travel,Medical,North West,Broker,2023-04-12,2023-04-26,14,480.76,0,1,False,Pending,0
CLM504422,PH100219,Auto,Third Party,Wales,Broker,2023-07-18,2023-07-23,5,4072.89,1,0,True,Approved,0
CLM504423,PH100888,Auto,Third Party,South East,Mobile App,2023-05-24,2023-05-24,0,2768.28,7,1,False,Rejected,1
CLM504424,PH101318,Commercial,Business Interruption,Yorkshire,Mobile App,2024-07-25,2024-08-07,13,9427.08,6,1,False,Approved,0
CLM504425,PH101051,Commercial,Liability,Scotland,Call Center,2024-08-05,2024-08-27,22,12472.04,7,1,True,Approved,0
CLM504426,PH101012,Home,Burglary,South West,Online,2023-12-03,2023-12-21,18,8227.05,3,2,True,Rejected,0
CLM504427,PH100482,Life,Critical Illness,North East,Branch,2024-02-03,2024-02-25,22,16347.38,7,1,False,Approved,0
CLM504428,PH100813,Home,Burglary,Wales,Call Center,2024-05-21,2024-06-15,25,4738.13,1,0,False,Approved,0
CLM504429,PH100310,Travel,Medical,Midlands,Branch,2024-06-20,2024-07-05,15,2684.55,1,2,True,Approved,0
CLM504430,PH100392,Life,Death Benefit,North East,Branch,2024-03-11,2024-03-24,13,96004.64,7,0,True,Rejected,0
CLM504431,PH101413,Auto,Fire,North East,Online,2023-02-25,2023-03-18,21,4962.38,7,1,True,Pending,0
CLM504432,PH100132,Commercial,Business Interruption,North East,Mobile App,2023-12-29,2023-12-29,0,83085.32,0,1,False,Under Review,1
CLM504433,PH100814,Commercial,Business Interruption,Scotland,Online,2024-02-10,2024-02-20,10,17059.62,6,1,True,Approved,0
CLM504434,PH101027,Auto,Third Party,Wales,Branch,2023-11-29,2023-12-23,24,1068.39,2,2,False,Rejected,0
CLM504435,PH100370,Home,Storm,Northern Ireland,Branch,2023-06-21,2023-07-15,24,10995.26,6,0,False,Approved,0
CLM504436,PH100097,Home,Fire,Scotland,Online,2023-06-22,2023-06-29,7,6426.79,2,2,True,Pending,0
CLM504437,PH100307,Health,Hospitalisation,South East,Call Center,2024-12-28,2024-12-29,1,8267.98,7,2,True,Pending,1
CLM504438,PH100869,Travel,Delay,North East,Online,2023-09-18,2023-09-28,10,1010.86,2,0,False,Approved,0
CLM504439,PH100420,Health,Dental,Midlands,Mobile App,2024-04-23,2024-05-14,21,6836.24,0,3,True,Under Review,0
CLM504440,PH100398,Auto,Theft,London,Call Center,2023-12-26,2024-01-09,14,5006.6,2,1,False,Approved,0
CLM504441,PH100488,Commercial,Business Interruption,Wales,Call Center,2024-08-25,2024-08-27,2,6453.17,2,2,True,Under Review,0
CLM504442,PH100036,Commercial,Property Damage,Yorkshire,Online,2024-01-03,2024-01-28,25,4788.26,5,1,True,Approved,0
CLM504443,PH100222,Commercial,Business Interruption,North East,Mobile App,2023-04-22,2023-04-26,4,29837.99,3,0,True,Approved,0
CLM504444,PH101488,Life,Death Benefit,South West,Broker,2023-09-23,2023-10-17,24,28283.5,3,2,False,Approved,0
CLM504445,PH100753,Commercial,Property Damage,North West,Broker,2023-08-29,2023-09-06,8,24960.52,2,3,True,Approved,0
CLM504446,PH101251,Travel,Medical,Scotland,Mobile App,2023-06-20,2023-06-22,2,7094.9,6,2,False,Rejected,1
CLM504447,PH100143,Auto,Fire,Midlands,Branch,2024-12-21,2025-01-09,19,1038.71,0,1,False,Approved,0
CLM504448,PH100084,Travel,Delay,Scotland,Broker,2023-08-26,2023-08-30,4,1566.2,1,2,True,Approved,0
CLM504449,PH101239,Life,Death Benefit,North West,Mobile App,2024-03-12,2024-04-02,21,73078.35,4,3,False,Pending,0
CLM504450,PH101266,Commercial,Property Damage,Scotland,Mobile App,2023-09-17,2023-10-16,29,26852.2,6,3,False,Pending,0
CLM504451,PH100986,Auto,Collision,Scotland,Online,2023-12-18,2023-12-30,12,502.63,7,3,False,Approved,0
CLM504452,PH101160,Travel,Cancellation,Wales,Branch,2023-03-04,2023-03-15,11,1856.71,2,1,True,Approved,0
CLM504453,PH100469,Life,Death Benefit,Yorkshire,Mobile App,2024-03-13,2024-03-22,9,152277.52,5,1,True,Approved,0
CLM504454,PH100126,Commercial,Property Damage,Yorkshire,Broker,2024-10-24,2024-11-09,16,44080.88,3,2,True,Approved,0
CLM504455,PH100930,Travel,Delay,North East,Online,2023-11-09,2023-12-02,23,832.38,4,2,True,Approved,0
CLM504456,PH101416,Health,Optical,Wales,Online,2023-08-24,2023-09-13,20,1002.03,7,3,True,Approved,0
CLM504457,PH101450,Auto,Third Party,Yorkshire,Mobile App,2024-08-04,2024-08-10,6,3093.96,5,0,True,Approved,0
CLM504458,PH100761,Home,Burglary,Midlands,Mobile App,2023-05-04,2023-05-26,22,15648.65,3,0,True,Approved,0
CLM504459,PH100470,Life,Death Benefit,North West,Broker,2023-10-06,2023-10-07,1,45368.26,7,3,False,Approved,0
CLM504460,PH100126,Commercial,Business Interruption,Yorkshire,Mobile App,2023-12-06,2023-12-26,20,47038.99,6,1,False,Rejected,0
CLM504461,PH100972,Home,Flood,South East,Online,2024-07-02,2024-07-13,11,3721.07,1,1,False,Pending,0
CLM504462,PH100659,Commercial,Business Interruption,Wales,Online,2023-07-19,2023-07-24,5,45754.42,6,2,True,Approved,0
CLM504463,PH101032,Home,Burglary,North West,Broker,2023-04-24,2023-05-23,29,3691.44,4,3,True,Under Review,0
CLM504464,PH100741,Life,Critical Illness,Scotland,Mobile App,2023-06-30,2023-07-08,8,74986.67,3,1,False,Approved,0
CLM504465,PH100031,Home,Burglary,North West,Broker,2023-02-16,2023-03-06,18,3384.28,2,2,True,Approved,0
CLM504466,PH101302,Auto,Fire,South East,Online,2023-04-26,2023-05-06,10,947.52,0,0,True,Rejected,0
CLM504467,PH101471,Health,Hospitalisation,Yorkshire,Mobile App,2023-11-19,2023-11-20,1,3087.96,3,3,False,Under Review,1
CLM504468,PH100767,Home,Fire,North East,Mobile App,2023-12-03,2023-12-04,1,27568.56,2,2,False,Rejected,1
CLM504469,PH101027,Home,Accidental Damage,Wales,Broker,2023-11-28,2023-12-02,4,,4,0,False,Under Review,0
CLM504470,PH101258,Home,Flood,South West,Branch,2023-02-05,2023-02-18,13,12009.9,3,1,True,Rejected,0
CLM504471,PH100186,Travel,Cancellation,North East,Mobile App,2024-09-20,2024-09-25,5,4204.46,6,0,True,Approved,0
CLM504472,PH100846,Travel,Lost Luggage,North East,Mobile App,2024-11-14,2024-11-15,1,737.11,6,2,False,Under Review,1
CLM504473,PH100726,Travel,Delay,South East,Mobile App,2024-07-26,2024-07-30,4,528.37,1,0,False,Under Review,0
CLM504474,PH100079,Life,Death Benefit,Wales,Broker,2024-08-26,2024-08-30,4,101130.43,4,2,True,Under Review,0
CLM504475,PH100038,Travel,Delay,North West,Mobile App,2023-02-01,2023-02-01,0,4084.15,6,0,False,Pending,1
CLM504476,PH100463,Commercial,Property Damage,London,Call Center,2024-05-02,2024-05-29,27,16320.0,3,3,True,Approved,0
CLM504477,PH101385,Auto,Windscreen,North East,Broker,2023-02-22,2023-03-12,18,6438.13,6,3,True,Approved,0
CLM504478,PH100266,Home,Storm,North East,Mobile App,2024-09-26,2024-10-23,27,11521.14,0,1,True,Under Review,0
CLM504479,PH101403,Auto,Third Party,Northern Ireland,Online,2023-08-09,2023-08-15,6,6003.73,4,3,True,Approved,0
CLM504480,PH101003,Commercial,Property Damage,Wales,Branch,2024-02-22,2024-02-24,2,98797.29,3,2,False,Rejected,1
CLM504481,PH101377,Auto,Third Party,North West,Branch,2023-09-05,2023-09-27,22,4509.91,3,3,True,Approved,0
CLM504482,PH100268,Travel,Cancellation,South East,Mobile App,2024-02-03,2024-02-28,25,1138.81,6,0,True,Approved,0
CLM504483,PH100456,Life,Death Benefit,North East,Call Center,2024-12-21,2025-01-01,11,18954.51,1,0,False,Approved,0
CLM504484,PH100487,Auto,Collision,Northern Ireland,Branch,2024-06-27,2024-06-30,3,2207.48,0,1,True,Approved,0
CLM504485,PH100897,Auto,Theft,London,Mobile App,2023-10-27,2023-10-27,0,10503.94,0,3,False,Approved,1
CLM504486,PH100487,Life,Death Benefit,Northern Ireland,Branch,2023-03-02,2023-03-08,6,85853.46,3,1,True,Pending,0
CLM504487,PH101247,Auto,Fire,South East,Branch,2023-05-15,2023-05-28,13,6753.3,6,1,True,Pending,0
CLM504488,PH100910,Travel,Medical,North West,Mobile App,2023-09-30,2023-10-02,2,1351.63,7,3,False,Pending,0
CLM504489,PH101211,Auto,Fire,North East,Online,2024-06-30,2024-07-04,4,3992.42,0,1,False,Rejected,0
CLM504490,PH100333,Home,Flood,Yorkshire,Broker,2023-09-14,2023-10-02,18,3524.33,3,0,True,Approved,0
CLM504491,PH100493,Health,Optical,North East,Online,2023-11-28,2023-12-19,21,2665.49,0,0,False,Under Review,0
CLM504492,PH100437,Commercial,Property Damage,South West,Broker,2024-12-14,2025-01-05,22,24288.83,2,2,True,Approved,0
CLM504493,PH101352,Home,Fire,Midlands,Call Center,2023-09-02,2023-09-23,21,1825.02,0,3,True,Under Review,0
CLM504494,PH101072,Commercial,Property Damage,Yorkshire,Branch,2023-12-25,2024-01-18,24,26608.21,2,2,True,Approved,0
CLM504495,PH100830,Home,Burglary,Yorkshire,Online,2024-07-19,2024-07-27,8,2433.62,6,0,True,Pending,0
CLM504496,PH101095,Travel,Lost Luggage,Midlands,Call Center,2024-08-12,2024-08-21,9,355.59,0,0,False,Under Review,0
CLM504497,PH100659,Home,Burglary,Wales,Broker,2023-05-12,2023-05-26,14,8284.58,1,1,True,Pending,0
CLM504498,PH101069,Commercial,Property Damage,South East,Broker,2023-02-09,2023-03-05,24,30142.04,5,0,True,Pending,0
CLM504499,PH100908,Home,Flood,South East,Broker,2024-04-11,2024-04-22,11,2199.8,5,2,True,Under Review,0
CLM504500,PH100835,Commercial,Property Damage,North East,Online,2024-08-20,2024-09-04,15,15215.44,7,1,False,Pending,0
CLM504501,PH100511,Commercial,Property Damage,Midlands,Online,2024-02-08,2024-03-08,29,17360.99,0,1,True,Approved,0
CLM504502,PH100290,Travel,Delay,Wales,Mobile App,2023-05-03,2023-05-30,27,1045.44,1,2,True,Approved,0
CLM504503,PH100277,Home,Flood,North West,Call Center,2024-03-21,2024-03-26,5,19759.51,0,2,True,Approved,0
CLM504504,PH101017,Travel,Delay,South East,Broker,2023-11-10,2023-11-26,16,3311.42,3,1,True,Pending,0
CLM504505,PH101173,Health,Optical,Scotland,Mobile App,2024-02-05,2024-02-19,14,1913.52,1,1,False,Approved,0
CLM504506,PH100716,Commercial,Liability,Scotland,Call Center,2023-02-08,2023-02-10,2,151650.95,0,2,False,Approved,1
CLM504507,PH100049,Travel,Lost Luggage,North East,Online,2024-01-13,2024-02-09,27,749.48,6,2,True,Approved,0
CLM504508,PH101445,Travel,Cancellation,Wales,Mobile App,2023-01-15,2023-02-12,28,1471.79,4,0,False,Under Review,0
CLM504509,PH101149,Life,Critical Illness,Scotland,Online,2024-01-23,2024-02-17,25,42793.15,4,3,True,Approved,0
CLM504510,PH100631,Auto,Windscreen,Midlands,Call Center,2024-02-26,2024-03-26,29,4154.38,1,0,True,Approved,0
CLM504511,PH101396,Life,Death Benefit,North West,Call Center,2024-08-29,2024-09-19,21,33528.65,5,0,True,Rejected,0
CLM504512,PH100008,Life,Death Benefit,South West,Broker,2024-06-04,2024-06-30,26,90373.06,7,0,True,Pending,0
CLM504513,PH100303,Health,Optical,North West,Online,2023-12-06,2023-12-08,2,1043.32,2,2,False,Rejected,1
CLM504514,PH100997,Home,Flood,Yorkshire,Branch,2024-04-02,2024-04-27,25,9186.86,4,3,True,Under Review,0
CLM504515,PH100514,Auto,Theft,North West,Call Center,2023-05-16,2023-05-26,10,5256.23,6,3,True,Approved,0
CLM504516,PH100033,Health,Optical,South East,Broker,2024-11-19,2024-11-26,7,62.76,4,3,False,Approved,0
CLM504517,PH101386,Auto,Fire,North West,Online,2023-05-01,2023-05-12,11,5603.57,5,3,True,Approved,0
CLM504518,PH101002,Travel,Medical,London,Branch,2023-01-17,2023-02-05,19,961.37,1,0,False,Approved,0
CLM504519,PH101451,Life,Critical Illness,North West,Mobile App,2023-04-04,2023-04-07,3,76673.73,6,2,True,Approved,0
CLM504520,PH100757,Commercial,Business Interruption,Midlands,Mobile App,2024-06-25,2024-06-26,1,56724.6,3,3,True,Approved,1
CLM504521,PH101057,Commercial,Liability,Midlands,Branch,2024-05-19,2024-06-16,28,8922.1,4,1,False,Approved,0
CLM504522,PH100105,Home,Flood,Scotland,Call Center,2024-09-11,2024-09-17,6,1705.89,5,0,True,Approved,0
CLM504523,PH100872,Auto,Fire,Yorkshire,Mobile App,2023-02-28,2023-03-10,10,3382.75,7,0,False,Approved,0
CLM504524,PH100500,Life,Death Benefit,London,Broker,2023-10-11,2023-10-21,10,59383.53,3,3,True,Approved,0
CLM504525,PH101331,Commercial,Property Damage,North West,Online,2023-06-18,2023-07-08,20,27735.38,3,0,True,Approved,0
CLM504526,PH100240,Commercial,Property Damage,North West,Branch,2024-02-10,2024-02-12,2,43742.93,5,3,False,Approved,0
CLM504527,PH100609,Commercial,Property Damage,South West,Branch,2023-02-28,2023-03-01,1,75361.67,7,2,False,Rejected,1
CLM504528,PH100817,Commercial,Liability,Yorkshire,Broker,2023-07-17,2023-07-24,7,32738.49,4,0,True,Under Review,0
CLM504529,PH100934,Health,Optical,South East,Broker,2023-02-03,2023-02-08,5,819.98,1,0,False,Approved,0
CLM504530,PH100652,Health,Optical,Wales,Mobile App,2023-07-07,2023-07-09,2,3495.26,5,0,True,Approved,0
CLM504531,PH101005,Home,Burglary,Northern Ireland,Mobile App,2024-07-22,2024-08-08,17,8775.57,3,0,True,Approved,0
CLM504532,PH100551,Commercial,Business Interruption,Midlands,Call Center,2024-08-30,2024-09-07,8,10017.38,4,2,True,Under Review,0
CLM504533,PH101350,Travel,Lost Luggage,South West,Call Center,2023-10-22,2023-11-19,28,1168.41,6,0,True,Approved,0
CLM504534,PH100264,Life,Critical Illness,Midlands,Branch,2024-04-07,2024-04-19,12,62800.12,6,3,True,Approved,0
CLM504535,PH100034,Home,Flood,London,Branch,2024-05-06,2024-05-08,2,15879.31,2,0,True,Under Review,0
CLM504536,PH100017,Auto,Collision,North West,Call Center,2024-06-02,2024-06-07,5,6932.8,0,2,True,Under Review,0
CLM504537,PH101261,Commercial,Business Interruption,North West,Call Center,2024-06-15,2024-07-10,25,14390.9,1,1,False,Approved,0
CLM504538,PH101476,Travel,Delay,Northern Ireland,Mobile App,2024-11-20,2024-12-10,20,888.07,7,3,True,Approved,0
CLM504539,PH100523,Home,Accidental Damage,South East,Broker,2024-07-16,2024-08-06,21,7420.06,0,0,True,Pending,0
CLM504540,PH100103,Auto,Fire,Wales,Call Center,2023-12-28,2024-01-23,26,5432.45,4,2,False,Approved,0
CLM504541,PH100331,Auto,Theft,Yorkshire,Branch,2023-12-07,2023-12-19,12,6840.82,2,2,True,Rejected,0
CLM504542,PH100860,Travel,Lost Luggage,Midlands,Call Center,2024-03-11,2024-03-27,16,825.4,5,2,True,Approved,0
CLM504543,PH100069,Auto,Windscreen,London,Mobile App,2024-05-26,2024-06-24,29,1385.48,2,2,True,Pending,0
CLM504544,PH100633,Health,Hospitalisation,North East,Mobile App,2023-07-11,2023-07-25,14,5689.09,4,1,True,Approved,0
CLM504545,PH101275,Life,Death Benefit,North East,Online,2023-01-21,2023-02-09,19,65198.61,4,3,True,Rejected,0
CLM504546,PH101125,Life,Critical Illness,Midlands,Online,2023-05-25,2023-05-28,3,33118.9,0,1,True,Under Review,0
CLM504547,PH101145,Travel,Cancellation,North West,Call Center,2023-06-26,2023-07-03,7,1244.1,3,0,False,Under Review,0
CLM504548,PH100047,Home,Burglary,North East,Broker,2024-01-09,2024-01-18,9,3349.23,2,1,True,Approved,0
CLM504549,PH101339,Life,Death Benefit,Midlands,Broker,2024-02-21,2024-03-05,13,92552.85,0,0,True,Approved,0
CLM504550,PH100759,Home,Storm,Midlands,Call Center,2024-04-04,2024-04-05,1,8581.89,3,3,True,Approved,0
CLM504551,PH101275,Travel,Delay,North East,Mobile App,2023-12-30,2024-01-03,4,2174.74,0,3,True,Under Review,0
CLM504552,PH100270,Commercial,Business Interruption,South East,Broker,2024-05-27,2024-06-21,25,22483.17,5,3,True,Pending,0
CLM504553,PH101000,Health,Outpatient,Scotland,Online,2023-04-09,2023-04-22,13,4046.08,0,1,True,Approved,0
CLM504554,PH100398,Commercial,Property Damage,London,Online,2024-01-10,2024-01-16,6,21741.44,2,3,True,Approved,0
CLM504555,PH100439,Commercial,Business Interruption,Yorkshire,Broker,2024-12-19,2025-01-03,15,25858.47,1,2,True,Under Review,0
CLM504556,PH100218,Auto,Third Party,Northern Ireland,Branch,2024-06-15,2024-07-01,16,4489.83,5,2,False,Approved,0
CLM504557,PH100485,Auto,Windscreen,London,Branch,2023-03-29,2023-03-29,0,4359.44,0,1,False,Pending,1
CLM504558,PH100720,Health,Outpatient,South West,Call Center,2023-04-30,2023-05-04,4,1139.05,5,3,True,Approved,0
CLM504559,PH100667,Auto,Collision,South East,Online,2024-02-09,2024-03-06,26,3537.15,3,1,False,Approved,0
CLM504560,PH100796,Life,Death Benefit,South West,Broker,2024-03-16,2024-04-09,24,71371.62,1,0,True,Approved,0
CLM504561,PH100668,Commercial,Liability,Wales,Branch,2024-10-26,2024-10-30,4,54184.84,4,2,False,Pending,0
CLM504562,PH100397,Auto,Collision,Northern Ireland,Call Center,2023-06-24,2023-07-23,29,609.03,5,2,True,Approved,0
CLM504563,PH101449,Commercial,Property Damage,Yorkshire,Branch,2024-05-29,2024-06-04,6,22423.29,1,0,False,Under Review,0
CLM504564,PH101020,Travel,Delay,South East,Mobile App,2024-03-03,2024-03-10,7,1240.36,0,3,True,Approved,0
CLM504565,PH100747,Commercial,Property Damage,Northern Ireland,Call Center,2023-05-08,2023-05-17,9,5228.53,5,1,True,Approved,0
CLM504566,PH100662,Travel,Cancellation,Northern Ireland,Mobile App,2023-02-14,2023-02-22,8,223.41,6,2,True,Pending,0
CLM504567,PH100468,Auto,Fire,Midlands,Call Center,2023-12-10,2023-12-12,2,8051.15,7,2,True,Under Review,0
CLM504568,PH101099,Home,Storm,Scotland,Online,2024-02-16,2024-02-19,3,3865.37,2,2,True,Pending,0
CLM504569,PH101328,Health,Dental,London,Online,2023-04-18,2023-04-22,4,3268.07,0,2,False,Approved,0
CLM504570,PH101453,Travel,Lost Luggage,North East,Call Center,2024-04-17,2024-04-25,8,1400.21,0,0,False,Approved,0
CLM504571,PH101458,Commercial,Business Interruption,South East,Mobile App,2023-01-28,2023-02-20,23,35910.76,1,0,True,Approved,0
CLM504572,PH100833,Auto,Third Party,South West,Broker,2024-08-05,2024-08-11,6,4853.39,7,0,False,Under Review,0
CLM504573,PH100470,Life,Critical Illness,North West,Call Center,2024-01-26,2024-02-17,22,59151.39,4,1,True,Under Review,0
CLM504574,PH101297,Health,Outpatient,North East,Mobile App,2023-05-23,2023-06-17,25,921.94,6,1,False,Approved,0
CLM504575,PH100271,Home,Burglary,Wales,Mobile App,2023-07-17,2023-07-29,12,11366.07,5,2,False,Approved,0
CLM504576,PH100411,Auto,Windscreen,Northern Ireland,Branch,2023-05-31,2023-06-08,8,2746.29,3,0,False,Rejected,0
CLM504577,PH101218,Life,Death Benefit,Midlands,Broker,2024-07-10,2024-08-05,26,135783.59,6,2,True,Approved,0
CLM504578,PH101108,Health,Hospitalisation,Midlands,Call Center,2023-01-14,2023-01-25,11,1841.76,5,3,True,Approved,0
CLM504579,PH100782,Auto,Theft,South East,Broker,2024-01-15,2024-02-06,22,3498.44,2,3,False,Pending,0
CLM504580,PH100346,Commercial,Liability,South West,Broker,2024-10-18,2024-10-24,6,16475.53,5,2,True,Approved,0
CLM504581,PH100123,Commercial,Liability,South West,Branch,2024-12-15,2025-01-02,18,1279.61,0,1,True,Rejected,0
CLM504582,PH101177,Health,Optical,North East,Branch,2023-05-07,2023-05-27,20,327.45,4,1,True,Approved,0
CLM504583,PH100845,Commercial,Business Interruption,Wales,Broker,2023-05-05,2023-05-22,17,31237.75,5,3,True,Approved,0
CLM504584,PH101246,Home,Flood,North West,Online,2023-07-07,2023-07-07,0,9140.16,3,2,True,Rejected,1
CLM504585,PH100075,Life,Critical Illness,North East,Mobile App,2023-07-01,2023-07-23,22,21215.88,4,3,True,Pending,0
CLM504586,PH100931,Commercial,Business Interruption,London,Broker,2023-12-15,2023-12-22,7,5210.37,4,1,True,Approved,0
CLM504587,PH100905,Life,Death Benefit,North East,Branch,2023-11-25,2023-12-07,12,112830.27,5,3,False,Rejected,0
CLM504588,PH100353,Auto,Theft,North East,Branch,2024-09-08,2024-10-05,27,950.56,7,3,True,Approved,0
CLM504589,PH100500,Life,Critical Illness,London,Mobile App,2024-03-02,2024-03-27,25,182371.71,0,1,True,Pending,0
CLM504590,PH100438,Travel,Delay,Northern Ireland,Broker,2024-06-30,2024-07-01,1,1724.77,1,1,False,Under Review,1
CLM504591,PH100065,Health,Hospitalisation,Midlands,Call Center,2024-09-07,2024-09-16,9,8296.54,7,0,True,Approved,0
CLM504592,PH101248,Commercial,Liability,Northern Ireland,Call Center,2023-08-24,2023-09-15,22,40535.23,3,2,True,Approved,0
CLM504593,PH101383,Life,Critical Illness,Midlands,Call Center,2023-01-02,2023-01-02,0,51433.48,7,3,False,Pending,0
CLM504594,PH101090,Travel,Cancellation,North East,Call Center,2024-10-17,2024-10-30,13,1739.17,0,0,True,Approved,0
CLM504595,PH100508,Home,Burglary,London,Branch,2023-02-15,2023-02-27,12,13333.24,3,1,True,Under Review,0
CLM504596,PH100280,Auto,Third Party,London,Call Center,2023-10-29,2023-11-11,13,3160.14,6,2,True,Under Review,0
CLM504597,PH101315,Auto,Windscreen,North West,Broker,2024-05-24,2024-06-03,10,4275.0,3,0,True,Rejected,0
CLM504598,PH100405,Life,Death Benefit,Scotland,Broker,2023-06-21,2023-06-26,5,38344.15,5,1,True,Approved,0
CLM504599,PH100637,Life,Critical Illness,Wales,Mobile App,2024-06-19,2024-07-09,20,26277.67,7,3,True,Rejected,0
CLM504600,PH100239,Home,Fire,London,Mobile App,2024-10-17,2024-11-08,22,5007.84,0,3,True,Pending,0
CLM504601,PH100549,Commercial,Property Damage,South West,Online,2024-09-10,2024-09-14,4,14278.05,3,2,True,Approved,0
CLM504602,PH100073,Home,Storm,North East,Call Center,2023-05-07,2023-05-16,9,4231.8,0,2,False,Approved,0
CLM504603,PH101223,Life,Death Benefit,Midlands,Mobile App,2024-06-16,2024-06-21,5,48576.93,1,3,False,Under Review,0
CLM504604,PH100218,Health,Dental,Northern Ireland,Call Center,2023-03-15,2023-03-20,5,1215.59,3,3,False,Approved,0
CLM504605,PH100033,Health,Hospitalisation,South East,Online,2023-05-19,2023-06-07,19,3936.75,1,3,True,Pending,0
CLM504606,PH100309,Travel,Delay,Northern Ireland,Call Center,2024-06-23,2024-07-18,25,,6,0,True,Rejected,0
CLM504607,PH100162,Life,Critical Illness,South East,Branch,2024-04-03,2024-04-25,22,29891.88,0,1,False,Approved,0
CLM504608,PH100450,Commercial,Business Interruption,Wales,Branch,2023-01-18,2023-02-12,25,6042.25,0,3,False,Approved,0
CLM504609,PH100717,Health,Dental,North West,Mobile App,2024-05-04,2024-05-26,22,747.52,4,1,True,Approved,0
CLM504610,PH100164,Health,Hospitalisation,South East,Online,2023-01-05,2023-01-29,24,1569.99,3,1,True,Approved,0
CLM504611,PH100089,Health,Hospitalisation,Wales,Online,2024-04-23,2024-05-21,28,3560.13,0,0,True,Approved,0
CLM504612,PH101126,Travel,Lost Luggage,London,Broker,2024-02-04,2024-02-07,3,1232.03,7,1,True,Under Review,0
CLM504613,PH101095,Home,Fire,Midlands,Branch,2023-06-04,2023-06-09,5,15567.73,2,3,True,Approved,0
CLM504614,PH100661,Travel,Medical,Wales,Broker,2023-06-25,2023-07-10,15,1112.46,7,2,True,Approved,0
CLM504615,PH101206,Home,Storm,Northern Ireland,Online,2023-03-28,2023-04-19,22,6104.49,1,0,True,Approved,0
CLM504616,PH100792,Home,Flood,North West,Branch,2023-06-23,2023-06-27,4,2347.49,2,3,False,Approved,0
CLM504617,PH101429,Auto,Third Party,Northern Ireland,Call Center,2023-09-20,2023-09-27,7,8136.94,4,1,False,Under Review,0
CLM504618,PH101263,Home,Accidental Damage,North East,Mobile App,2023-04-14,2023-04-22,8,5986.41,3,3,False,Approved,0
CLM504619,PH101338,Health,Hospitalisation,North East,Branch,2023-08-13,2023-08-22,9,2703.07,5,0,False,Approved,0
CLM504620,PH101273,Home,Flood,Scotland,Call Center,2024-07-04,2024-07-04,0,9885.69,6,3,False,Approved,0
CLM504621,PH100801,Health,Dental,Midlands,Call Center,2023-04-26,2023-05-02,6,3405.7,0,1,True,Pending,0
CLM504622,PH100248,Travel,Medical,South East,Broker,2023-03-15,2023-03-23,8,2366.37,6,3,True,Approved,0
CLM504623,PH101469,Life,Critical Illness,North East,Mobile App,2023-09-20,2023-09-26,6,102146.34,4,1,True,Approved,0
CLM504624,PH100476,Travel,Lost Luggage,Midlands,Call Center,2024-12-24,2025-01-04,11,647.78,7,2,False,Approved,0
CLM504625,PH101261,Auto,Windscreen,North West,Branch,2023-05-14,2023-05-19,5,3290.86,4,1,True,Under Review,0
CLM504626,PH100044,Home,Storm,South East,Online,2023-07-09,2023-07-26,17,4576.33,0,2,True,Approved,0
CLM504627,PH100767,Auto,Windscreen,North East,Broker,2024-12-05,2024-12-17,12,7850.85,6,2,True,Approved,0
CLM504628,PH100711,Auto,Windscreen,  NORTHERN IRELAND ,Broker,2023-10-08,2023-10-22,14,1468.06,0,3,True,Pending,0
CLM504629,PH101480,Travel,Medical,Wales,Branch,2024-12-09,2025-01-04,26,813.3,4,1,True,Under Review,0
CLM504630,PH100553,Auto,Third Party,North East,Branch,2024-10-25,2024-11-09,15,1227.19,1,2,False,Under Review,0
CLM504631,PH101253,Auto,Theft,Scotland,Online,2023-07-12,2023-07-25,13,2616.56,0,1,True,Approved,0
CLM504632,PH100839,Travel,Lost Luggage,Northern Ireland,Broker,2023-02-28,2023-03-21,21,270.02,0,1,True,Under Review,0
CLM504633,PH100378,Health,Dental,Yorkshire,Call Center,2023-04-10,2023-04-23,13,3716.29,2,1,False,Approved,0
CLM504634,PH100579,Auto,Third Party,London,Online,2024-09-08,2024-10-03,25,8129.61,7,2,False,Approved,0
CLM504635,PH100090,Health,Outpatient,Scotland,Call Center,2024-05-09,2024-05-23,14,2795.45,4,1,False,Under Review,0
CLM504636,PH100755,Health,Hospitalisation,Scotland,Call Center,2024-04-17,2024-04-23,6,3138.34,0,0,True,Approved,0
CLM504637,PH101020,Home,Storm,South East,Mobile App,2024-07-06,2024-07-23,17,14540.09,7,0,False,Pending,0
CLM504638,PH100484,Travel,Lost Luggage,Wales,Branch,2024-09-20,2024-10-16,26,2876.68,7,1,True,Approved,0
CLM504639,PH100730,Home,Storm,North East,Broker,2024-08-09,2024-08-09,0,6556.95,7,2,False,Rejected,1
CLM504640,PH101058,Travel,Cancellation,North West,Call Center,2023-08-11,2023-08-11,0,1243.68,2,2,True,Approved,0
CLM504641,PH100503,Auto,Windscreen,North West,Online,2023-07-19,2023-07-19,0,4342.75,3,3,True,Approved,0
CLM504642,PH100706,Travel,Cancellation,South East,Online,2024-06-28,2024-07-27,29,2095.68,1,1,True,Approved,0
CLM504643,PH100509,Commercial,Business Interruption,Scotland,Call Center,2024-09-22,2024-10-06,14,14614.95,0,2,False,Approved,0
CLM504644,PH100561,Health,Hospitalisation,South East,Broker,2024-03-02,2024-03-14,12,2434.15,6,2,False,Approved,0
CLM504645,PH100596,Travel,Delay,Scotland,Broker,2023-07-27,2023-08-24,28,1330.23,4,0,False,Under Review,0
CLM504646,PH101248,Health,Outpatient,Northern Ireland,Broker,2023-04-03,2023-04-09,6,644.9,2,1,True,Approved,0
CLM504647,PH101074,Auto,Collision,Scotland,Branch,2023-09-26,2023-09-29,3,770.62,2,0,True,Approved,0
CLM504648,PH100683,Travel,Cancellation,Midlands,Broker,2024-03-31,2024-04-06,6,2701.62,2,2,True,Rejected,0
CLM504649,PH100487,Life,Critical Illness,Northern Ireland,Branch,2024-10-03,2024-10-20,17,94962.42,0,1,True,Approved,0
CLM504650,PH100241,Home,Storm,North West,Broker,2023-05-04,2023-05-09,5,5112.84,1,2,True,Approved,0
CLM504651,PH100905,Auto,Third Party,North East,Call Center,2024-12-22,2024-12-26,4,3868.01,1,3,True,Rejected,0
CLM504652,PH100491,Auto,Theft,South West,Online,2023-06-10,2023-07-02,22,7798.41,1,3,True,Approved,0
CLM504653,PH100593,Home,Burglary,Midlands,Call Center,2024-09-03,2024-09-05,2,10510.54,6,3,True,Pending,0
CLM504654,PH100277,Travel,Lost Luggage,North West,Mobile App,2023-05-14,2023-05-19,5,228.25,6,1,False,Approved,0
CLM504655,PH100469,Auto,Theft,  YORKSHIRE ,Call Center,2023-11-17,2023-12-09,22,2395.15,3,0,True,Pending,0
CLM504656,PH100085,Auto,Theft,Scotland,Mobile App,2023-12-17,2023-12-25,8,4197.05,2,1,True,Pending,0
CLM504657,PH101078,Auto,Fire,North West,Online,2024-07-06,2024-07-12,6,7317.59,2,1,True,Approved,0
CLM504658,PH100260,Life,Death Benefit,Wales,Broker,2024-05-31,2024-06-05,5,84577.86,6,1,False,Rejected,0
CLM504659,PH100150,Travel,Lost Luggage,North East,Mobile App,2023-10-07,2023-11-02,26,1813.48,5,0,False,Approved,0
CLM504660,PH100380,Health,Outpatient,Yorkshire,Call Center,2023-12-02,2023-12-13,11,1361.95,7,3,True,Approved,0
CLM504661,PH100658,Life,Critical Illness,Scotland,Mobile App,2024-05-26,2024-06-03,8,16331.72,2,3,True,Pending,0
CLM504662,PH100388,Life,Critical Illness,North West,Branch,2024-04-06,2024-04-08,2,94124.91,5,1,True,Approved,0
CLM504663,PH100887,Home,Burglary,South East,Branch,2023-06-19,2023-07-10,21,4278.04,5,0,True,Approved,0
CLM504664,PH100257,Commercial,Liability,South East,Online,2023-05-02,2023-05-04,2,33545.84,6,0,True,Approved,0
CLM504665,PH100479,Commercial,Liability,North East,Call Center,2023-06-13,2023-06-30,17,27694.59,6,3,True,Pending,0
CLM504666,PH100559,Health,Dental,Wales,Branch,2023-05-11,2023-05-28,17,2035.79,4,3,True,Pending,0
CLM504667,PH101345,Health,Optical,Midlands,Online,2024-05-10,2024-05-10,0,4431.52,4,0,False,Rejected,1
CLM504668,PH101075,Life,Death Benefit,London,Branch,2024-05-26,2024-05-28,2,67314.17,0,0,False,Under Review,1
CLM504669,PH100050,Commercial,Business Interruption,Yorkshire,Call Center,2024-09-03,2024-09-17,14,61351.92,2,0,True,Approved,0
CLM504670,PH100516,Life,Death Benefit,South East,Call Center,2024-01-04,2024-01-10,6,7682.57,4,0,True,Approved,0
CLM504671,PH101046,Life,Critical Illness,Wales,Mobile App,2023-12-13,2024-01-07,25,39267.64,6,2,True,Approved,0
CLM504672,PH101410,Home,Flood,South East,Branch,2024-12-12,2024-12-25,13,17939.25,6,0,True,Pending,0
CLM504673,PH100060,Health,Optical,North West,Mobile App,2024-03-16,2024-03-21,5,4436.7,0,1,False,Approved,0
CLM504674,PH100088,Auto,Fire,North West,Call Center,2024-11-07,2024-12-05,28,1656.42,0,0,True,Pending,0
CLM504675,PH100850,Health,Optical,North East,Mobile App,2024-12-17,2024-12-24,7,1052.5,0,3,True,Under Review,0
CLM504676,PH100225,Life,Critical Illness,North East,Broker,2023-10-21,2023-11-04,14,19664.49,2,1,True,Approved,0
CLM504677,PH101026,Health,Hospitalisation,North West,Mobile App,2023-07-18,2023-08-16,29,914.29,2,2,False,Approved,0
CLM504678,PH101072,Health,Outpatient,Yorkshire,Branch,2024-07-22,2024-07-26,4,-1018.68,0,2,True,Approved,0
CLM504679,PH101176,Auto,Theft,Scotland,Online,2023-11-25,2023-12-03,8,1658.85,6,0,True,Approved,0
CLM504680,PH101180,Health,Dental,South West,Mobile App,2024-01-27,2024-02-10,14,1391.03,2,1,False,Pending,0
CLM504681,PH101244,Health,Hospitalisation,Scotland,Online,2024-03-26,2024-04-14,19,4455.49,1,1,False,Approved,0
CLM504682,PH101202,Travel,Delay,Scotland,Online,2024-09-10,2024-09-16,6,3415.15,0,2,False,Under Review,0
CLM504683,PH101349,Auto,Collision,Scotland,Call Center,2023-10-30,2023-11-17,18,,4,3,False,Rejected,0
CLM504684,PH100319,Life,Critical Illness,London,Online,2023-07-04,2023-07-28,24,49937.67,1,1,False,Pending,0
CLM504685,PH101127,Health,Optical,London,Call Center,2024-03-26,2024-04-03,8,697.38,6,2,False,Approved,0
CLM504686,PH101229,Travel,Cancellation,London,Broker,2023-11-24,2023-12-10,16,534.39,5,1,True,Rejected,0
CLM504687,PH100473,Commercial,Liability,Yorkshire,Call Center,2024-09-22,2024-10-02,10,19182.14,0,1,True,Approved,0
CLM504688,PH100576,Home,Flood,South West,Online,2023-04-12,2023-04-23,11,3175.28,6,0,False,Approved,0
CLM504689,PH101497,Health,Outpatient,Scotland,Online,2024-04-28,2024-05-26,28,2775.17,7,2,True,Under Review,0
CLM504690,PH100083,Travel,Cancellation,North West,Call Center,2023-10-31,2023-11-18,18,1617.42,4,0,True,Rejected,0
CLM504691,PH101199,Commercial,Property Damage,North West,Mobile App,2024-02-21,2024-03-14,22,19411.37,0,1,False,Pending,0
CLM504692,PH100383,Home,Storm,Northern Ireland,Mobile App,2024-01-19,2024-02-12,24,18289.82,4,2,True,Approved,0
CLM504693,PH101449,Health,Dental,Yorkshire,Call Center,2024-08-10,2024-08-11,1,5848.86,3,0,False,Under Review,1
CLM504694,PH100149,Commercial,Property Damage,South East,Call Center,2023-09-16,2023-10-09,23,10138.35,4,0,False,Approved,0
CLM504695,PH100348,Travel,Medical,South East,Call Center,2023-07-25,2023-07-25,0,1044.45,2,3,False,Approved,0
CLM504696,PH101289,Life,Death Benefit,Scotland,Online,2024-10-12,2024-10-27,15,28766.73,4,2,False,Approved,0
CLM504697,PH101219,Health,Optical,South East,Mobile App,2023-10-07,2023-11-04,28,3350.77,4,2,True,Pending,0
CLM504698,PH101202,Auto,Windscreen,Scotland,Broker,2024-06-13,2024-06-13,0,8910.37,1,0,False,Approved,0
CLM504699,PH100460,Home,Storm,Wales,Branch,2024-07-03,2024-07-18,15,5848.16,6,0,True,Rejected,0
CLM504700,PH100083,Commercial,Business Interruption,North West,Branch,2024-04-04,2024-04-04,0,42613.36,3,3,True,Approved,0
CLM504701,PH101013,Home,Accidental Damage,Wales,Broker,2023-08-15,2023-08-27,12,20243.15,5,2,True,Pending,0
CLM504702,PH100305,Health,Outpatient,North West,Call Center,2023-08-30,2023-09-05,6,2174.89,6,2,True,Under Review,0
CLM504703,PH100614,Commercial,Liability,North East,Online,2024-12-01,2024-12-05,4,24411.04,6,2,False,Approved,0
CLM504704,PH100555,Health,Dental,Wales,Online,2024-10-12,2024-10-12,0,10531.48,4,2,False,Rejected,1
CLM504705,PH100224,Health,Dental,South West,Mobile App,2024-06-04,2024-07-01,27,3847.29,2,3,True,Pending,0
CLM504706,PH100709,Commercial,Liability,Yorkshire,Call Center,2024-05-19,2024-05-25,6,24899.53,3,1,True,Under Review,0
CLM504707,PH100026,Commercial,Property Damage,South East,Broker,2023-08-26,2023-08-27,1,6622.2,0,3,True,Approved,0
CLM504708,PH100567,Auto,Fire,South East,Online,2024-09-02,2024-10-01,29,2917.07,3,3,False,Under Review,0
CLM504709,PH100502,Commercial,Business Interruption,Scotland,Call Center,2024-10-08,2024-10-29,21,11586.04,7,3,True,Under Review,0
CLM504710,PH101113,Travel,Medical,Northern Ireland,Branch,2023-07-21,2023-07-31,10,351.82,4,0,True,Approved,0
CLM504711,PH100766,Commercial,Liability,South West,Branch,2023-09-08,2023-09-08,0,3149.78,2,0,True,Approved,0
CLM504712,PH101374,Auto,Fire,Scotland,Broker,2024-01-29,2024-02-09,11,3701.4,7,0,True,Approved,0
CLM504713,PH100907,Health,Optical,Northern Ireland,Branch,2024-04-03,2024-04-16,13,2459.89,5,2,True,Pending,0
CLM504714,PH100493,Travel,Lost Luggage,North East,Mobile App,2023-08-06,2023-08-13,7,174.71,1,2,False,Pending,0
CLM504715,PH100851,Life,Death Benefit,London,Mobile App,2024-11-20,2024-11-21,1,125160.84,2,2,True,Rejected,1
CLM504716,PH100789,Life,Death Benefit,Scotland,Online,2024-08-20,2024-09-05,16,50707.8,7,1,True,Approved,0
CLM504717,PH100463,Commercial,Liability,London,Mobile App,2023-09-23,2023-10-21,28,39867.42,2,3,True,Approved,0
CLM504718,PH101400,Commercial,Liability,Scotland,Mobile App,2024-01-08,2024-01-15,7,16157.97,4,2,False,Approved,0
CLM504719,PH100347,Commercial,Property Damage,South East,Broker,2023-07-31,2023-08-24,24,13662.06,5,1,False,Pending,0
CLM504720,PH101169,Health,Dental,South West,Online,2023-11-11,2023-11-25,14,3341.95,6,1,True,Under Review,0
CLM504721,PH100631,Home,Accidental Damage,Midlands,Online,2023-10-01,2023-10-07,6,7524.02,2,0,True,Approved,0
CLM504722,PH101164,Auto,Collision,North East,Mobile App,2023-12-09,2023-12-16,7,3019.6,6,0,True,Approved,0
CLM504723,PH101498,Life,Critical Illness,North West,Branch,2023-08-26,2023-09-08,13,18220.4,2,2,True,Pending,0
CLM504724,PH100798,Home,Burglary,London,Branch,2023-03-08,2023-03-20,12,2769.43,7,1,True,Approved,0
CLM504725,PH100965,Health,Dental,Yorkshire,Call Center,2024-10-23,2024-10-26,3,4941.04,2,3,True,Approved,0
CLM504726,PH100912,Travel,Lost Luggage,South East,Online,2023-02-15,2023-03-14,27,2183.16,7,1,False,Approved,0
CLM504727,PH101371,Travel,Cancellation,South East,Online,2024-12-09,2025-01-04,26,1294.53,4,0,True,Rejected,0
CLM504728,PH101081,Auto,Windscreen,North West,Online,2023-01-11,2023-01-15,4,1425.31,1,0,True,Approved,0
CLM504729,PH100988,Home,Burglary,Wales,Online,2023-10-18,2023-11-08,21,3885.21,3,0,True,Rejected,0
CLM504730,PH100411,Life,Critical Illness,Northern Ireland,Broker,2024-01-25,2024-01-25,0,,7,1,True,Approved,0
CLM504731,PH100378,Travel,Cancellation,Yorkshire,Mobile App,2024-09-10,2024-09-18,8,2345.19,2,3,True,Approved,0
CLM504732,PH100004,Commercial,Liability,North East,Mobile App,2023-05-30,2023-06-11,12,18581.2,4,3,True,Rejected,0
CLM504733,PH100142,Auto,Fire,Wales,Mobile App,2023-08-20,2023-09-05,16,1532.88,6,0,True,Approved,0
CLM504734,PH100517,Travel,Delay,Northern Ireland,Call Center,2024-11-01,2024-11-04,3,1050.09,7,3,False,Approved,0
CLM504735,PH100108,Auto,Fire,Northern Ireland,Broker,2024-08-01,2024-08-01,0,4766.48,2,2,True,Approved,0
CLM504736,PH101155,Auto,Theft,South East,Branch,2024-04-25,2024-04-29,4,8002.51,5,1,True,Approved,0
CLM504737,PH101002,Home,Accidental Damage,London,Broker,2024-11-16,2024-11-22,6,2441.59,4,3,True,Approved,0
CLM504738,PH101236,Travel,Medical,Northern Ireland,Mobile App,2024-01-24,2024-02-09,16,1004.16,1,3,True,Rejected,0
CLM504739,PH101479,Home,Storm,Midlands,Online,2024-09-14,2024-09-20,6,7109.14,1,0,True,Pending,0
CLM504740,PH100485,Home,Burglary,London,Branch,2023-02-11,2023-02-26,15,11205.26,5,1,True,Rejected,0
CLM504741,PH100300,Health,Outpatient,South West,Mobile App,2023-07-26,2023-07-27,1,5614.9,3,0,False,Approved,0
CLM504742,PH101438,Health,Optical,Scotland,Online,2023-02-21,2023-03-08,15,5553.13,5,1,True,Approved,0
CLM504743,PH100320,Life,Critical Illness,London,Mobile App,2024-10-23,2024-10-26,3,95136.77,6,1,False,Approved,0
CLM504744,PH100312,Home,Fire,Northern Ireland,Branch,2023-03-22,2023-04-20,29,2441.65,7,3,False,Approved,0
CLM504745,PH100515,Commercial,Property Damage,Northern Ireland,Call Center,2024-01-30,2024-02-10,11,58795.77,2,3,False,Under Review,0
CLM504746,PH101270,Commercial,Business Interruption,North East,Broker,2023-08-06,2023-08-13,7,17065.47,6,2,False,Approved,0
CLM504747,PH100718,Home,Storm,South West,Call Center,2024-11-30,2024-12-17,17,3405.02,6,1,True,Approved,0
CLM504748,PH100398,Auto,Windscreen,London,Online,2023-05-13,2023-05-25,12,4277.55,4,3,False,Approved,0
CLM504749,PH100603,Home,Flood,South West,Online,2023-10-15,2023-10-30,15,16116.88,1,3,True,Approved,0
CLM504750,PH101494,Life,Critical Illness,Scotland,Branch,2024-08-18,2024-09-04,17,30735.86,1,3,True,Approved,0
CLM504751,PH100394,Life,Death Benefit,Scotland,Branch,2023-05-14,2023-06-06,23,56037.07,0,1,True,Rejected,0
CLM504752,PH101158,Commercial,Liability,South East,Mobile App,2024-10-26,2024-11-12,17,12181.85,4,0,False,Approved,0
CLM504753,PH101433,Commercial,Liability,South East,Online,2023-12-12,2024-01-03,22,3626.7,2,1,True,Approved,0
CLM504754,PH100879,Health,Dental,London,Branch,2024-06-21,2024-07-07,16,4063.05,5,1,True,Approved,0
CLM504755,PH100035,Home,Flood,Northern Ireland,Branch,2024-05-13,2024-06-07,25,4191.09,6,2,False,Pending,0
CLM504756,PH100328,Commercial,Business Interruption,Scotland,Broker,2023-05-18,2023-05-25,7,11942.02,6,3,False,Approved,0
CLM504757,PH100185,Health,Optical,Northern Ireland,Mobile App,2024-06-06,2024-06-06,0,2350.34,1,3,True,Approved,0
CLM504758,PH101258,Home,Flood,South West,Broker,2023-11-16,2023-11-23,7,3983.54,1,0,True,Approved,0
CLM504759,PH100161,Life,Critical Illness,Yorkshire,Online,2024-02-24,2024-02-24,0,68684.16,7,1,False,Pending,0
CLM504760,PH100622,Home,Fire,Scotland,Branch,2023-11-20,2023-12-13,23,3520.1,7,2,True,Approved,0
CLM504761,PH100507,Commercial,Property Damage,Yorkshire,Mobile App,2024-12-28,2024-12-30,2,77099.07,6,3,True,Approved,1
CLM504762,PH100444,Travel,Cancellation,Northern Ireland,Mobile App,2024-09-11,2024-09-30,19,2134.66,1,1,False,Approved,0
CLM504763,PH101430,Auto,Windscreen,Northern Ireland,Branch,2024-04-01,2024-04-10,9,3815.46,6,3,True,Approved,0
CLM504764,PH101105,Health,Hospitalisation,Wales,Branch,2024-05-30,2024-06-23,24,349.07,0,2,False,Approved,0
CLM504765,PH101121,Home,Burglary,Northern Ireland,Mobile App,2023-10-07,2023-10-18,11,11414.95,0,0,True,Under Review,0
CLM504766,PH101110,Life,Death Benefit,London,Call Center,2023-01-27,2023-01-27,0,16851.23,3,2,False,Rejected,0
CLM504767,PH100600,Commercial,Business Interruption,Wales,Broker,2024-08-03,2024-08-24,21,27719.41,7,1,True,Approved,0
CLM504768,PH100526,Auto,Theft,South East,Call Center,2023-06-09,2023-07-06,27,7974.34,4,2,True,Rejected,0
CLM504769,PH101449,Life,Death Benefit,Yorkshire,Broker,2024-06-29,2024-07-13,14,33139.33,1,0,True,Pending,0
CLM504770,PH100416,Health,Dental,South West,Broker,2023-10-30,2023-11-21,22,2509.16,0,2,True,Pending,0
CLM504771,PH100985,Auto,Third Party,Scotland,Call Center,2024-10-30,2024-11-03,4,2605.84,0,1,True,Rejected,0
CLM504772,PH100120,Commercial,Property Damage,South West,Mobile App,2023-12-26,2023-12-31,5,15948.35,3,0,True,Approved,0
CLM504773,PH100386,Home,Accidental Damage,North East,Broker,2023-11-07,2023-11-15,8,7277.17,6,3,False,Under Review,0
CLM504774,PH100981,Auto,Fire,London,Call Center,2024-05-30,2024-06-24,25,6203.11,1,0,True,Rejected,0
CLM504775,PH100498,Travel,Cancellation,South East,Branch,2023-04-12,2023-05-04,22,791.41,5,0,True,Approved,0
CLM504776,PH100525,Life,Death Benefit,North West,Branch,2024-07-27,2024-08-09,13,12331.6,6,3,True,Pending,0
CLM504777,PH101150,Life,Death Benefit,Scotland,Mobile App,2023-09-07,2023-10-04,27,61869.24,3,3,True,Rejected,0
CLM504778,PH101284,Commercial,Property Damage,South East,Broker,2024-08-27,2024-09-19,23,21008.4,1,0,True,Approved,0
CLM504779,PH100117,Home,Flood,South West,Online,2023-04-05,2023-04-08,3,7809.19,0,2,True,Approved,0
CLM504780,PH100630,Commercial,Liability,Wales,Call Center,2024-03-20,2024-04-16,27,4856.15,6,2,False,Under Review,0
CLM504781,PH101336,Commercial,Liability,North East,Mobile App,2024-11-01,2024-11-05,4,13613.82,7,3,True,Under Review,0
CLM504782,PH101136,Life,Death Benefit,Northern Ireland,Broker,2023-12-23,2024-01-14,22,30874.17,6,1,True,Approved,0
CLM504783,PH100619,Home,Storm,London,Online,2024-05-09,2024-05-20,11,6763.27,7,3,True,Pending,0
CLM504784,PH100684,Life,Critical Illness,Northern Ireland,Mobile App,2024-04-28,2024-04-29,1,71576.21,2,3,False,Approved,0
CLM504785,PH101005,Health,Dental,Northern Ireland,Online,2024-11-12,2024-11-13,1,2990.18,3,0,False,Approved,1
CLM504786,PH100700,Life,Death Benefit,South East,Online,2023-06-16,2023-06-17,1,57857.75,7,0,True,Pending,0
CLM504787,PH100694,Commercial,Liability,Scotland,Mobile App,2024-10-10,2024-10-13,3,45816.56,4,2,True,Pending,0
CLM504788,PH100568,Travel,Delay,North East,Broker,2024-08-25,2024-09-11,17,629.28,7,1,True,Rejected,0
CLM504789,PH101432,Home,Flood,Yorkshire,Call Center,2024-07-23,2024-08-10,18,11345.66,3,0,True,Approved,0
CLM504790,PH100851,Health,Optical,London,Branch,2024-07-18,2024-07-27,9,2750.69,1,2,True,Approved,0
CLM504791,PH100846,Auto,Collision,North East,Branch,2023-10-07,2023-10-31,24,5366.59,4,3,True,Approved,0
CLM504792,PH101419,Auto,Windscreen,South East,Online,2024-08-13,2024-08-20,7,2319.52,1,2,False,Pending,0
CLM504793,PH101261,Auto,Third Party,North West,Call Center,2023-04-19,2023-04-25,6,2794.14,7,3,True,Pending,0
CLM504794,PH100418,Auto,Fire,London,Broker,2023-02-05,2023-02-17,12,4770.37,2,2,True,Pending,0
CLM504795,PH100520,Life,Death Benefit,Yorkshire,Call Center,2024-05-30,2024-06-11,12,41247.77,0,2,False,Under Review,0
CLM504796,PH100523,Commercial,Business Interruption,South East,Online,2023-05-27,2023-05-28,1,191018.07,5,0,False,Approved,1
CLM504797,PH101308,Life,Death Benefit,Yorkshire,Online,2023-10-09,2023-10-26,17,81741.06,4,3,True,Pending,0
CLM504798,PH100362,Auto,Fire,London,Mobile App,2023-09-26,2023-09-26,0,14359.56,5,0,False,Under Review,1
CLM504799,PH101029,Commercial,Business Interruption,Wales,Branch,2024-09-24,2024-10-02,8,12612.31,5,2,True,Approved,0
CLM504800,PH100590,Life,Death Benefit,South East,Call Center,2023-12-14,2024-01-03,20,121099.09,7,1,True,Approved,0
CLM504801,PH100656,Commercial,Liability,Midlands,Call Center,2023-05-17,2023-05-24,7,43192.1,6,0,True,Approved,0
CLM504802,PH101360,Travel,Cancellation,London,Broker,2023-11-10,2023-11-25,15,1703.46,3,1,True,Pending,0
CLM504803,PH100340,Health,Hospitalisation,Midlands,Online,2023-02-17,2023-02-21,4,2358.72,5,0,True,Rejected,0
CLM504804,PH100932,Travel,Cancellation,North East,Mobile App,2023-06-13,2023-06-23,10,619.5,2,0,True,Pending,0
CLM504805,PH100684,Home,Accidental Damage,Northern Ireland,Branch,2023-07-02,2023-07-22,20,8670.2,1,1,True,Approved,0
CLM504806,PH100651,Life,Death Benefit,London,Branch,2023-04-09,2023-04-16,7,86434.78,0,2,True,Pending,0
CLM504807,PH101368,Travel,Delay,Northern Ireland,Call Center,2024-04-10,2024-04-24,14,996.79,5,0,True,Pending,0
CLM504808,PH100089,Health,Optical,Wales,Broker,2024-11-19,2024-11-19,0,5218.67,3,0,False,Approved,0
CLM504809,PH100343,Auto,Third Party,South West,Online,2023-02-19,2023-03-18,27,1893.3,7,1,True,Rejected,0
CLM504810,PH101393,Home,Flood,London,Broker,2023-08-26,2023-08-26,0,,2,2,False,Under Review,1
CLM504811,PH100374,Auto,Windscreen,South West,Mobile App,2023-06-28,2023-07-10,12,3567.03,6,0,True,Approved,0
CLM504812,PH101160,Life,Critical Illness,Wales,Call Center,2023-02-09,2023-03-01,20,47152.15,7,3,True,Approved,0
CLM504813,PH101190,Life,Death Benefit,Wales,Branch,2024-10-21,2024-11-15,25,17058.44,7,1,False,Approved,0
CLM504814,PH100539,Travel,Lost Luggage,Yorkshire,Branch,2023-10-27,2023-11-21,25,2028.1,5,3,True,Approved,0
CLM504815,PH100959,Home,Flood,North West,Online,2023-09-27,2023-10-10,13,14831.13,7,3,True,Approved,0
CLM504816,PH100487,Life,Critical Illness,Northern Ireland,Call Center,2023-05-20,2023-06-04,15,5342.56,4,0,False,Approved,0
CLM504817,PH101345,Travel,Lost Luggage,Midlands,Broker,2024-12-05,2024-12-30,25,896.79,1,3,True,Under Review,0
CLM504818,PH100527,Travel,Cancellation,London,Mobile App,2023-04-20,2023-04-22,2,718.5,3,1,True,Approved,0
CLM504819,PH101477,Auto,Theft,Scotland,Online,2023-04-20,2023-05-18,28,732.59,7,0,True,Approved,0
CLM504820,PH100267,Life,Critical Illness,South West,Broker,2024-11-29,2024-12-19,20,25782.46,3,0,False,Approved,0
CLM504821,PH100828,Life,Death Benefit,South West,Call Center,2023-08-18,2023-09-12,25,228399.51,3,1,True,Approved,0
CLM504822,PH100895,Life,Death Benefit,Northern Ireland,Mobile App,2023-12-09,2023-12-10,1,17194.87,0,2,True,Approved,0
CLM504823,PH100940,Commercial,Liability,Midlands,Call Center,2024-04-09,2024-05-05,26,28312.87,4,1,True,Approved,0
CLM504824,PH100454,Auto,Theft,Yorkshire,Branch,2024-05-20,2024-06-14,25,1830.51,3,2,True,Approved,0
CLM504825,PH100386,Life,Death Benefit,North East,Online,2024-08-10,2024-08-10,0,115158.82,1,0,False,Rejected,1
CLM504826,PH100901,Life,Critical Illness,Northern Ireland,Online,2024-03-10,2024-03-22,12,134638.33,4,3,True,Under Review,0
CLM504827,PH100401,Home,Flood,Northern Ireland,Online,2023-10-28,2023-11-11,14,998.58,0,1,True,Approved,0
CLM504828,PH100315,Life,Critical Illness,Yorkshire,Mobile App,2024-08-22,2024-08-26,4,74358.61,4,1,True,Approved,0
CLM504829,PH101006,Life,Death Benefit,North West,Mobile App,2024-03-24,2024-04-14,21,30245.12,4,2,False,Pending,0
CLM504830,PH100824,Travel,Lost Luggage,Midlands,Online,2023-06-15,2023-07-06,21,2648.35,1,3,True,Under Review,0
CLM504831,PH100518,Health,Hospitalisation,South West,Call Center,2023-02-18,2023-02-23,5,4635.11,5,1,True,Approved,0
CLM504832,PH101440,Commercial,Property Damage,Scotland,Broker,2023-04-26,2023-04-26,0,123840.73,1,3,True,Approved,1
CLM504833,PH101351,Health,Dental,Midlands,Broker,2024-05-04,2024-05-21,17,3278.07,7,0,True,Rejected,0
CLM504834,PH100456,Commercial,Property Damage,North East,Online,2023-03-07,2023-03-19,12,54208.24,5,3,False,Approved,0
CLM504835,PH100787,Travel,Cancellation,London,Broker,2024-12-06,2024-12-27,21,1181.96,5,3,True,Approved,0
CLM504836,PH100683,Travel,Cancellation,Midlands,Online,2024-09-17,2024-09-23,6,1327.9,6,3,True,Approved,0
CLM504837,PH101406,Home,Burglary,North West,Broker,2023-01-08,2023-01-19,11,6286.99,2,3,True,Approved,0
CLM504838,PH100258,Auto,Windscreen,Midlands,Online,2024-11-21,2024-12-18,27,667.67,1,3,True,Approved,0
CLM504839,PH100550,Commercial,Business Interruption,Wales,Broker,2023-05-20,2023-05-24,4,17439.85,1,0,False,Approved,0
CLM504840,PH100687,Life,Critical Illness,Northern Ireland,Broker,2023-04-10,2023-04-27,17,95276.08,1,2,True,Pending,0
CLM504841,PH100431,Home,Burglary,North East,Branch,2023-10-18,2023-10-30,12,11554.69,0,2,False,Approved,0
CLM504842,PH100059,Home,Fire,North West,Online,2023-01-21,2023-02-09,19,19587.77,6,3,True,Approved,0
CLM504843,PH100622,Life,Death Benefit,Scotland,Branch,2023-10-17,2023-11-14,28,22632.93,4,3,True,Approved,0
CLM504844,PH100245,Health,Optical,Yorkshire,Online,2024-02-27,2024-03-06,8,1191.25,4,0,False,Approved,0
CLM504845,PH101267,Commercial,Liability,Northern Ireland,Branch,2024-08-25,2024-09-02,8,14320.33,3,3,False,Under Review,0
CLM504846,PH100953,Commercial,Property Damage,Wales,Mobile App,2023-10-26,2023-11-24,29,10784.31,0,2,True,Approved,0
CLM504847,PH101472,Home,Flood,Wales,Branch,2024-01-30,2024-02-19,20,6249.7,1,0,True,Pending,0
CLM504848,PH100681,Health,Optical,London,Online,2024-07-30,2024-08-18,19,2618.6,5,1,False,Approved,0
CLM504849,PH101075,Travel,Cancellation,London,Online,2024-10-31,2024-11-02,2,2130.66,0,0,False,Under Review,1
CLM504850,PH100491,Auto,Theft,South West,Online,2024-01-08,2024-01-08,0,5880.59,2,3,True,Rejected,1
CLM504851,PH100269,Home,Accidental Damage,Northern Ireland,Mobile App,2024-07-10,2024-07-12,2,11825.94,7,1,True,Rejected,0
CLM504852,PH101429,Auto,Theft,Northern Ireland,Branch,2023-02-12,2023-02-17,5,8760.99,0,1,False,Approved,0
CLM504853,PH100528,Commercial,Liability,South East,Broker,2023-12-27,2024-01-18,22,14873.43,3,1,True,Pending,0
CLM504854,PH100623,Life,Death Benefit,Wales,Mobile App,2023-05-16,2023-05-18,2,41060.9,7,0,True,Approved,1
CLM504855,PH101397,Life,Death Benefit,North West,Call Center,2023-04-21,2023-05-10,19,6456.33,6,0,True,Approved,0
CLM504856,PH101183,Travel,Cancellation,Yorkshire,Mobile App,2023-03-13,2023-04-06,24,118.97,2,3,True,Rejected,0
CLM504857,PH100171,Travel,Medical,Northern Ireland,Mobile App,2023-12-15,2023-12-23,8,1031.32,1,3,True,Approved,0
CLM504858,PH101342,Auto,Theft,Wales,Branch,2023-01-23,2023-01-31,8,8687.83,7,3,True,Under Review,0
CLM504859,PH100198,Auto,Fire,Northern Ireland,Online,2023-07-17,2023-07-26,9,1951.09,4,0,False,Approved,0
CLM504860,PH101061,Health,Hospitalisation,London,Branch,2023-07-28,2023-08-13,16,6710.04,6,2,True,Rejected,0
CLM504861,PH101149,Auto,Collision,Scotland,Mobile App,2023-03-31,2023-04-02,2,313.57,5,2,True,Approved,0
CLM504862,PH101181,Travel,Cancellation,Scotland,Mobile App,2024-01-13,2024-01-26,13,3011.31,3,0,True,Approved,0
CLM504863,PH100737,Life,Critical Illness,Midlands,Branch,2024-11-27,2024-12-25,28,18355.63,7,2,True,Pending,0
CLM504864,PH101304,Travel,Lost Luggage,South West,Call Center,2024-01-20,2024-01-30,10,3357.84,0,2,True,Approved,0
CLM504865,PH101175,Commercial,Property Damage,Scotland,Online,2023-03-27,2023-04-01,5,18827.08,7,0,True,Under Review,0
CLM504866,PH100865,Travel,Delay,North East,Mobile App,2024-05-30,2024-06-01,2,6953.1,3,2,False,Under Review,1
CLM504867,PH100792,Life,Death Benefit,North West,Broker,2024-01-19,2024-02-07,19,27307.95,0,2,True,Approved,0
CLM504868,PH101348,Health,Dental,North East,Branch,2024-05-18,2024-05-30,12,4868.74,0,3,True,Pending,0
CLM504869,PH100326,Home,Burglary,South East,Online,2023-04-03,2023-04-23,20,14892.39,5,2,True,Pending,0
CLM504870,PH101393,Travel,Delay,London,Online,2024-07-19,2024-08-09,21,681.0,5,2,True,Approved,0
CLM504871,PH100666,Commercial,Property Damage,Midlands,Broker,2023-07-21,2023-07-28,7,19775.08,7,1,True,Approved,0
CLM504872,PH100678,Auto,Windscreen,Midlands,Call Center,2023-08-04,2023-08-19,15,2151.01,0,0,False,Under Review,0
CLM504873,PH100818,Auto,Collision,South West,Branch,2023-04-09,2023-04-13,4,1164.73,1,0,True,Approved,0
CLM504874,PH101472,Life,Death Benefit,Wales,Mobile App,2024-02-19,2024-03-17,27,78332.76,0,0,True,Under Review,0
CLM504875,PH100981,Travel,Lost Luggage,London,Online,2024-01-18,2024-01-28,10,753.63,6,0,False,Under Review,0
CLM504876,PH100312,Commercial,Business Interruption,Northern Ireland,Broker,2023-02-06,2023-03-01,23,82636.67,0,1,True,Under Review,0
CLM504877,PH100261,Travel,Cancellation,Wales,Mobile App,2023-10-27,2023-10-28,1,6048.19,5,0,False,Approved,1
CLM504878,PH101207,Travel,Cancellation,Northern Ireland,Online,2024-07-02,2024-07-03,1,841.83,0,3,True,Approved,0
CLM504879,PH101318,Life,Death Benefit,Yorkshire,Branch,2023-02-19,2023-03-15,24,16646.96,4,3,True,Pending,0
CLM504880,PH100247,Commercial,Property Damage,London,Broker,2024-09-08,2024-09-27,19,37653.57,5,3,True,Approved,0
CLM504881,PH100627,Commercial,Property Damage,North West,Call Center,2023-07-08,2023-08-06,29,13416.21,6,2,True,Approved,0
CLM504882,PH100191,Life,Death Benefit,South West,Broker,2024-08-01,2024-08-20,19,50790.53,0,2,True,Approved,0
CLM504883,PH101072,Commercial,Liability,  YORKSHIRE ,Online,2024-04-26,2024-05-04,8,32754.35,3,0,True,Approved,0
CLM504884,PH100374,Travel,Medical,South West,Call Center,2023-02-11,2023-02-12,1,1245.37,1,1,False,Pending,0
CLM504885,PH101476,Auto,Windscreen,Northern Ireland,Mobile App,2023-03-09,2023-04-07,29,1837.93,4,3,True,Approved,0
CLM504886,PH100065,Life,Critical Illness,Midlands,Broker,2024-09-27,2024-10-08,11,87971.63,1,3,True,Under Review,0
CLM504887,PH100211,Commercial,Property Damage,North West,Online,2024-07-06,2024-08-01,26,58784.8,4,1,True,Approved,0
CLM504888,PH100051,Travel,Medical,South East,Online,2024-02-09,2024-02-10,1,442.66,5,1,True,Rejected,0
CLM504889,PH100204,Commercial,Business Interruption,North West,Mobile App,2023-03-04,2023-03-04,0,36555.34,4,2,False,Under Review,1
CLM504890,PH101179,Home,Burglary,Wales,Mobile App,2024-10-11,2024-11-05,25,12682.01,0,1,True,Approved,0
CLM504891,PH101290,Travel,Medical,London,Online,2023-10-09,2023-10-09,0,2568.63,0,0,False,Under Review,1
CLM504892,PH100675,Health,Hospitalisation,Wales,Branch,2024-04-13,2024-05-03,20,4108.15,7,2,False,Approved,0
CLM504893,PH100455,Travel,Lost Luggage,Yorkshire,Online,2023-02-23,2023-02-27,4,586.09,3,3,True,Approved,0
CLM504894,PH100312,Commercial,Liability,Northern Ireland,Broker,2024-04-10,2024-04-25,15,,2,3,True,Rejected,0
CLM504895,PH100611,Auto,Theft,South West,Call Center,2024-07-15,2024-07-25,10,,1,2,True,Approved,0
CLM504896,PH100127,Auto,Theft,Northern Ireland,Call Center,2023-09-23,2023-10-21,28,4804.12,4,3,True,Pending,0
CLM504897,PH100632,Commercial,Property Damage,London,Broker,2023-08-07,2023-08-28,21,4852.05,0,1,False,Pending,0
CLM504898,PH101091,Travel,Cancellation,London,Online,2024-02-20,2024-03-16,25,2066.5,3,0,True,Approved,0
CLM504899,PH100277,Health,Outpatient,North West,Branch,2024-11-01,2024-11-26,25,2123.42,0,0,False,Approved,0
CLM504900,PH101016,Auto,Theft,North West,Branch,2023-12-22,2024-01-02,11,13725.19,0,3,True,Rejected,0
CLM504901,PH100439,Life,Critical Illness,Yorkshire,Mobile App,2023-09-02,2023-09-23,21,40656.77,7,3,True,Under Review,0
CLM504902,PH101204,Home,Accidental Damage,North West,Call Center,2024-08-18,2024-09-04,17,7563.46,1,1,True,Approved,0
CLM504903,PH100512,Travel,Lost Luggage,South East,Broker,2023-07-16,2023-08-07,22,1718.29,4,1,True,Approved,0
CLM504904,PH101362,Auto,Fire,Wales,Online,2023-11-29,2023-12-12,13,3723.6,0,1,False,Approved,0
CLM504905,PH100247,Auto,Third Party,London,Call Center,2023-11-04,2023-11-23,19,7228.89,2,3,True,Pending,0
CLM504906,PH101042,Travel,Medical,North East,Broker,2023-01-14,2023-01-24,10,1655.94,4,2,True,Approved,0
CLM504907,PH100434,Travel,Cancellation,North West,Broker,2023-03-05,2023-03-19,14,1275.76,2,0,True,Approved,0
CLM504908,PH100342,Home,Flood,London,Online,2024-11-07,2024-11-27,20,3280.57,7,0,True,Rejected,0
CLM504909,PH100366,Commercial,Property Damage,South West,Branch,2024-06-22,2024-07-10,18,7042.68,1,2,False,Approved,0
CLM504910,PH101447,Auto,Theft,South East,Call Center,2023-02-28,2023-03-25,25,6305.17,6,1,True,Approved,0
CLM504911,PH101158,Health,Dental,South East,Branch,2023-09-18,2023-09-28,10,1274.77,5,2,True,Under Review,0
CLM504912,PH100288,Life,Death Benefit,South East,Broker,2023-11-28,2023-12-07,9,7053.9,7,1,False,Approved,0
CLM504913,PH101204,Health,Outpatient,North West,Call Center,2023-03-19,2023-04-04,16,2277.71,0,1,True,Approved,0
CLM504914,PH100833,Travel,Delay,South West,Branch,2024-11-06,2024-11-08,2,1478.16,1,3,True,Approved,0
CLM504915,PH100033,Auto,Collision,South East,Broker,2024-07-13,2024-08-09,27,1283.32,7,2,True,Under Review,0
CLM504916,PH100317,Auto,Windscreen,Scotland,Call Center,2024-03-10,2024-03-28,18,9841.16,5,2,True,Approved,0
CLM504917,PH100445,Life,Critical Illness,North East,Mobile App,2024-10-16,2024-10-27,11,56795.47,2,1,False,Approved,0
CLM504918,PH100624,Commercial,Property Damage,Yorkshire,Broker,2023-03-26,2023-03-31,5,6825.72,2,3,True,Approved,0
CLM504919,PH100068,Home,Flood,South East,Online,2024-03-11,2024-03-19,8,15982.83,0,1,False,Approved,0
CLM504920,PH100331,Health,Optical,Yorkshire,Mobile App,2023-03-20,2023-03-31,11,1211.8,5,1,False,Approved,0
CLM504921,PH100644,Auto,Third Party,Northern Ireland,Online,2023-11-19,2023-12-03,14,4372.42,4,0,True,Pending,0
CLM504922,PH101451,Auto,Theft,North West,Broker,2024-01-18,2024-02-16,29,790.54,6,2,True,Approved,0
CLM504923,PH100513,Home,Burglary,South East,Call Center,2023-11-05,2023-11-17,12,2869.29,5,1,True,Under Review,0
CLM504924,PH100888,Auto,Collision,South East,Mobile App,2023-04-14,2023-05-02,18,5785.62,3,3,False,Approved,0
CLM504925,PH101195,Auto,Fire,Wales,Mobile App,2024-09-22,2024-10-19,27,2098.7,4,2,True,Under Review,0
CLM504926,PH101335,Home,Fire,Wales,Mobile App,2024-09-26,2024-10-01,5,3768.82,6,3,True,Approved,0
CLM504927,PH101109,Travel,Lost Luggage,Scotland,Online,2024-11-20,2024-12-11,21,834.16,1,0,True,Approved,0
CLM504928,PH100470,Auto,Theft,North West,Call Center,2024-09-24,2024-09-28,4,5599.53,6,2,True,Approved,0
CLM504929,PH100782,Health,Outpatient,South East,Online,2023-02-09,2023-03-05,24,1372.23,0,3,True,Approved,0
CLM504930,PH100160,Home,Burglary,South East,Mobile App,2023-12-19,2024-01-07,19,4590.94,0,0,True,Approved,0
CLM504931,PH100784,Life,Death Benefit,Northern Ireland,Mobile App,2023-07-05,2023-07-06,1,110262.28,7,0,False,Approved,1
CLM504932,PH100547,Commercial,Business Interruption,Yorkshire,Call Center,2024-02-05,2024-02-11,6,60309.48,7,0,True,Approved,0
CLM504933,PH101202,Life,Critical Illness,Scotland,Call Center,2024-04-18,2024-04-26,8,20247.46,0,3,True,Approved,0
CLM504934,PH100291,Travel,Delay,Wales,Broker,2023-06-13,2023-06-29,16,496.91,6,1,True,Approved,0
CLM504935,PH100742,Home,Burglary,Northern Ireland,Call Center,2024-12-08,2024-12-27,19,21982.7,0,2,True,Approved,0
CLM504936,PH100884,Travel,Cancellation,South East,Broker,2024-12-02,2024-12-18,16,499.52,6,2,False,Rejected,0
CLM504937,PH101220,Commercial,Property Damage,South East,Call Center,2023-12-19,2023-12-22,3,18515.06,1,2,False,Under Review,0
CLM504938,PH100431,Auto,Windscreen,North East,Online,2024-03-18,2024-04-12,25,2883.41,6,2,True,Pending,0
CLM504939,PH100802,Life,Critical Illness,Yorkshire,Mobile App,2023-02-24,2023-03-05,9,21176.55,7,2,True,Rejected,0
CLM504940,PH100808,Health,Optical,Midlands,Online,2024-04-26,2024-04-30,4,3951.06,2,0,False,Approved,0
CLM504941,PH100826,Health,Hospitalisation,Scotland,Branch,2024-06-01,2024-06-15,14,3974.75,7,1,False,Under Review,0
CLM504942,PH100616,Home,Burglary,London,Broker,2023-12-08,2023-12-16,8,8953.34,4,2,True,Pending,0
CLM504943,PH100928,Home,Flood,South West,Broker,2024-12-20,2024-12-24,4,7670.25,7,3,True,Approved,0
CLM504944,PH101443,Home,Storm,Wales,Mobile App,2024-03-16,2024-04-05,20,10449.89,4,0,False,Pending,0
CLM504945,PH101476,Commercial,Liability,Northern Ireland,Mobile App,2024-08-10,2024-08-21,11,43407.35,0,2,False,Approved,0
CLM504946,PH100105,Commercial,Business Interruption,Scotland,Branch,2024-08-24,2024-09-20,27,41173.25,4,1,False,Under Review,0
CLM504947,PH101418,Health,Outpatient,North East,Broker,2023-11-29,2023-12-15,16,5730.67,0,1,True,Approved,0
CLM504948,PH101167,Auto,Fire,South East,Branch,2024-05-24,2024-06-05,12,9150.72,6,2,False,Rejected,0
CLM504949,PH100490,Life,Critical Illness,South East,Branch,2024-04-04,2024-04-10,6,74190.23,0,2,True,Pending,0
CLM504950,PH100441,Home,Burglary,London,Broker,2023-04-20,2023-05-05,15,4576.35,1,2,True,Approved,0
CLM504951,PH101377,Home,Burglary,North West,Mobile App,2024-12-26,2024-12-27,1,14116.33,1,1,True,Approved,0
CLM504952,PH101330,Auto,Windscreen,South East,Online,2024-11-26,2024-11-27,1,7064.31,3,2,True,Under Review,0
CLM504953,PH101441,Health,Hospitalisation,Scotland,Mobile App,2023-01-02,2023-01-31,29,2948.92,0,0,False,Approved,0
CLM504954,PH101195,Travel,Lost Luggage,Wales,Mobile App,2023-12-09,2023-12-17,8,1993.72,4,1,True,Rejected,0
CLM504955,PH101435,Commercial,Liability,Northern Ireland,Broker,2024-02-27,2024-03-26,28,11840.24,1,0,True,Under Review,0
CLM504956,PH100272,Home,Storm,South West,Call Center,2023-10-04,2023-10-26,22,4516.58,0,2,False,Approved,0
CLM504957,PH100473,Travel,Cancellation,Yorkshire,Call Center,2023-07-13,2023-07-21,8,780.39,0,1,False,Approved,0
CLM504958,PH101426,Commercial,Business Interruption,North West,Online,2023-10-27,2023-11-11,15,26660.43,4,0,True,Approved,0
CLM504959,PH101044,Commercial,Liability,Wales,Mobile App,2023-06-19,2023-06-19,0,28770.12,4,3,True,Approved,0
CLM504960,PH100606,Health,Optical,Scotland,Online,2023-01-05,2023-01-27,22,5821.64,5,1,True,Pending,0
CLM504961,PH100952,Health,Hospitalisation,North East,Mobile App,2024-04-24,2024-05-19,25,1412.77,5,3,True,Approved,0
CLM504962,PH101244,Home,Fire,Scotland,Online,2023-10-07,2023-10-30,23,15021.48,6,2,False,Approved,0
CLM504963,PH101008,Commercial,Business Interruption,South East,Call Center,2024-01-11,2024-02-05,25,4992.04,6,1,False,Pending,0
CLM504964,PH101100,Travel,Medical,London,Call Center,2023-04-27,2023-05-07,10,686.4,0,3,False,Rejected,0
CLM504965,PH100553,Health,Outpatient,North East,Online,2023-05-11,2023-05-12,1,11869.77,6,0,True,Rejected,0
CLM504966,PH100686,Commercial,Business Interruption,South East,Online,2024-06-12,2024-06-20,8,6051.56,5,0,True,Approved,0
CLM504967,PH101489,Health,Dental,Scotland,Branch,2023-12-29,2024-01-12,14,559.8,1,2,True,Approved,0
CLM504968,PH101006,Commercial,Property Damage,North West,Mobile App,2024-07-24,2024-07-30,6,7563.01,2,3,True,Rejected,0
CLM504969,PH100199,Commercial,Business Interruption,North West,Broker,2023-05-07,2023-05-25,18,18404.09,0,2,True,Pending,0
CLM504970,PH100591,Commercial,Business Interruption,North West,Broker,2023-11-12,2023-11-23,11,80244.94,3,2,False,Approved,0
CLM504971,PH100391,Auto,Collision,Midlands,Online,2023-02-14,2023-03-10,24,512.91,2,0,True,Approved,0
CLM504972,PH100473,Travel,Cancellation,Yorkshire,Call Center,2024-09-23,2024-10-11,18,1022.78,3,3,True,Rejected,0
CLM504973,PH100626,Auto,Collision,North East,Call Center,2024-10-13,2024-10-28,15,1858.69,1,2,True,Approved,0
CLM504974,PH101119,Life,Critical Illness,London,Call Center,2024-07-26,2024-08-04,9,32570.39,0,1,False,Approved,0
CLM504975,PH100756,Commercial,Property Damage,South West,Call Center,2024-12-22,2025-01-19,28,62051.71,4,1,True,Pending,0
CLM504976,PH100607,Commercial,Business Interruption,South West,Mobile App,2023-05-16,2023-05-18,2,181018.9,7,2,False,Rejected,1
CLM504977,PH100972,Life,Critical Illness,South East,Branch,2023-02-26,2023-03-08,10,125003.12,5,2,True,Approved,0
CLM504978,PH100132,Health,Dental,North East,Mobile App,2024-02-21,2024-02-21,0,9056.39,5,2,False,Rejected,1
CLM504979,PH100430,Life,Death Benefit,North West,Branch,2024-05-04,2024-05-22,18,89316.88,7,3,True,Under Review,0
CLM504980,PH100797,Travel,Cancellation,London,Call Center,2024-02-26,2024-03-03,6,2720.11,2,1,True,Rejected,0
CLM504981,PH101431,Commercial,Business Interruption,London,Broker,2024-07-27,2024-08-20,24,17496.29,6,1,True,Approved,0
CLM504982,PH100978,Life,Critical Illness,Midlands,Call Center,2023-11-25,2023-11-28,3,69549.26,6,0,True,Under Review,0
CLM504983,PH100686,Health,Dental,South East,Branch,2024-05-16,2024-05-29,13,8580.7,5,3,True,Under Review,0
CLM504984,PH100877,Life,Death Benefit,North West,Broker,2024-01-11,2024-02-08,28,-23165.89,1,3,False,Approved,0
CLM504985,PH100660,Travel,Delay,Midlands,Mobile App,2024-11-20,2024-11-21,1,656.92,4,2,False,Approved,0
CLM504986,PH101413,Home,Fire,North East,Online,2023-05-26,2023-06-11,16,5803.77,0,1,True,Pending,0
CLM504987,PH101395,Commercial,Property Damage,Midlands,Online,2024-07-05,2024-07-15,10,8724.19,6,1,False,Under Review,0
CLM504988,PH100535,Commercial,Business Interruption,London,Broker,2023-06-15,2023-06-30,15,5081.91,4,0,True,Approved,0
CLM504989,PH100249,Home,Flood,Scotland,Online,2024-07-18,2024-08-15,28,5702.81,1,0,True,Approved,0
CLM504990,PH100433,Health,Hospitalisation,Scotland,Branch,2024-01-18,2024-02-12,25,3432.61,5,2,True,Approved,0
CLM504991,PH100427,Home,Accidental Damage,Yorkshire,Mobile App,2024-07-28,2024-08-09,12,1864.23,0,3,True,Under Review,0
CLM504992,PH100895,Health,Outpatient,Northern Ireland,Online,2023-04-29,2023-05-08,9,1633.66,4,0,True,Under Review,0
CLM504993,PH101425,Commercial,Property Damage,Yorkshire,Branch,2023-09-09,2023-09-30,21,26281.05,2,1,False,Approved,0
CLM504994,PH101484,Travel,Delay,Wales,Branch,2023-10-25,2023-11-13,19,884.53,6,3,True,Under Review,0
CLM504995,PH101300,Home,Storm,North West,Branch,2024-02-28,2024-03-19,20,6013.01,4,0,True,Approved,0
CLM504996,PH100004,Travel,Delay,North East,Mobile App,2024-11-21,2024-12-20,29,927.27,0,0,True,Approved,0
CLM504997,PH101284,Life,Critical Illness,South East,Mobile App,2023-02-11,2023-03-08,25,92087.21,7,2,True,Approved,0
CLM504998,PH100835,Travel,Lost Luggage,North East,Branch,2023-03-02,2023-03-22,20,401.47,0,2,False,Approved,0
CLM504999,PH101129,Commercial,Liability,Wales,Broker,2024-07-06,2024-07-15,9,24960.88,4,0,True,Under Review,0
CLM501501,PH100606,Travel,Lost Luggage,Scotland,Call Center,2023-05-25,2023-06-08,14,2672.66,4,1,True,Approved,0
CLM502586,PH101155,Health,Dental,South East,Mobile App,2024-01-25,2024-01-28,3,677.1,0,3,True,Approved,0
CLM502653,PH101474,Commercial,Property Damage,Yorkshire,Call Center,2024-02-23,2024-03-14,20,19714.64,6,2,True,Rejected,0
CLM501055,PH100770,Commercial,Property Damage,Wales,Branch,2023-04-13,2023-04-25,12,14597.07,6,0,True,Rejected,0
CLM500705,PH100268,Health,Optical,South East,Online,2023-05-17,2023-05-21,4,1670.45,7,3,True,Approved,0
CLM500106,PH101485,Home,Accidental Damage,Scotland,Branch,2023-09-09,2023-09-11,2,8963.93,4,0,True,Under Review,0
CLM500589,PH101016,Travel,Lost Luggage,North West,Call Center,2024-09-01,2024-09-09,8,2943.54,5,2,True,Under Review,0
CLM502468,PH101025,Health,Hospitalisation,South East,Branch,2023-05-10,2023-06-02,23,3256.0,0,2,False,Rejected,0
CLM502413,PH100914,Life,Critical Illness,North East,Branch,2024-10-08,2024-10-08,0,90346.96,5,2,False,Approved,0
CLM501600,PH100394,Travel,Medical,Scotland,Online,2024-04-30,2024-05-28,28,2606.44,4,1,False,Pending,0
CLM502464,PH101375,Life,Critical Illness,Midlands,Call Center,2023-10-13,2023-10-29,16,31518.34,3,3,True,Approved,0
CLM500228,PH100758,Travel,Cancellation,London,Mobile App,2024-10-29,2024-11-19,21,1329.15,1,1,True,Approved,0
CLM500915,PH101229,Commercial,Property Damage,London,Mobile App,2024-05-11,2024-05-22,11,5565.6,7,2,True,Pending,0
CLM500794,PH100201,Auto,Windscreen,Northern Ireland,Mobile App,2024-07-26,2024-07-27,1,40380.96,2,0,False,Approved,1
CLM503021,PH100779,Auto,Third Party,Wales,Broker,2023-02-28,2023-03-27,27,11556.3,3,0,True,Pending,0
CLM503543,PH100188,Commercial,Business Interruption,London,Call Center,2023-08-08,2023-08-13,5,29240.42,3,1,True,Under Review,0
CLM501073,PH101494,Auto,Windscreen,Scotland,Broker,2023-12-12,2023-12-28,16,1191.81,3,2,True,Pending,0
CLM503351,PH100831,Travel,Delay,North West,Mobile App,2024-03-29,2024-04-03,5,2422.16,6,3,True,Approved,0
CLM501744,PH100656,Travel,Medical,Midlands,Broker,2024-03-16,2024-03-16,0,843.15,0,2,True,Approved,0
CLM501084,PH101144,Home,Storm,South East,Broker,2023-07-17,2023-08-01,15,2515.24,3,3,True,Approved,0
