policyholder_id,full_name,gender,date_of_birth,region,email,phone,customer_since,credit_score
PH100000,William Jennings,Female,1984-11-13,North East,bmorgan@example.org,0306 999 0810,2017-05-02,681
PH100001,Lesley Wilson-Newman,Male,1957-10-22,South West,william50@example.com,+44(0)131 4960092,2020-02-05,593
PH100002,Abdul Hopkins,Female,1998-09-13,Northern Ireland,kellyhilary@example.net,01632 960 221,2024-06-02,848
PH100003,Mrs Lauren Green,Female,1969-05-12,Northern Ireland,isingh@example.org,+44(0)1414960107,2019-11-08,724
PH100004,Tina Foster,Male,1965-06-04,North East,stevensims@example.org,+4428 9018051,2023-07-21,309
PH100005,Nigel Edwards,Other,1959-04-20,Scotland,elambert@example.net,(0909) 879 0843,2021-05-29,508
PH100006,Abdul Burton-Patterson,Female,1986-11-04,Midlands,smithfrancesca@example.org,+44(0)289018905,2020-08-01,459
PH100007,Sarah Reed-Walsh,Female,1991-11-25,Wales,thompsonadam@example.com,+44(0)808 1570529,2017-07-02,623
PH100008,Miss Olivia Bryan,Male,1968-08-29,South West,murphyronald@example.net,(01632) 960580,2018-12-10,446
PH100009,Dr Lee Green,Male,1993-11-09,Yorkshire,summerskenneth@example.org,0292018660,2021-09-06,831
PH100010,Eleanor Baker,Male,1973-05-15,Scotland,nwright@example.org,(0114) 4960382,2023-02-24,464
PH100011,Wayne Gough,Female,1965-09-25,Midlands,robertsrachel@example.com,+441632 960 412,2021-04-06,587
PH100012,Bernard Wilkinson-Simpson,Female,1978-04-18,London,rduncan@example.net,(0151)4960049,2023-06-28,367
PH100013,Mrs Julia Harris,Female,1957-10-26,North East,dannylee@example.org,01174960862,2018-02-15,800
PH100014,Dylan Young,Male,1961-05-31,Wales,wrightalbert@example.org,+4428 9018 0044,2025-05-23,801
PH100015,Ms Lindsey Rees,Male,1963-12-23,Wales,robertsonelizabeth@example.org,+44(0)1914960515,2017-10-22,736
PH100016,Geoffrey Griffin,Female,1988-07-14,Midlands,andrea27@example.org,+44(0)1514960919,2021-09-01,493
PH100017,Megan Taylor,Male,1990-08-05,North West,brownejulia@example.net,+44(0)151 4960111,2025-04-11,332
PH100018,Miss Carole Woods,Female,1998-09-13,Midlands,bhobbs@example.com,+44(0)116 4960125,2023-05-09,691
PH100019,Ms Sheila Evans,Female,1985-05-23,North East,baileyantony@example.org,+4420 74960020,2025-02-24,536
PH100020,Aaron Harrison,Female,1991-05-31,Scotland,helen72@example.org,+44117 4960571,2021-07-29,844
PH100021,Brandon Hammond,Male,1970-12-06,South East,ruthdixon@example.com,+449098790343,2021-05-14,684
PH100022,Graham Wilkinson,Other,1988-02-11,Scotland,lsmith@example.net,+44(0)1632960240,2022-09-11,596
PH100023,Amanda Hall,Female,1951-07-25,South East,andersondawn@example.net,0141 4960424,2018-09-04,842
PH100024,Frances Holmes-Lloyd,Female,1955-02-22,Scotland,johnsonjosh@example.com,+44(0)1154960956,2022-03-03,740
PH100025,Mrs Pauline Fuller,Male,1967-10-19,South West,pburgess@example.org,+44(0)117 496 0343,2021-06-08,552
PH100026,Dr Marc Phillips,Male,1963-07-29,South East,scottneil@example.net,+44(0)116 496 0447,2023-08-10,310
PH100027,Ruth Hawkins,Male,1977-12-31,North East,sheila83@example.com,+44118 4960175,2024-05-15,351
PH100028,Ms Jill Morley,Male,1987-12-17,North West,martynmanning@example.org,(020) 74960558,2025-02-18,544
PH100029,Bernard Wilkins,Female,1988-08-15,Yorkshire,lydiawatts@example.com,+44151 4960209,2017-09-13,609
PH100030,Catherine Morris,Female,1951-06-29,North East,qnoble@example.org,01414960289,2024-10-28,316
PH100031,Wayne Morris,Other,2006-02-25,North West,berryglen@example.org,(0117)4960654,2024-03-19,369
PH100032,Dr Paula Lloyd,Male,1940-12-02,Midlands,nsmith@example.com,(0117)4960588,2023-09-29,687
PH100033,Kathryn Hughes,Male,1946-10-03,South East,webblee@example.net,+448081570418,2025-02-13,713
PH100034,Mr William Gould,Male,1950-06-11,London,charlesthornton@example.com,(0306)9990343,2022-10-13,316
PH100035,Bethan Oliver,Male,2003-07-09,Northern Ireland,brucedamian@example.net,+44(0)1514960401,2018-08-17,579
PH100036,Lorraine Palmer,Male,1970-03-02,Yorkshire,uwright@example.com,0191 498 0272,2024-02-18,344
PH100037,Arthur Smith,Male,1944-12-01,South East,siansutton@example.org,+44(0)1514960955,2020-06-15,697
PH100038,Christopher Davies,Male,1955-08-23,North West,rosenigel@example.org,020 7946 0690,2023-01-11,758
PH100039,Bethan Young,Female,1946-01-01,South East,ytaylor@example.org,+44(0)121 4960150,2023-01-03,778
PH100040,Dr Danny Cook,Male,1943-02-16,Scotland,jonesdanielle@example.org,(0116) 4960675,2018-10-25,628
PH100041,Marion Steele-Harper,Female,1966-09-11,North West,ndaly@example.com,01314960125,2025-04-12,645
PH100042,Wayne Page-Carter,Female,2007-07-03,Scotland,charlottepatel@example.com,+44121 496 0278,2022-05-24,809
PH100043,Alexander Taylor,Male,1982-04-24,Midlands,juliaevans@example.com,+44(0)1164960079,2019-03-29,636
PH100044,Frances Buckley-Ryan,Female,1975-12-28,South East,albertclarke@example.net,+441514960996,2022-01-03,545
PH100045,Ms Kayleigh Watson,Female,1988-12-13,Yorkshire,whitejamie@example.com,+441632 960673,2024-03-04,715
PH100046,David Anderson,Male,1981-03-10,North East,wfletcher@example.com,(0118) 4960595,2022-01-17,624
PH100047,John Griffiths,Male,2004-11-13,North East,bryangibbs@example.net,(0161) 496 0640,2021-07-16,763
PH100048,Miss Alice Tomlinson,Female,1996-05-03,South East,melissamorgan@example.org,+449098790381,2017-02-24,588
PH100049,Simon Cunningham,Male,1984-02-06,North East,alizoe@example.com,+44(0)1414960649,2017-04-25,777
PH100050,Joshua Stewart,Male,1970-05-30,Yorkshire,mariejones@example.com,+44141 496 0902,2019-09-05,324
PH100051,Philip Clarke,Male,1954-04-11,South East,stephen63@example.org,+44(0)1614960249,2022-03-11,320
PH100052,Henry O'Brien,Female,1985-03-25,North East,tracy93@example.net,+44(0)29 2018839,2021-02-15,354
PH100053,Leon Davison,Female,1995-03-24,Scotland,marionsutton@example.com,0306 999 0225,2025-03-21,605
PH100054,Kayleigh Mitchell,Female,1960-01-04,North East,thomaspauline@example.net,+44(0)306 999 0014,2023-04-27,689
PH100055,Oliver Edwards-Matthews,Female,1942-11-05,Wales,fieldlisa@example.com,+44(0)306 9990257,2016-11-17,418
PH100056,Victor Patel,Male,1981-04-30,Yorkshire,pricecameron@example.org,(0141)4960270,2022-06-14,385
PH100057,Eric O'Neill,Female,1975-08-21,South East,marshalljane@example.org,029 2018 0232,2017-05-20,773
PH100058,Charlotte Haynes,Male,1956-04-25,Scotland,sarahdoyle@example.net,(0121)4960412,2024-11-14,712
PH100059,Martyn Wilson,Male,1952-02-01,North West,brownaimee@example.com,0118 496 0361,2018-09-04,656
PH100060,Sarah Hammond,Female,1943-01-05,North West,geraldinenicholls@example.net,(01632)960328,2021-06-15,568
PH100061,Robert Wilson,Male,1956-10-30,Scotland,stewartgillian@example.org,0909 879 0507,2020-08-02,531
PH100062,Maria Bruce,Female,1940-07-31,Scotland,xgallagher@example.net,(0116) 4960517,2020-11-08,311
PH100063,Olivia King,Female,1951-04-08,South East,acampbell@example.net,+441914960637,2021-05-30,403
PH100064,Kayleigh Daniels,Female,2008-05-05,North East,cooperhollie@example.com,(029) 2018 0673,2025-04-22,793
PH100065,Gerard Jones,Female,1993-07-30,Midlands,doylemathew@example.net,(0306) 999 0162,2018-03-28,486
PH100066,Dr Dennis Bates,Female,1964-07-28,Yorkshire,lydiafrancis@example.com,+44(0)121 496 0265,2024-12-17,687
PH100067,Lydia Williams,Male,1967-06-07,North East,lewisfrances@example.com,0121 496 0696,2020-08-16,687
PH100068,Dr Joan Taylor,Male,1980-05-31,South East,griffithsclaire@example.com,(0191) 4960157,2019-12-25,470
PH100069,Hazel Lambert,Male,1975-10-08,London,owenclive@example.net,(029) 2018 0903,2017-04-05,412
PH100070,Adam Long,Male,1990-09-03,Wales,mooredennis@example.org,+44(0)909 8790923,2022-01-31,680
PH100071,Leslie Roberts-Griffiths,Male,1945-03-24,Wales,shane81@example.net,+44(0)131 4960558,2023-01-12,351
PH100072,Barbara Wilkinson,Female,1946-09-10,North West,wrahman@example.net,+44808 157 0099,2022-07-13,572
PH100073,Kirsty Akhtar,Male,1959-11-27,North East,ericpotter@example.com,0306 999 0613,2020-09-16,788
PH100074,Harry Gardiner,Male,1996-12-25,Midlands,ewhite@example.com,+44(0)1154960730,2022-01-19,691
PH100075,Melissa Mann,Male,2002-10-13,North East,alison78@example.net,+44117 496 0461,2020-12-27,720
PH100076,Mr Peter Riley,Male,1964-03-25,South East,jonesstacey@example.net,01314960626,2021-06-08,345
PH100077,Thomas Morgan,Female,2006-01-24,Yorkshire,alison95@example.net,01164960446,2024-04-09,409
PH100078,Mr Jake Stevenson,Female,1959-05-13,North West,barrettclare@example.org,(029) 2018704,2021-09-23,451
PH100079,Kenneth Taylor,Female,1981-10-17,Wales,dickinsonantony@example.com,+44(0)1414960226,2020-06-26,460
PH100080,Jennifer Lamb,Female,1953-10-15,Wales,griffithsmartyn@example.org,+4429 2018 0817,2021-01-12,406
PH100081,Miss Carole Hussain,Male,2003-10-13,Yorkshire,jeanhayes@example.org,08081570151,2024-03-02,834
PH100082,Ricky Adams-Jones,Female,1979-08-27,North West,harrisjill@example.net,+44(0)289018602,2024-02-03,390
PH100083,Stephanie Lloyd,Male,1958-04-26,North West,elaineward@example.com,+44(0)121 496 0298,2017-09-21,689
PH100084,Leah Newman,Male,1968-03-31,Scotland,harrisphilip@example.org,01414960707,2021-03-15,622
PH100085,Sally George,Male,1947-10-20,Scotland,mariaberry@example.com,+44(0)289018660,2018-04-28,635
PH100086,Shane Kerr,Female,1945-06-25,South East,abbie57@example.net,(0121)4960641,2025-07-03,418
PH100087,Mr Matthew Hunt,Male,1960-07-27,South East,kmurphy@example.org,+44(0)20 74960785,2016-11-25,469
PH100088,Lucy Rees,Male,2004-12-16,North West,ronald43@example.com,+44306 9990758,2022-05-07,633
PH100089,Hazel Taylor,Female,1995-02-28,Wales,gerard02@example.com,+44(0)131 496 0126,2019-06-04,464
PH100090,Mrs Ruth Smith,Male,2005-08-13,Scotland,caroline29@example.org,(0191) 4960612,2021-04-11,681
PH100091,Michael Bibi,Female,2000-02-20,Scotland,justin22@example.org,0113 4960594,2020-02-23,321
PH100092,Miss Danielle Martin,Male,1995-11-09,North East,connorthomas@example.com,01174960897,2018-03-27,340
PH100093,Charles Smith-Byrne,Male,1979-08-27,North West,chloesmith@example.org,(0151) 496 0074,2022-03-09,700
PH100094,Brandon Hodgson,Male,1987-10-07,Northern Ireland,chelseagoddard@example.net,+44(0)113 4960177,2018-09-11,639
PH100095,Mrs Rebecca Hale,Female,2006-04-02,North East,leigh25@example.com,+44(0)131 496 0095,2017-01-09,323
PH100096,Adam Ford,Male,1978-11-09,South East,eleanoratkins@example.org,(0118) 4960654,2018-12-25,794
PH100097,Tina Pritchard,Male,1992-12-01,Scotland,xbegum@example.org,(0306) 9990084,2016-10-29,302
PH100098,Mrs Lesley Charlton,Male,1992-01-26,South East,jmurray@example.org,+44(0)116 496 0456,2024-08-10,825
PH100099,Beverley Lee,Other,2005-12-04,North West,eileen47@example.com,(0113) 4960754,2019-10-20,701
PH100100,Derek Talbot-Scott,Female,1971-10-06,Scotland,annabriggs@example.com,+4428 9018 0091,2025-07-04,843
PH100101,Arthur Bailey,Female,1971-11-21,South East,charlene17@example.org,+44131 4960086,2019-12-27,821
PH100102,Dr Mohamed Webb,Male,1980-06-19,London,josephinewalton@example.com,(0118) 496 0218,2022-02-18,472
PH100103,Holly Clark,Other,1942-06-03,Wales,alexandergerald@example.com,0115 496 0227,2022-09-23,716
PH100104,Julia Bryan,Female,1948-06-19,North East,colin50@example.net,01514960457,2021-09-05,416
PH100105,Sylvia Kelly-Ward,Female,1945-02-25,Scotland,carolehill@example.com,+44292018938,2016-10-31,559
PH100106,Elliott Davis,Male,1983-08-26,Yorkshire,danielshort@example.com,020 74960701,2017-09-06,432
PH100107,Duncan Smith,Male,2008-03-01,Scotland,simpsonlisa@example.org,+44(0)1214960502,2019-01-28,567
PH100108,Mr Jordan Thomson,Male,1986-08-04,Northern Ireland,mstephens@example.net,+44(0)2074960168,2021-06-07,779
PH100109,Dr Daniel Harper,Female,1956-03-12,North West,walkerrebecca@example.com,(01632)960154,2023-07-25,539
PH100110,Mr Stanley Robinson,Male,1962-01-11,Midlands,rachelcharlton@example.com,0151 496 0602,2019-08-23,350
PH100111,Melissa Fisher,Male,2005-07-13,North East,kirbybruce@example.com,+44(0)1632960416,2019-12-06,478
PH100112,Mrs Victoria Tucker,Male,1975-09-07,London,fcameron@example.org,(0115)4960394,2018-10-26,732
PH100113,Keith Kaur-Lee,Female,1941-03-22,Northern Ireland,acox@example.com,(0121)4960988,2024-12-18,586
PH100114,Martyn Kennedy,Male,1997-02-23,Scotland,ben66@example.org,09098790305,2020-02-05,608
PH100115,Nicola Brookes,Female,1957-06-10,Wales,wilkinsleon@example.com,02074960736,2021-11-25,537
PH100116,Mr Antony Kelly,Female,1946-11-20,South West,gary96@example.org,+44(0)118 4960248,2018-04-28,461
PH100117,Charlene Webb,Female,1986-05-16,South West,boltonabdul@example.com,(029) 2018 0096,2019-09-26,628
PH100118,Dr Dylan Morris,Male,1996-05-24,London,suzannehall@example.net,+44(0)116 4960440,2023-11-23,648
PH100119,Amanda Simpson,Female,1945-09-24,Yorkshire,marcskinner@example.com,+441414960306,2019-03-16,793
PH100120,Mr Russell Jennings,Female,2003-11-24,South West,andrea70@example.com,029 2018 0244,2022-04-21,639
PH100121,Mohammed Gill-Ali,Female,1972-12-19,Northern Ireland,valerie87@example.org,+44(0)151 4960951,2022-04-06,847
PH100122,Harry Phillips,Male,1964-08-07,Wales,jamescarl@example.com,+441174960305,2017-10-03,754
PH100123,Mr Karl Carr,Male,2001-05-17,South West,ruth71@example.net,+441174960194,2021-05-08,343
PH100124,Dr Jamie Ryan,Male,1958-11-10,Wales,helen27@example.net,+441632 960 979,2021-09-28,515
PH100125,Clive Rogers,Female,2004-12-18,Yorkshire,matthewbaldwin@example.com,+44(0)1414960958,2018-12-25,511
PH100126,Mr Nathan Brown,Male,1987-01-05,Yorkshire,eturner@example.net,(0141) 496 0780,2020-01-30,301
PH100127,Suzanne Mills,Male,2002-06-08,Northern Ireland,kimberley79@example.com,(0131) 496 0555,2024-05-09,399
PH100128,Mr Bradley Parsons,Male,1974-06-29,Midlands,teresa71@example.com,+44808 157 0727,2024-05-09,719
PH100129,Marc Davies,Female,1954-02-20,North East,bradyben@example.net,09098790738,2018-04-23,493
PH100130,Dr Stephen Clark,Male,1990-07-27,Scotland,lanebethany@example.net,+44(0)29 2018264,2025-03-15,381
PH100131,Louise Jackson-Robinson,Female,1999-11-28,Wales,susanhumphries@example.com,+44141 4960091,2024-11-14,458
PH100132,Michelle Anderson,Female,1954-08-15,North East,samantha50@example.com,(028)9018785,2024-12-19,451
PH100133,Miss Marion Butler,Male,1954-05-08,London,melanie18@example.org,+44(0)114 496 0385,2019-08-15,395
PH100134,Kevin Cooper,Female,1957-07-16,North East,neilanderson@example.org,(0121)4960457,2018-01-14,355
PH100135,Neil Smith,Male,1982-08-17,London,guy44@example.net,(029) 2018702,2017-04-10,720
PH100136,Charlie Winter-Bennett,Female,1951-03-03,Midlands,lewis89@example.com,(028) 9018 0929,2022-09-06,753
PH100137,Glenn Peters,Female,1947-10-25,Wales,jameskhan@example.com,+44131 496 0966,2019-07-05,572
PH100138,Albert Chapman-Williams,Female,2003-02-18,Wales,danielle65@example.org,(0306) 999 0048,2021-05-10,638
PH100139,Roger Johnson,Male,1986-07-08,Wales,lloydstephanie@example.org,+44(0)1632 960736,2019-08-07,805
PH100140,Benjamin Peters,Female,1985-09-03,Wales,yvonneosborne@example.net,(0191)4960269,2025-06-18,763
PH100141,Tina Gordon-Miles,Female,1982-04-20,Wales,fletchermartin@example.org,0909 8790116,2020-11-27,317
PH100142,Miss Julia Clarke,Female,1992-07-12,Wales,andrewjones@example.com,+44117 4960319,2024-10-13,824
PH100143,Dr Annette Morris,Female,1977-05-19,Midlands,bradley79@example.net,01214960226,2019-08-25,336
PH100144,Cheryl Pearce,Male,1943-06-08,North East,kyle40@example.net,+441914960653,2018-01-25,314
PH100145,Mrs Kathleen Hussain,Male,1973-05-10,Midlands,mortonannette@example.org,+44(0)1414960945,2021-09-26,521
PH100146,Miss Joan Williams,Male,1982-10-07,South West,mohammadharvey@example.org,(0306)9990515,2020-03-10,710
PH100147,Kenneth Lewis,Female,1974-01-15,Yorkshire,fieldnathan@example.org,+441614960886,2021-11-10,344
PH100148,Mr Hugh Cunningham,Male,2007-07-26,Northern Ireland,russellsharon@example.org,+44(0)117 496 0677,2024-05-16,461
PH100149,Mohamed Parkinson,Male,2001-07-22,South East,raymondrhodes@example.net,0121 4960722,2018-07-23,444
PH100150,Mrs Elaine Davies,Female,1999-08-21,North East,joneshoward@example.org,+44141 496 0408,2021-04-29,518
PH100151,Sandra Kennedy,Female,1973-12-08,North West,atkinsmark@example.org,+448081570572,2023-08-05,842
PH100152,Lesley Robinson,Male,2007-07-02,South East,wallrussell@example.net,+4429 2018 0169,2019-11-21,482
PH100153,Alan Murphy,Female,2002-11-06,North East,jeffreydavies@example.org,+44(0)289018666,2018-07-27,414
PH100154,Gerard Chamberlain,Male,1959-08-14,London,lanericky@example.net,0117 496 0093,2025-06-24,367
PH100155,Alex Hughes-Smith,Female,1955-08-31,Yorkshire,jay28@example.net,+44(0)1154960998,2021-02-05,408
PH100156,Leigh Burgess,Male,1979-10-10,North East,leannepearce@example.org,+441144960996,2021-08-06,373
PH100157,Mr Phillip Lloyd,Female,1944-03-29,Northern Ireland,hillalex@example.com,(0113)4960593,2020-01-29,615
PH100158,Dr Peter Bevan,Female,1994-11-29,South West,shannonburgess@example.net,+44116 496 0971,2019-11-07,531
PH100159,Mr Julian Browne,Female,1973-02-01,Yorkshire,bennettleanne@example.net,+44(0)131 4960096,2025-02-14,573
PH100160,Brett Hill,Male,1977-05-02,South East,lowen@example.org,+44(0)191 496 0832,2020-12-18,757
PH100161,Joel Stephens,Female,1974-09-23,Yorkshire,gdavies@example.org,+44(0)151 496 0532,2018-12-03,619
PH100162,Dr Stewart Sharp,Male,1967-05-02,South East,jessica63@example.net,0161 496 0352,2020-01-13,385
PH100163,Allan Burke,Male,1987-03-26,Scotland,janeclark@example.com,(0121) 496 0103,2024-03-17,507
PH100164,Francis Bartlett,Female,1952-06-12,South East,hallmaria@example.org,(020) 7496 0773,2019-06-24,471
PH100165,Frank Power-Mitchell,Male,2006-12-18,Wales,tcarter@example.com,+4429 2018973,2022-01-17,754
PH100166,Dr Elliot Jones,Female,1988-01-16,North East,reevesvalerie@example.org,+44(0)3069990278,2023-05-12,468
PH100167,Valerie Williams,Female,1971-11-05,North West,mabbott@example.net,+44289018195,2023-07-07,376
PH100168,Gareth Henry-Goodwin,Male,1987-06-05,Yorkshire,joyce73@example.net,+44909 8790237,2019-02-22,704
PH100169,Simon Khan,Female,1941-05-13,South West,bharris@example.org,(01632) 960100,2018-11-30,535
PH100170,Lorraine Faulkner,Male,1954-11-22,South West,bowenalice@example.net,+4429 2018 0687,2016-08-16,352
PH100171,Kenneth Collins-Miles,Female,1980-01-26,Northern Ireland,antony07@example.net,(0909) 8790616,2019-04-26,679
PH100172,Donald Sanderson,Male,1962-09-09,Wales,frostzoe@example.net,+44118 496 0819,2022-03-02,415
PH100173,Anna McCarthy,Female,1982-03-25,Scotland,baldwinhannah@example.com,+44(0)28 9018 0807,2024-06-16,777
PH100174,Mr Gerard Palmer,Male,1958-03-22,Northern Ireland,coxleslie@example.org,(0161) 496 0046,2024-08-08,757
PH100175,Stacey Burns,Male,1977-11-11,Midlands,joe53@example.net,+448081570056,2023-12-23,503
PH100176,Dr Sara Morris,Male,1956-09-07,South West,blees@example.net,(01632) 960 876,2017-03-24,605
PH100177,Josh Bartlett,Other,1972-08-11,North West,twhite@example.net,+44(0)306 999 0112,2024-01-19,612
PH100178,Jamie Sharpe,Female,1982-04-02,North West,carly65@example.com,0909 879 0491,2024-10-12,659
PH100179,Stephen McCarthy,Female,1965-06-11,South East,gscott@example.com,(01632) 960256,2021-12-12,338
PH100180,Declan Roberts,Female,1974-06-23,North West,sandragriffiths@example.com,029 2018 0523,2018-01-15,478
PH100181,Jake Gray-Bell,Female,1954-11-16,South East,ostephenson@example.org,+44(0)3069990734,2018-05-08,393
PH100182,Vincent Payne,Female,1988-03-17,North East,spenceralexander@example.org,0115 496 0517,2024-01-21,683
PH100183,Mrs Patricia Graham,Male,1965-11-17,London,ldavies@example.com,01632 960734,2019-07-24,338
PH100184,Kate Clayton,Female,1998-08-27,South West,carl49@example.net,(0131) 496 0475,2018-09-06,584
PH100185,Janice Mills-Murphy,Female,1959-07-30,Northern Ireland,carterirene@example.net,+44(0)306 999 0749,2023-09-13,700
PH100186,Dr Olivia Mitchell,Male,1952-10-16,North East,mjames@example.com,+44(0)118 4960902,2017-05-01,821
PH100187,Dr Malcolm Lee,Male,1949-06-24,Wales,qjones@example.net,0116 4960840,2019-11-02,458
PH100188,John Morris,Female,1979-09-21,London,sheila80@example.org,+441174960595,2020-02-09,304
PH100189,Melanie Wilson,Male,1956-02-07,Yorkshire,hshaw@example.com,01632960442,2017-05-08,698
PH100190,Gail Thomas,Female,1947-05-09,London,ymclean@example.com,020 74960477,2019-03-15,300
PH100191,Catherine Ryan,Male,1958-12-01,South West,lfowler@example.net,(029) 2018422,2017-07-11,336
PH100192,Dorothy Wyatt,Male,1956-08-05,South West,diana27@example.com,0116 4960946,2024-01-03,844
PH100193,Jenna Davies,Female,1969-12-14,South East,graemeedwards@example.com,(0118)4960303,2018-05-18,774
PH100194,Raymond Hall,Male,1966-06-18,North East,pearceabigail@example.net,(020)74960429,2018-07-04,689
PH100195,Sheila Thompson-Jenkins,Male,1950-06-24,South East,kjones@example.net,(0113) 496 0458,2018-02-13,759
PH100196,Kevin Hobbs-O'Brien,Female,2005-10-13,North West,dickinsonolivia@example.net,+44(0)1632 960867,2022-02-17,341
PH100197,Michelle Whitehead-Murray,Female,1950-09-24,Yorkshire,wrichards@example.com,0289018252,2018-06-27,348
PH100198,Declan Walker,Male,1995-05-07,Northern Ireland,benjamin09@example.org,+4420 7496 0858,2020-05-01,465
PH100199,Dr Sandra Wallis,Male,1952-07-27,North West,clairestone@example.net,+44(0)1314960672,2023-02-09,313
PH100200,Terry Smith-Harrison,Female,1974-07-14,Northern Ireland,millerkayleigh@example.com,+44909 879 0872,2025-02-10,788
PH100201,Amelia Foster-O'Neill,Other,2008-04-04,Northern Ireland,wgibson@example.com,(0161) 496 0601,2017-06-08,330
PH100202,Michael Ward,Female,1998-04-27,North East,qparsons@example.org,(0131) 496 0343,2023-09-30,599
PH100203,Miss Janet Lowe,Male,1975-09-19,South East,damianmiah@example.net,+44(0)117 496 0249,2020-08-01,769
PH100204,Mrs Anna Fuller,Male,1989-07-23,North West,walkergary@example.com,+44306 9990135,2019-06-01,704
PH100205,Alexandra Hunt,Male,1993-12-18,South West,haynesmichael@example.net,+44161 4960790,2016-09-13,429
PH100206,Bernard Goddard,Male,1960-12-17,Northern Ireland,ian76@example.net,+44(0)8081570833,2022-02-22,558
PH100207,Ms Amber Arnold,Female,1978-10-14,Yorkshire,sphillips@example.com,+44(0)131 496 0061,2025-02-17,601
PH100208,Cheryl Mann-Powell,Male,1979-03-05,Wales,robinsongemma@example.net,0131 496 0814,2017-11-27,722
PH100209,Donald Williams,Female,1967-08-27,North West,gstanley@example.com,+44(0)191 496 0881,2024-05-02,534
PH100210,Bryan Phillips-Barton,Female,1987-07-09,Northern Ireland,marshallrussell@example.com,0808 157 0079,2023-10-12,456
PH100211,Mr Bradley Wallace,Female,1944-08-23,North West,wkerr@example.net,0191 4960334,2019-02-09,737
PH100212,Kate Pearce,Male,1995-11-25,Scotland,mohammed94@example.com,0808 157 0233,2023-06-27,787
PH100213,Karl Holt,Female,1972-12-18,Northern Ireland,olawson@example.org,+44292018720,2017-05-05,568
PH100214,Ben Clayton,Female,1983-05-23,Midlands,gerardpritchard@example.com,+44(0)2074960484,2023-07-18,315
PH100215,Stacey Roberts,Female,1971-02-25,North West,nroberts@example.net,+44(0)1144960312,2018-02-25,575
PH100216,Miss Hilary Harrison,Male,1963-04-26,London,edwardsrosemary@example.org,0191 4960403,2020-01-02,789
PH100217,Ashleigh Boyle-Wells,Male,1965-02-08,Wales,abdul19@example.net,+44(0)117 4960399,2021-04-27,844
PH100218,Alice Atkinson,Female,1978-08-31,Northern Ireland,wpugh@example.org,01614960718,2025-07-15,520
PH100219,Ricky Reed,Male,2003-12-05,Wales,leanne46@example.net,+44(0)909 879 0051,2022-10-28,382
PH100220,Frank Berry-Hughes,Male,1958-01-31,South West,marc66@example.com,01174960717,2021-04-09,614
PH100221,Mr Jordan Harris,Female,1941-11-28,North West,jdavies@example.org,+44(0)114 496 0731,2021-08-11,756
PH100222,Ms Natasha Adams,Female,1948-10-21,North East,johnsongeorgia@example.org,+44191 496 0939,2022-01-01,819
PH100223,Dr Julia Hill,Female,1999-07-17,North East,vdobson@example.com,(0161) 4960490,2024-01-27,328
PH100224,Miss Stacey Campbell,Male,2006-01-19,South West,kim89@example.com,(020) 74960617,2023-05-18,459
PH100225,Natasha Smith-O'Neill,Female,1954-02-02,North East,bishopjulie@example.com,+44306 9990399,2016-08-14,562
PH100226,Sally Baldwin,Male,1979-09-21,Midlands,cameronhayes@example.net,0306 9990704,2019-10-22,354
PH100227,Leigh Gallagher,Female,1984-09-13,Scotland,tracy65@example.org,0306 9990694,2018-09-03,787
PH100228,Jodie White,Female,1952-06-06,North East,amyphillips@example.com,+44161 496 0258,2021-03-09,361
PH100229,Marcus Anderson,Male,1993-08-15,Yorkshire,douglasholmes@example.org,(0161) 496 0844,2021-07-30,665
PH100230,Alison Doyle,Male,1964-09-15,Yorkshire,jsmith@example.org,+44118 4960835,2023-06-18,805
PH100231,Ms Kathleen Brown,Male,1986-05-04,North West,smithdylan@example.com,+44(0)118 4960884,2020-03-06,676
PH100232,Philip Robertson,Other,1973-09-16,South West,bmoore@example.com,(028) 9018712,2024-07-27,719
PH100233,Julia Harris,Female,1990-08-24,London,howellabdul@example.org,(0161) 4960058,2024-12-21,444
PH100234,Frances Taylor,Female,2001-01-20,Midlands,smithricky@example.net,0161 496 0722,2021-07-29,755
PH100235,Lee Wong,Female,1966-06-22,Midlands,carlydavis@example.net,(0114) 4960641,2024-10-09,530
PH100236,Patrick Jones,Male,1960-01-17,Scotland,dgill@example.org,(0909) 8790758,2023-07-17,333
PH100237,Ronald Gallagher,Female,1983-07-08,Northern Ireland,mandy41@example.com,+44808 157 0231,2020-04-20,501
PH100238,Hayley Singh,Male,1950-05-30,Yorkshire,vanessa16@example.net,(0306) 999 0334,2025-02-26,492
PH100239,Kevin Fuller,Male,1951-12-16,London,damianclark@example.net,+441614960458,2024-05-02,586
PH100240,Dr Deborah Mellor,Female,1995-06-27,North West,bishopkimberley@example.net,0161 496 0149,2021-10-23,445
PH100241,Richard Hayes,Female,1963-07-03,North West,jean13@example.net,(0117)4960925,2020-04-18,554
PH100242,Dr Luke Turner,Male,1983-06-27,Yorkshire,griffinterry@example.com,(0116) 4960362,2023-05-07,535
PH100243,Ashleigh Miller,Female,1979-06-07,Midlands,vnelson@example.org,09098790292,2021-05-29,479
PH100244,Joel James,Female,1998-04-15,North East,glloyd@example.org,+44(0)1214960879,2019-01-27,682
PH100245,Amber Palmer,Female,1945-05-30,Yorkshire,henrywilliams@example.com,+44(0)306 999 0643,2024-04-27,468
PH100246,Kieran Taylor,Female,1951-07-30,North East,joneskaren@example.net,+44118 4960745,2017-10-20,721
PH100247,Miss Ruth Houghton,Male,1956-01-30,London,saundersmary@example.com,0116 4960455,2022-11-29,437
PH100248,Adam May,Male,1962-02-09,South East,rickyshaw@example.org,+448081570574,2021-02-24,775
PH100249,Aimee Kelly,Male,1960-05-16,Scotland,alice54@example.org,0151 496 0966,2025-05-28,500
PH100250,Simon Fraser,Female,1958-10-01,Scotland,graycheryl@example.org,0113 4960606,2024-08-05,322
PH100251,Julia Tucker,Female,1984-05-25,North East,howardfisher@example.com,+44131 496 0274,2019-01-28,382
PH100252,Yvonne Price,Male,1959-01-02,South East,lydia18@example.org,(0113) 4960334,2022-03-31,743
PH100253,Damian Harris,Male,1970-10-24,Scotland,zmccarthy@example.com,(0121) 496 0505,2023-02-26,779
PH100254,Dawn Goddard,Male,1999-03-26,North West,george34@example.org,0151 4960658,2020-05-09,416
PH100255,Julian Hammond-Barnes,Female,1965-04-03,South East,jennifermistry@example.net,+44(0)1914960339,2019-10-31,631
PH100256,Aimee Wright-Roberts,Female,1980-06-21,South East,rpearson@example.org,+441614960741,2024-05-11,615
PH100257,Kirsty Clark,Male,2006-03-20,South East,ajones@example.com,+44114 4960325,2023-08-24,373
PH100258,Josephine Bray,Male,1968-09-17,Midlands,ghawkins@example.org,(01632)960797,2024-02-18,548
PH100259,Rachel Hammond-Thompson,Female,1953-01-24,Wales,kathleen15@example.com,+44(0)1134960673,2019-02-24,681
PH100260,Hilary Morris-Pearce,Male,1942-02-17,Wales,sandra00@example.net,+44(0)1184960996,2021-01-28,831
PH100261,Beverley Harvey-Holmes,Female,1990-01-18,Wales,harrietwilliams@example.net,(0114) 496 0105,2019-04-20,766
PH100262,Reece Hewitt-Knight,Male,1985-07-30,North East,paulmatthews@example.net,+44(0)118 4960857,2022-02-01,353
PH100263,Gerald Francis,Male,2004-07-05,Yorkshire,terry91@example.org,0121 496 0172,2017-08-17,430
PH100264,Alexandra Hunter,Female,1988-03-17,Midlands,fredericklewis@example.net,+44(0)909 879 0156,2017-04-21,540
PH100265,Malcolm Payne,Male,1946-01-02,South West,marilynvincent@example.com,+44808 1570229,2022-10-18,382
PH100266,Hazel Lee,Male,1951-11-29,North East,vjones@example.org,(0121) 4960938,2025-06-04,613
PH100267,Billy Watson,Male,1947-07-26,South West,kyle95@example.com,+44(0)114 4960735,2016-10-14,304
PH100268,Dr Gerard Thomas,Male,1944-11-24,South East,grahamcarroll@example.org,02074960848,2024-12-13,362
PH100269,Mr Damian Reynolds,Male,2000-04-24,Northern Ireland,khawkins@example.org,(0191) 496 0402,2016-08-12,325
PH100270,Bradley Clayton,Male,1977-11-08,South East,wellsnicole@example.net,(0306)9990155,2016-11-29,462
PH100271,Charlie Thomson,Male,1942-05-09,Wales,craigsimpson@example.org,(0306)9990732,2017-12-17,719
PH100272,Jordan Jones,Male,1967-07-23,South West,rita20@example.com,+44(0)121 4960737,2019-04-27,397
PH100273,Miss Georgia Davies,Female,1992-07-31,Wales,jfoster@example.org,+441314960534,2022-04-23,842
PH100274,Mr Roger Ali,Female,1946-03-22,North West,ronald91@example.org,(0118)4960902,2021-11-01,448
PH100275,Gareth Adams,Male,1958-05-29,Northern Ireland,dgriffin@example.net,+44115 496 0666,2024-06-18,324
PH100276,Mrs Carole Nicholson,Male,1951-02-13,London,tiqbal@example.org,08081570708,2017-03-19,484
PH100277,Georgia Clark-Clements,Female,1985-02-02,North West,vincenthussain@example.com,(0114) 496 0850,2018-09-08,711
PH100278,Mr Hugh Taylor,Female,2000-10-09,Northern Ireland,nclarke@example.net,020 7946 0608,2022-05-05,358
PH100279,Russell Holloway,Female,1961-08-06,North East,lawrencewood@example.org,+44909 8790587,2023-12-28,339
PH100280,Jeremy Johnson,Male,1957-05-20,London,ygardner@example.org,0121 496 0951,2025-06-24,767
PH100281,Terry Williams,Male,1959-11-20,North East,harrismarcus@example.org,+441632960191,2017-08-07,625
PH100282,Clare Phillips,Male,1983-02-28,Northern Ireland,xwalker@example.net,+44(0)191 4960182,2019-06-29,488
PH100283,Dawn Williams,Male,1949-06-27,London,ecunningham@example.org,0808 157 0819,2019-06-01,715
PH100284,Norman O'Neill-Simpson,Female,1997-07-31,Wales,hazel63@example.net,+44(0)1514960931,2018-06-07,764
PH100285,Trevor Ellis,Male,1942-07-03,Wales,vwalters@example.net,(0306) 9990647,2019-06-22,497
PH100286,Julia Brown-Miles,Male,1985-09-06,South East,liam18@example.org,+44151 4960251,2020-11-18,608
PH100287,Amy Hall,Male,1999-01-24,North West,rossdamian@example.com,+44(0)116 4960957,2021-04-03,306
PH100288,Josephine Lee,Female,1962-09-04,South East,lynda90@example.org,(0191) 496 0606,2022-04-05,468
PH100289,Jacob Bond,Male,1972-12-09,South East,leanne96@example.com,(020) 7496 0409,2020-05-22,627
PH100290,Lynne Lee-Robinson,Female,2006-11-10,Wales,idavies@example.net,+448081570600,2023-03-15,408
PH100291,Carole Fisher,Male,1977-04-27,Wales,jacksonelliot@example.org,+44(0)117 496 0562,2022-09-11,845
PH100292,Ms Abbie Buckley,Female,1959-01-31,North West,dbegum@example.org,+44118 496 0395,2019-02-11,834
PH100293,Janet White,Male,1970-10-23,North West,stephensmelanie@example.com,(0191) 4960739,2019-02-12,441
PH100294,Dr Ronald McDonald,Female,2006-06-28,South East,elliotclark@example.org,+44131 496 0923,2021-03-27,517
PH100295,Aaron Perry,Female,1987-12-31,North East,dawncarr@example.com,(0306)9990234,2022-02-09,404
PH100296,Leanne Smart-Jackson,Other,1952-08-07,North West,sharon44@example.net,+44(0)116 4960108,2020-01-12,577
PH100297,Duncan Taylor,Female,1981-03-13,Northern Ireland,georgia56@example.org,+44(0)20 74960028,2022-02-19,368
PH100298,Max Jones,Female,1983-06-22,Midlands,abigail28@example.net,(0131)4960155,2023-01-03,515
PH100299,Dr Carole Begum,Female,1983-10-19,Yorkshire,jmanning@example.org,+44(0)117 4960334,2017-11-08,605
PH100300,Mr Damien Smith,Female,1978-11-29,South West,justinfowler@example.com,(0116)4960643,2025-03-23,636
PH100301,Ms Chelsea Thomas,Male,1976-02-27,North West,dianajones@example.org,+44117 4960502,2022-10-09,628
PH100302,Frank Cole-Barker,Female,1984-01-18,South West,wthomas@example.net,+449098790716,2024-12-26,421
PH100303,Ms Mandy Arnold,Female,1961-08-14,North West,hmurphy@example.net,+44113 496 0736,2020-05-13,735
PH100304,Lynda Arnold,Female,1964-03-02,South East,harrystone@example.org,0114 496 0776,2024-08-24,680
PH100305,Mrs Beverley Spencer,Male,1977-04-04,North West,jeremy28@example.com,01174960369,2023-08-28,714
PH100306,Thomas Wood,Male,1995-04-13,North West,caroleturner@example.org,(0808) 1570112,2023-01-12,557
PH100307,Ms Lisa Jones,Female,1970-08-10,South East,helenwall@example.org,+44(0)161 496 0981,2019-03-12,790
PH100308,Judith Johnson-Simmons,Male,1965-06-07,London,vdavies@example.org,(0116)4960317,2020-04-11,514
PH100309,Maria Davis,Male,1958-03-24,Northern Ireland,gail16@example.com,+44(0)1632 960 955,2023-04-13,743
PH100310,Dr Sam Johnson,Male,1961-03-15,Midlands,smartcarl@example.org,+44(0)141 4960331,2017-09-22,411
PH100311,Dr Mathew Fowler,Male,1940-07-26,Wales,nichollslindsey@example.net,0808 157 0857,2024-03-03,435
PH100312,Elaine Yates,Male,1996-01-03,Northern Ireland,rprice@example.net,(0118)4960817,2025-06-03,589
PH100313,Pauline Morris-Williams,Male,1998-03-22,North West,millssamuel@example.net,(0113) 4960066,2022-11-22,605
PH100314,Ellie Campbell,Male,1963-12-12,Wales,urose@example.net,+44141 496 0155,2024-10-30,710
PH100315,Melissa Thompson,Male,1972-06-19,Yorkshire,philliptaylor@example.net,+44121 4960164,2019-02-24,463
PH100316,Lauren Thomas-Coles,Male,1941-02-15,South West,brandon01@example.net,+44(0)117 4960167,2025-02-07,779
PH100317,Eleanor Patel-Lane,Female,2003-04-06,Scotland,qgreen@example.org,(0113) 4960450,2017-03-08,481
PH100318,Russell Armstrong,Male,2004-12-14,North West,traceyarcher@example.org,0116 496 0329,2018-07-11,593
PH100319,Mr Graham Jarvis,Female,1972-12-31,London,charlottemarsh@example.com,01134960282,2023-11-18,812
PH100320,Karl Bibi,Female,1941-03-07,London,trevorburns@example.com,+44(0)1154960700,2022-12-04,596
PH100321,Rachael Walker,Female,1969-10-30,South East,lydia92@example.com,+442074960345,2023-10-30,675
PH100322,Megan Hall,Male,1960-06-24,North East,leesally@example.org,0289018626,2017-07-05,799
PH100323,Fiona Smith-Potts,Female,1956-04-13,South West,ywilliams@example.com,+441164960282,2017-10-05,836
PH100324,Dr Gareth Davies,Female,1941-01-19,Wales,lynne96@example.org,+44(0)1632 960 251,2024-02-01,574
PH100325,Deborah Williams,Female,1965-12-20,North East,nbarker@example.org,+44(0)306 999 0207,2017-09-11,529
PH100326,Miss Frances Hunt,Female,1968-07-23,South East,fyates@example.org,(0117) 4960465,2022-01-06,408
PH100327,Malcolm Murphy-Atkins,Female,1978-09-05,North West,gillian32@example.com,+44(0)8081570495,2024-06-19,595
PH100328,Dr Michelle Smith,Female,1967-05-28,Scotland,harrisamanda@example.org,+44113 4960050,2022-05-13,805
PH100329,Antony Allen,Male,1951-08-31,Northern Ireland,ihodgson@example.net,+44(0)9098790702,2022-03-14,567
PH100330,Sean Brown-Burke,Female,1990-09-07,South West,frederick86@example.com,+441414960086,2022-03-05,491
PH100331,Miss Rebecca Armstrong,Male,1967-01-23,Yorkshire,waltonjordan@example.net,(0306) 999 0982,2017-02-01,359
PH100332,Peter Walker,Female,1966-04-16,North West,dennisamy@example.org,(0116) 4960105,2023-03-15,514
PH100333,Frederick Lee-Cooke,Female,1958-06-11,Yorkshire,kbenson@example.com,+44(0)117 496 0161,2024-07-11,430
PH100334,Mr Leon Roberts,Male,1969-04-10,London,conor91@example.net,(0115) 4960776,2021-03-26,837
PH100335,Ellie Bates,Female,1956-11-06,North West,clarkirene@example.com,(0909) 879 0872,2020-04-18,590
PH100336,Annette Davey-Read,Male,1992-07-19,Midlands,justinwatts@example.org,(0909) 879 0904,2020-12-18,375
PH100337,Brian Johnson,Female,2002-06-09,London,sandersongeraldine@example.com,0161 4960742,2018-05-24,337
PH100338,Brandon Thomas,Male,1995-06-23,Yorkshire,kate77@example.net,+44(0)121 4960859,2021-07-13,767
PH100339,Dr Andrew Jackson,Female,1987-02-12,Yorkshire,maurice23@example.org,(029) 2018 0177,2019-08-31,812
PH100340,Gary Green-Harris,Male,1959-12-02,Midlands,morrisrachael@example.com,+44(0)1632960932,2021-05-08,719
PH100341,Gavin Jarvis-Daniels,Female,1991-01-30,Scotland,williamsjack@example.org,+441174960822,2023-06-17,368
PH100342,Justin Hill,Female,1995-07-24,London,kclark@example.net,+44(0)117 496 0116,2020-03-12,354
PH100343,Jennifer Smith-West,Female,1968-08-21,South West,znicholls@example.net,0121 496 0913,2022-11-30,408
PH100344,Sean Morris,Female,1998-08-06,Midlands,nstokes@example.com,+44(0)117 496 0424,2022-07-18,713
PH100345,Mrs Joan Robson,Female,1952-12-18,North East,fnelson@example.org,0131 496 0798,2018-02-24,720
PH100346,Jade Taylor,Female,1960-04-02,South West,stephenbates@example.org,0191 498 0942,2018-03-08,760
PH100347,Tom Robinson-Morgan,Male,1983-11-14,South East,richardkelly@example.net,+44(0)1214960652,2019-09-16,353
PH100348,Dr Jordan Pearson,Female,1982-07-26,South East,francescasmith@example.net,(020) 74960060,2020-09-26,384
PH100349,Holly Wilkinson,Male,1959-01-24,North East,nicholashodgson@example.com,+44(0)3069990320,2018-11-25,795
PH100350,Jeffrey Davies,Female,1982-11-28,South East,elaineoliver@example.org,0116 496 0032,2025-04-26,810
PH100351,Wayne Jackson,Male,1953-05-01,Northern Ireland,carlhicks@example.com,(0141)4960509,2021-08-13,699
PH100352,Dr Alexander Davies,Female,1941-11-17,South East,cjones@example.net,(0161) 496 0753,2018-12-13,358
PH100353,James Bibi,Female,1943-12-08,North East,reeceharris@example.com,(028) 9018967,2017-10-11,337
PH100354,Ben Austin,Male,1976-12-09,Northern Ireland,shepherdtimothy@example.net,+44117 496 0794,2017-12-13,330
PH100355,Josephine Collins,Female,1953-03-16,Wales,frobinson@example.net,+44191 4960714,2021-09-12,680
PH100356,Dr Bruce Atkins,Female,1947-07-08,London,alan76@example.com,+44(0)289018855,2016-11-07,765
PH100357,Mrs Diane Thomas,Female,1958-11-12,Yorkshire,dbarnes@example.net,+44(0)1164960457,2017-11-03,647
PH100358,Kathleen Turner,Female,1989-03-12,South East,oliverguy@example.net,(0306)9990871,2017-05-15,444
PH100359,Sophie Henry,Female,1990-01-02,Midlands,phillipseileen@example.com,(029) 2018 0584,2023-11-28,716
PH100360,Joseph McCarthy,Female,1956-05-23,Northern Ireland,nhardy@example.net,(0114) 4960560,2024-04-01,332
PH100361,Dr Francesca Cox,Male,1950-10-22,North East,lucy60@example.org,+44191 4960213,2023-03-27,755
PH100362,Lynne Waters,Male,1974-02-15,London,alex75@example.com,+44(0)151 496 0118,2019-12-31,790
PH100363,Dr Mohammad Miles,Male,1963-10-24,Yorkshire,kathleenlloyd@example.net,01632960425,2022-06-23,695
PH100364,Christine Marshall-Brennan,Female,1961-09-30,South East,mandy72@example.com,+44121 496 0768,2018-09-23,783
PH100365,Terence Davis,Male,1994-12-04,North East,rhunt@example.net,+44(0)114 496 0826,2017-06-24,622
PH100366,Amelia Owen,Female,2008-06-03,South West,megan29@example.org,(0808)1570832,2017-01-13,557
PH100367,Antony Long,Female,1972-02-03,North West,hollie17@example.org,+44(0)8081570303,2024-05-18,477
PH100368,Barbara Morgan-Wells,Male,1994-05-18,Wales,marcpope@example.com,+441632 960589,2023-01-09,806
PH100369,Dr Jordan Adams,Female,1963-01-07,South East,jamesvalerie@example.com,+44306 9990298,2025-03-14,683
PH100370,Stanley Anderson,Female,1997-12-03,Northern Ireland,rhysrandall@example.org,01914960085,2022-05-14,404
PH100371,Jessica Fitzgerald,Male,2005-04-09,North West,elliot52@example.org,+44191 496 0382,2018-02-20,826
PH100372,Samantha Greenwood,Male,1944-05-15,Scotland,goughtom@example.com,+44(0)1314960212,2020-09-02,332
PH100373,Janet Burke,Male,1993-04-21,Midlands,richardstrevor@example.net,+4428 9018 0932,2018-06-29,623
PH100374,Stuart Grant,Male,1945-05-31,South West,hollysmith@example.com,+44191 496 0963,2020-07-17,404
PH100375,Mr Roger Russell,Male,1972-07-13,Midlands,jordan84@example.org,+44(0)1184960064,2023-01-05,665
PH100376,Mr Ashley Taylor,Female,1953-08-18,Midlands,colejennifer@example.com,(0141) 496 0867,2018-07-07,526
PH100377,Emily Henderson,Male,1997-10-14,Midlands,simpsonkathryn@example.net,+44(0)1514960524,2021-08-21,540
PH100378,Mr William Benson,Male,1996-02-19,Yorkshire,westluke@example.net,0113 496 0148,2021-10-19,669
PH100379,Emily Brown,Female,1996-11-18,Scotland,thompsonterence@example.org,(029) 2018 0439,2018-03-26,715
PH100380,Mr Billy Turnbull,Female,1948-11-08,Yorkshire,charles47@example.net,+442074960106,2024-02-06,509
PH100381,Holly Barnett,Female,1992-10-17,North East,ghope@example.org,+44(0)1154960272,2016-10-27,848
PH100382,Rhys Carey-Morris,Female,1957-06-28,Northern Ireland,albert21@example.org,(0306) 999 0362,2018-03-12,574
PH100383,Francis Hobbs,Male,1993-01-01,Northern Ireland,xmorgan@example.org,+44(0)28 9018 0669,2017-12-15,388
PH100384,Bryan Griffiths,Male,1970-09-06,North East,elainecook@example.net,0117 4960351,2025-02-25,303
PH100385,Jamie Harding,Other,1990-09-20,North West,grahamphillips@example.net,+44(0)117 496 0426,2024-09-28,411
PH100386,Lydia Bishop,Female,1942-11-03,North East,qevans@example.org,+44115 4960923,2018-06-26,680
PH100387,Danny Robson,Female,1971-11-24,North East,melanieoliver@example.org,(0151)4960245,2020-04-07,596
PH100388,Marilyn Baker,Male,1992-12-27,North West,anneali@example.com,01134960184,2018-02-05,485
PH100389,Mrs Grace Edwards,Female,1975-12-31,South West,hwatson@example.net,01914960197,2017-06-19,564
PH100390,Alan Sutton,Female,2007-05-06,North West,robert72@example.org,+44(0)1174960741,2020-05-26,760
PH100391,Ms Charlotte Clarke,Male,1972-09-17,Midlands,cunninghamguy@example.com,+44191 496 0972,2019-07-02,614
PH100392,Elliott Grant,Female,1986-11-24,North East,tracylong@example.org,+44114 496 0540,2024-03-29,331
PH100393,Ben Palmer-Anderson,Female,1961-10-13,South East,beverleytomlinson@example.net,0141 4960417,2017-03-27,326
PH100394,Carole Lowe-Sykes,Male,1962-07-12,Scotland,samantha68@example.com,0151 4960927,2019-04-15,565
PH100395,Mr Toby Horton,Male,1983-05-06,North East,leigh04@example.net,03069990438,2021-07-15,522
PH100396,Mr Robin Price,Female,1943-06-06,Wales,bethahmed@example.net,01154960199,2017-11-07,767
PH100397,Chelsea Cook,Male,2004-04-21,Northern Ireland,paigejohnson@example.net,(0909)8790537,2024-08-17,620
PH100398,Marc Sanderson,Male,1975-12-26,London,zharrison@example.net,+44(0)808 1570660,2019-06-26,716
PH100399,Sally Pugh,Male,1957-10-14,North East,trussell@example.org,+4428 9018144,2019-10-31,621
PH100400,Scott Patel,Male,1983-12-24,Yorkshire,powelljanet@example.net,(0118) 4960856,2025-03-27,489
PH100401,Amelia Preston,Female,1954-01-27,Northern Ireland,mariachambers@example.com,0292018451,2023-08-30,661
PH100402,Joanne Lee,Female,2000-11-29,South East,colinlewis@example.com,(0113) 496 0173,2024-04-04,641
PH100403,Alexandra Glover,Male,1999-04-16,Northern Ireland,heather20@example.org,(020)74960739,2021-06-02,696
PH100404,Christian Barker-Humphreys,Other,1955-05-16,Scotland,cameron46@example.net,(0151) 496 0417,2019-06-10,404
PH100405,Leonard Moore,Female,1948-03-28,Scotland,chandlerchristine@example.com,+44(0)1914960996,2025-01-05,652
PH100406,Benjamin Ali,Male,1983-08-07,Scotland,harry01@example.com,+44(0)2074960860,2018-12-16,457
PH100407,Dr Richard Morgan,Female,1962-08-17,South West,marion07@example.com,+44(0)20 74960191,2017-08-28,734
PH100408,Dean Parsons,Male,1951-12-10,South West,kimberleyarmstrong@example.net,(020) 7496 0113,2023-01-30,739
PH100409,Howard Kelly,Other,1959-05-03,Wales,bruceburns@example.net,+441314960996,2020-09-21,643
PH100410,Cameron Wilson,Female,1948-09-11,London,gemmareynolds@example.org,(0808) 1570605,2023-04-02,820
PH100411,Melanie Brady,Female,1994-03-22,Northern Ireland,millscarole@example.org,+44(0)28 9018 0779,2020-12-29,595
PH100412,Mrs Olivia Allen,Male,1941-03-02,North West,sandra12@example.net,(0909)8790806,2018-01-05,313
PH100413,Dr Leonard Simpson,Female,1943-06-01,London,ffinch@example.org,(0808) 1570603,2020-02-05,633
PH100414,Mr Leon Murray,Male,1993-11-02,Midlands,fieldcallum@example.com,020 74960205,2018-10-13,727
PH100415,Dr Stephen Gardner,Male,1972-11-17,Wales,katieferguson@example.net,0115 4960460,2016-09-25,355
PH100416,Dean Woodward-Dodd,Male,1981-02-07,South West,hfox@example.com,+441632 960 745,2019-07-21,357
PH100417,Rachel Sullivan,Female,1965-10-25,Yorkshire,fiona76@example.com,(0808)1570553,2024-05-06,450
PH100418,Mrs Rachel Cox,Male,1946-08-24,London,achandler@example.org,+44(0)118 4960705,2021-10-03,764
PH100419,Joanne Morris,Female,1951-04-14,North West,leanneclarke@example.net,+44(0)151 496 0423,2025-02-18,590
PH100420,Paige Burton,Female,1946-10-11,Midlands,tclarke@example.net,+44(0)191 4960856,2021-01-15,837
PH100421,Ms Sheila Webster,Male,1982-08-18,North East,garnercaroline@example.com,0306 999 0527,2022-12-30,780
PH100422,Mrs Margaret Bryan,Male,2003-11-10,South West,morrisyvonne@example.com,(0909) 879 0155,2017-08-09,605
PH100423,Mr Tom Reeves,Male,2008-05-09,Scotland,fostermichelle@example.org,028 9018835,2024-08-06,673
PH100424,Mohamed Douglas,Female,1983-01-26,South West,charltongregory@example.org,+448081570411,2021-12-28,482
PH100425,Ross Carroll,Female,1944-08-16,Northern Ireland,terencehyde@example.com,+4428 9018659,2024-03-10,349
PH100426,Molly Clark,Male,1984-05-23,Wales,billy70@example.org,+44161 4960263,2021-10-18,519
PH100427,Mrs Jean Davies,Female,1988-04-01,Yorkshire,joanoliver@example.com,+44118 4960755,2016-07-31,625
PH100428,Norman Hill,Male,1994-05-19,North East,robin27@example.org,08081570752,2021-09-12,400
PH100429,Gemma Quinn-Robinson,Female,1949-02-12,Scotland,frenchjoseph@example.org,+44116 4960501,2020-07-08,421
PH100430,Sarah Martin,Female,1956-05-19,North West,tjones@example.net,0117 496 0948,2018-01-06,308
PH100431,Diane Miller,Female,2007-04-25,North East,yhutchinson@example.com,+44(0)292018848,2019-07-16,703
PH100432,Maureen O'Neill-Stephenson,Female,1994-03-08,North West,mlee@example.org,(0191)4960269,2022-07-23,794
PH100433,Ms Emily Palmer,Female,1992-01-07,Scotland,leannewoods@example.com,+44(0)29 2018131,2021-12-02,755
PH100434,Geoffrey Knight-Lee,Male,1995-05-03,North West,ubray@example.com,+44(0)1144960964,2023-05-25,508
PH100435,Dr Alan Frost,Male,1970-05-24,South West,robertsrosie@example.net,0116 4960585,2024-10-02,626
PH100436,Michael Williams-Nicholls,Male,1953-09-06,North West,zcooper@example.com,(0141)4960261,2023-01-10,828
PH100437,Sally Allen,Female,1987-06-06,South West,haywardangela@example.net,0909 879 0499,2018-06-27,625
PH100438,Reece Ellis,Female,1964-11-30,Northern Ireland,leah12@example.net,+44(0)114 496 0537,2022-12-05,462
PH100439,Miss Amy Gibbons,Female,1949-09-21,Yorkshire,bradshawlindsey@example.com,+44808 1570038,2023-12-01,486
PH100440,Ms Rosie Nicholls,Female,2001-09-02,Northern Ireland,grahamgraham@example.org,(0116) 496 0407,2017-10-20,699
PH100441,Jeremy Nicholson-Watts,Male,1973-07-24,London,andrewszoe@example.org,+44(0)117 496 0333,2025-02-12,545
PH100442,Marion Fox,Female,1970-04-24,Wales,bkerr@example.org,(0151) 4960320,2025-01-25,760
PH100443,Simon Byrne,Male,1960-08-07,North West,jackwhite@example.org,(0121) 496 0309,2021-03-24,775
PH100444,Judith Morton-Marsh,Male,1987-12-17,Northern Ireland,dianabryant@example.net,(0161) 496 0768,2017-09-25,319
PH100445,Kathryn Parkinson,Female,1953-06-19,North East,icunningham@example.net,+44(0)191 496 0936,2016-10-23,697
PH100446,Conor O'Connor,Other,1953-04-02,Scotland,joanne90@example.com,+44(0)1164960896,2022-08-20,503
PH100447,Dr Clive Wood,Female,1964-03-14,Midlands,cookjeremy@example.com,(028) 9018964,2025-04-22,585
PH100448,Mr Terence Webb,Male,1990-05-13,South West,taylorelliott@example.com,01632 960 546,2017-10-08,445
PH100449,Sandra Coleman-Gould,Female,1959-04-14,Wales,george11@example.net,+44(0)131 4960535,2019-11-02,502
PH100450,Mr Craig Watson,Male,1997-02-03,Wales,mitchellconnor@example.com,+44191 496 0512,2023-02-13,481
PH100451,Louis Hall,Female,2002-09-29,London,nashjane@example.net,+44(0)121 4960389,2023-02-03,327
PH100452,Gregory Patterson,Female,1978-04-08,Wales,darrenflynn@example.com,+441154960187,2017-01-17,730
PH100453,Danny Woods,Male,1945-03-30,Scotland,richardedwards@example.com,(0191)4960519,2018-04-03,378
PH100454,Shaun Taylor,Male,1951-02-07,Yorkshire,jgibson@example.com,+44(0)117 4960583,2016-11-23,506
PH100455,Charles Hayes,Male,1960-08-31,Yorkshire,garry61@example.org,+44(0)1514960490,2016-12-16,406
PH100456,Marie Williams,Other,1958-06-20,North East,shanemitchell@example.net,+44(0)151 496 0977,2023-05-29,388
PH100457,Valerie Wright-Parsons,Male,1965-07-10,London,valeriebuckley@example.net,+4420 74960612,2020-12-16,505
PH100458,Denise Hall,Female,1940-08-10,Yorkshire,rwells@example.org,(0113)4960878,2023-11-09,805
PH100459,Jacqueline Connolly,Female,1983-12-12,Scotland,gillian86@example.org,+44(0)28 9018057,2022-09-24,819
PH100460,Lisa Berry-Stewart,Female,1966-05-03,Wales,oday@example.org,+44909 879 0215,2020-09-30,509
PH100461,Cheryl Wright,Male,1953-03-06,Northern Ireland,phillipskate@example.net,(0114) 4960494,2021-02-01,577
PH100462,Dr Leah Naylor,Female,1941-10-31,Yorkshire,smithsuzanne@example.net,+441632 960 097,2024-04-30,842
PH100463,Mr Eric Walker,Male,1998-10-29,London,leonpearce@example.com,01514960263,2020-07-02,429
PH100464,Victor Kay,Female,1993-04-30,Scotland,bakerdonna@example.org,029 2018748,2022-09-16,819
PH100465,Frank Knight,Female,1956-10-18,North East,karenhenderson@example.org,+44(0)29 2018453,2022-10-18,358
PH100466,Kimberley Webb,Female,1989-08-03,Midlands,shannonwatson@example.net,020 74960862,2023-01-21,424
PH100467,Dr Luke Pollard,Female,1985-04-28,North West,dthomas@example.net,(0306) 9990895,2024-06-18,486
PH100468,Nicola Smith,Male,1977-03-18,Midlands,hilary20@example.org,(0909) 8790090,2022-07-25,320
PH100469,Gerald Barry,Female,1966-11-29,Yorkshire,qrobertson@example.net,01632960591,2019-10-10,748
PH100470,Jason Evans,Male,1976-03-13,North West,owatkins@example.org,+44306 999 0191,2018-09-09,770
PH100471,Georgina Hanson-Haynes,Male,1974-05-24,North East,jordan28@example.net,(0191) 496 0623,2021-05-16,510
PH100472,Richard Pearson,Male,1978-01-22,North East,hodgsonhannah@example.net,(0118) 496 0922,2024-11-16,760
PH100473,Mohammed Collins,Male,1982-04-01,Yorkshire,burkesuzanne@example.com,+44113 4960715,2023-09-30,724
PH100474,Ashleigh Davies,Male,1962-07-01,North West,gkelly@example.com,+44(0)114 4960169,2024-11-10,740
PH100475,Hayley Wood-Moss,Male,1984-02-22,North West,heather47@example.com,+44(0)292018666,2023-09-02,741
PH100476,Keith Shepherd,Male,1948-01-27,Midlands,cherylrobinson@example.com,+44(0)29 2018725,2023-11-18,615
PH100477,Mohamed Dale,Female,1976-02-20,Midlands,kellyschofield@example.com,+44(0)116 4960145,2016-12-02,360
PH100478,Miss Jill Harrison,Female,1945-02-04,Wales,johnstonaaron@example.net,+44(0)116 496 0647,2016-09-17,807
PH100479,Ms Hilary Walters,Male,1997-05-09,North East,jenkinschristopher@example.org,+44(0)1144960246,2025-05-11,634
PH100480,Denise Moore,Male,1949-05-21,North East,amyhumphreys@example.net,(0117) 496 0351,2018-09-07,795
PH100481,Roger Bradley,Male,1999-12-16,North West,icarter@example.org,01314960718,2020-01-18,827
PH100482,Bruce Norton,Female,1954-04-21,North East,powellvanessa@example.com,(0118)4960090,2017-04-18,402
PH100483,Glenn Walker-Green,Male,1973-07-26,North West,ingramnicola@example.net,+44(0)191 4960051,2021-09-17,521
PH100484,Phillip Buckley,Male,1947-04-11,Wales,charlotte20@example.org,+44116 4960080,2023-09-15,405
PH100485,Paula Herbert,Male,1979-05-23,London,mmiddleton@example.com,0113 4960564,2019-06-12,328
PH100486,Kerry May,Male,1997-06-06,Scotland,mortonmichael@example.com,+44113 4960995,2020-09-12,831
PH100487,Lewis Wilson,Male,1985-04-19,Northern Ireland,alex19@example.net,(0909) 879 0123,2019-09-06,807
PH100488,Ann Hamilton,Female,1976-04-25,Wales,ross37@example.com,+4428 9018 0972,2024-05-27,812
PH100489,Mr Howard Welch,Female,1988-04-01,North East,whitegeraldine@example.net,(0191)4960351,2025-02-22,786
PH100490,Mr Mohamed Holt,Female,1957-12-18,South East,thomaschapman@example.net,+44909 8790295,2024-05-28,656
PH100491,Mr Joel Patel,Female,1965-06-22,South West,rgriffiths@example.net,02074960272,2021-09-10,587
PH100492,Katie Holden,Female,1981-10-07,Scotland,mthompson@example.net,+44(0)161 496 0270,2024-11-30,845
PH100493,Mr Gerald Thomas,Male,1945-05-19,North East,garyfox@example.net,(028) 9018 0081,2017-05-26,603
PH100494,Ms Melissa Morrison,Female,2003-10-25,Northern Ireland,clarkeshirley@example.org,08081570441,2023-07-27,653
PH100495,Dr Connor Wilkinson,Female,1954-10-03,Midlands,alex08@example.net,(0131)4960298,2022-05-06,416
PH100496,Marie Cooke-O'Connor,Male,1973-12-23,South East,gail87@example.org,+44116 496 0173,2018-01-24,710
PH100497,Mitchell Robinson,Female,2001-01-24,Wales,phart@example.org,+44(0)20 74960295,2024-11-24,750
PH100498,Patrick Marsh,Male,1945-12-30,South East,ann64@example.org,+441514960867,2025-01-12,673
PH100499,Arthur Fletcher,Female,1995-01-11,Wales,hhughes@example.org,(0115)4960815,2023-04-20,574
PH100500,Caroline Roberts,Female,1944-09-08,London,anthonywhite@example.com,(0118) 496 0523,2022-07-14,408
PH100501,Hayley Barnett,Female,1978-07-04,South West,zsaunders@example.org,(0808)1570736,2017-05-22,318
PH100502,Christian Naylor,Female,2004-05-12,Scotland,jonathan90@example.net,+44(0)113 4960507,2018-05-07,645
PH100503,Jayne Barton,Female,1968-11-05,North West,holliedouglas@example.org,(0808) 157 0918,2019-01-20,675
PH100504,Patricia Miller-Sharpe,Female,1965-08-28,London,dominicobrien@example.com,+44(0)1144960589,2024-05-14,724
PH100505,Liam Holden,Female,1988-09-25,Yorkshire,johnsonlewis@example.org,(020) 7496 0886,2021-02-27,822
PH100506,Natalie Warren,Male,1996-07-26,Yorkshire,bwilliams@example.net,0306 9990834,2017-01-25,573
PH100507,Mrs Lynne Manning,Female,1958-08-21,Yorkshire,tony31@example.com,+44(0)121 4960273,2023-12-20,756
PH100508,Christian Smith,Female,1943-04-29,London,mauricelee@example.com,01214960666,2024-10-05,693
PH100509,Joanna Wilson,Male,1945-05-07,Scotland,liamrussell@example.net,0141 496 0170,2021-09-30,452
PH100510,Mrs Gail Goodwin,Male,1961-03-24,Northern Ireland,omiller@example.com,(0161)4960158,2025-06-27,764
PH100511,Diane Thomas,Female,2004-10-17,Midlands,cunninghambenjamin@example.org,(0161) 496 0964,2017-04-20,329
PH100512,Dr Damien Holden,Male,2005-11-18,South East,swebster@example.org,+44161 4960408,2022-09-27,629
PH100513,Dr Francis Richards,Male,1947-03-02,South East,benjaminbell@example.com,+448081570031,2021-01-21,817
PH100514,Julie Smith,Male,1989-11-15,North West,atkinskayleigh@example.com,+44121 496 0998,2022-01-13,662
PH100515,Mr Henry Singh,Male,1976-09-17,Northern Ireland,warnerwilliam@example.net,+441164960508,2017-08-05,815
PH100516,Arthur Davison,Male,1953-06-11,South East,harrismargaret@example.com,+44113 4960046,2020-02-20,330
PH100517,Dr Terence Hodgson,Female,1976-05-05,Northern Ireland,richardsvictoria@example.org,0117 496 0580,2022-04-04,592
PH100518,Alice Burton,Male,1957-06-23,South West,pricegillian@example.com,+44808 157 0688,2023-02-22,729
PH100519,Dr Ryan Griffiths,Female,1983-01-31,Northern Ireland,cookfrances@example.org,0909 8790285,2017-08-06,653
PH100520,Joel Wilkinson,Female,1952-09-22,Yorkshire,lweston@example.org,+4429 2018 0031,2017-12-22,784
PH100521,Douglas Allen,Male,1991-07-04,Scotland,webbmarilyn@example.net,+44(0)151 496 0235,2024-05-10,554
PH100522,Steven Harris-Winter,Male,1968-10-16,Yorkshire,wrightgordon@example.net,+44114 496 0373,2024-11-15,675
PH100523,Ms Jemma Fletcher,Female,1947-09-26,South East,kimbond@example.com,02074960900,2025-03-13,530
PH100524,Albert Cunningham,Male,1983-12-27,North West,njones@example.com,0141 4960314,2020-04-01,779
PH100525,Mrs Marian Dunn,Male,1964-11-25,North West,normankhan@example.org,0113 4960352,2023-05-01,365
PH100526,Mr Gordon Wong,Female,1971-10-03,South East,clarkefiona@example.com,(0141) 496 0356,2017-10-24,439
PH100527,Ellie Cooper,Other,1985-10-18,London,graeme98@example.org,+44(0)1134960229,2017-08-05,353
PH100528,Miss Julie Evans,Female,2000-08-04,South East,paulineherbert@example.com,(0118) 496 0946,2023-07-02,686
PH100529,Debra Smith,Male,1951-11-27,South East,laura08@example.net,+4429 2018 0943,2022-08-14,428
PH100530,Terry Webb,Female,1952-10-29,Scotland,kevinsmith@example.net,+449098790460,2017-08-08,474
PH100531,Mohammed Browne,Female,1967-11-13,London,oliverdominic@example.org,+44(0)141 4960664,2020-01-01,760
PH100532,Miss Sian Jarvis,Male,1963-07-06,London,briancook@example.net,+44(0)8081570374,2017-07-01,498
PH100533,Dr Damien Jones,Female,1951-04-26,Northern Ireland,dbooth@example.net,+44(0)20 7496 0060,2024-10-10,380
PH100534,Mary Collins,Male,2008-06-15,London,rosemary95@example.net,+44(0)29 2018723,2016-12-07,311
PH100535,Dr Jack Harris,Male,1970-09-08,London,samantha52@example.org,+44114 496 0112,2022-02-11,424
PH100536,Caroline Young,Female,1964-07-08,London,chawkins@example.com,+44(0)306 9990712,2016-11-04,803
PH100537,Miss Molly Matthews,Male,1961-12-28,South East,pauldawson@example.net,(0191)4960524,2017-10-12,601
PH100538,Dr Malcolm Sims,Male,2007-12-24,Midlands,nataliejohnson@example.org,+4429 2018 0648,2019-08-24,847
PH100539,Neil Hussain,Female,1962-08-21,Yorkshire,vhunter@example.net,0121 4960494,2023-03-29,418
PH100540,Mr Toby Ross,Other,1965-11-02,North East,lmartin@example.org,(0115) 496 0163,2021-04-27,493
PH100541,Sheila Williams,Female,1992-07-11,Midlands,mark15@example.org,+44(0)114 4960873,2020-06-30,389
PH100542,Dr Lorraine Cook,Female,1969-11-03,London,sanderschloe@example.org,+441154960807,2018-10-18,519
PH100543,Rachael Marshall,Other,1989-12-02,North East,samuel03@example.org,01614960113,2024-11-20,609
PH100544,Miss Patricia Wood,Male,1981-12-07,London,clive34@example.net,+44(0)113 496 0621,2023-04-12,744
PH100545,Alexandra Foster,Male,1978-11-08,South West,declanbaker@example.org,(0306) 999 0136,2018-06-26,502
PH100546,Mr Abdul Harris,Male,1955-02-09,Wales,dominicbrown@example.com,028 9018572,2019-03-15,724
PH100547,Hannah Mills,Male,1992-08-17,Yorkshire,brownsian@example.org,(0151)4960908,2018-04-16,644
PH100548,Natasha Williams-Edwards,Female,2003-07-16,Scotland,hwaters@example.com,(0306) 9990335,2019-12-24,460
PH100549,Beth Williams,Male,1957-11-02,South West,stewartmurphy@example.com,+44(0)1134960902,2018-06-08,801
PH100550,Michael Wood,Male,2005-12-14,Wales,irene28@example.net,(0131) 496 0425,2016-09-05,538
PH100551,Dr Valerie Dawson,Male,1970-12-28,Midlands,eshaw@example.org,+44(0)151 4960306,2018-03-02,383
PH100552,Mr Ian Davies,Male,1967-07-25,Northern Ireland,callumjames@example.org,0141 4960248,2022-05-31,829
PH100553,Miss Molly Roberts,Female,1989-12-13,North East,ugarner@example.net,(0114) 4960323,2022-07-18,802
PH100554,Jason Watson,Male,2007-05-27,Wales,pstewart@example.org,0131 4960707,2019-04-09,327
PH100555,Katy Davies,Male,1981-01-26,Wales,paulaharris@example.org,(0114)4960398,2021-03-31,796
PH100556,Andrew Clarke,Male,1975-10-04,North East,louis04@example.org,0121 4960822,2017-11-26,821
PH100557,Josephine Owen,Female,2008-02-11,Scotland,fkelly@example.com,+441914960501,2023-08-16,755
PH100558,Mrs Sylvia Dyer,Female,1961-01-31,South East,thompsoncharlotte@example.net,+4429 2018168,2018-02-21,440
PH100559,Jeffrey Patel,Female,1960-12-25,Wales,dawn87@example.org,(0191) 4960092,2017-05-15,647
PH100560,Mr Mitchell Khan,Male,1955-08-26,London,karen87@example.net,(01632)960550,2016-10-05,596
PH100561,Dr Sally Brooks,Male,1998-10-01,South East,ljones@example.com,0116 496 0130,2021-08-01,641
PH100562,Amy Payne,Female,1942-01-13,Wales,martinreece@example.com,0141 4960090,2020-02-10,639
PH100563,Rachael Weston,Female,1996-06-14,North East,hannahlloyd@example.com,(0808) 1570691,2021-04-13,651
PH100564,Darren Smith,Female,1987-06-18,North East,xbradshaw@example.com,(0909) 879 0309,2024-11-08,582
PH100565,Lindsey Williams-Turner,Female,1959-04-29,North West,macdonaldgraham@example.com,+44191 4960107,2024-04-18,679
PH100566,Rita Bell-Hughes,Female,1978-03-18,Wales,ojoyce@example.net,02074960649,2021-09-29,589
PH100567,Mary Davis,Male,1978-05-23,South East,hallbrenda@example.com,(0141) 496 0737,2019-07-01,309
PH100568,Nicholas Sutton,Male,2003-07-11,North East,bprice@example.com,028 9018 0457,2017-10-08,319
PH100569,Samuel Barker,Female,1951-01-30,North West,jean54@example.com,01614960278,2021-12-04,826
PH100570,Dr Brett Ward,Male,1943-02-16,North East,gardnerdonald@example.com,+44(0)909 879 0532,2019-12-09,800
PH100571,Harriet Freeman,Female,1964-09-29,Yorkshire,evansjake@example.com,0121 4960264,2016-09-17,622
PH100572,Tracy Ellis-Bennett,Female,1949-12-21,South West,thorntonjulian@example.org,+44(0)909 879 0250,2023-12-19,396
PH100573,Nicholas James,Female,1965-07-10,Scotland,hammondian@example.net,01514960420,2018-04-20,729
PH100574,Nathan O'Neill,Female,1980-02-24,Northern Ireland,brettchapman@example.com,+44(0)151 496 0683,2024-03-06,378
PH100575,Diane Smith,Female,1956-05-27,South West,josh43@example.net,+44141 496 0253,2025-07-05,507
PH100576,James Evans,Female,1995-09-18,South West,paigewalker@example.org,+44141 4960667,2019-09-16,481
PH100577,Jeffrey Jones,Female,1946-10-23,Yorkshire,lawrence56@example.com,+441632 960776,2019-12-25,306
PH100578,Gary Blackburn,Female,1967-09-30,Yorkshire,jonessally@example.org,+44(0)151 4960555,2023-09-04,743
PH100579,Charlotte Gordon,Male,2002-12-23,London,uwilson@example.net,0292018628,2023-11-07,580
PH100580,Shane Carey-Hilton,Female,1990-06-28,Yorkshire,elainebarnes@example.net,(0117) 4960333,2023-03-08,473
PH100581,Mr Philip Page,Female,1989-10-06,North East,dwood@example.com,020 74960395,2016-07-27,578
PH100582,Alan Power,Male,1994-06-24,North West,websterroy@example.com,+44(0)151 4960865,2024-12-07,300
PH100583,Garry Ward,Male,1952-04-26,Scotland,ckelly@example.net,+44289018436,2022-12-31,540
PH100584,Mr Gary Williams,Female,1996-09-16,North East,patelmelissa@example.org,0116 496 0718,2021-09-04,585
PH100585,Mr Benjamin Joyce,Female,1987-06-15,North West,john75@example.com,+44(0)28 9018749,2019-08-31,486
PH100586,Jennifer Wade-Hudson,Male,1979-09-29,Wales,samanthapickering@example.com,+44(0)141 496 0033,2023-07-28,756
PH100587,Debra May,Male,2002-04-13,South West,victor90@example.net,01314960826,2021-10-22,437
PH100588,Patrick Baker,Male,1981-01-13,South West,woodwardcarl@example.com,0191 498 0627,2023-12-20,375
PH100589,Sandra Woods-Walton,Male,1960-12-26,Northern Ireland,nrobinson@example.com,+44113 496 0369,2023-07-18,590
PH100590,Aimee Stokes,Female,1990-04-03,South East,wilkinsonroy@example.com,0292018249,2018-08-14,788
PH100591,Jordan Kerr,Male,1979-10-01,North West,millsalison@example.net,(0306) 9990269,2020-08-22,506
PH100592,Naomi Howarth,Male,1945-11-24,Northern Ireland,colin21@example.net,+443069990326,2017-11-01,325
PH100593,Chloe Slater,Female,1944-05-12,Midlands,ryanmason@example.net,+44(0)121 496 0732,2018-04-11,833
PH100594,Josh Haynes-Bennett,Male,1992-12-24,North West,mpayne@example.org,(0306) 999 0759,2024-12-21,544
PH100595,Lauren Francis,Male,1964-03-21,North West,oabbott@example.com,(0306) 999 0980,2021-07-03,395
PH100596,Gerard Pritchard,Female,1996-02-16,Scotland,murphylaura@example.net,(029)2018111,2021-05-31,638
PH100597,Jemma Fletcher,Female,1968-11-19,Midlands,thompsonvictoria@example.com,(0113)4960005,2020-01-17,475
PH100598,Stephen Stephenson,Other,1999-07-29,North West,jamieclarke@example.com,09098790155,2023-06-03,815
PH100599,Abdul Harris,Female,1999-09-15,South West,yreid@example.org,(0117) 496 0234,2017-09-24,461
PH100600,Jodie Smith-Gough,Male,1955-12-23,Wales,russellgordon@example.net,+44(0)8081570159,2024-03-04,602
PH100601,Miss Carole Ford,Female,1984-12-13,South West,kwalsh@example.com,+441214960977,2018-11-22,598
PH100602,Tracy Williams,Female,1981-07-08,South East,stephanieedwards@example.com,01314960244,2017-03-26,433
PH100603,Dale Martin,Female,1941-05-03,South West,reece02@example.com,0115 4960822,2023-03-30,574
PH100604,Steven Webster,Other,1993-06-04,Northern Ireland,westrachael@example.org,(0116)4960618,2017-12-18,359
PH100605,Sam Hunter-Taylor,Female,1966-07-27,South East,shirley77@example.com,0289018628,2017-10-28,654
PH100606,Ms Sheila Lewis,Female,1961-04-14,Scotland,rahmangerard@example.net,+44(0)191 496 0743,2020-11-22,717
PH100607,Katherine Smith,Male,1943-05-12,South West,tward@example.com,(0115)4960271,2017-01-15,822
PH100608,Wendy Power,Female,1977-04-11,South West,zosborne@example.org,0306 9990026,2017-08-31,479
PH100609,Sophie Bentley,Male,1950-09-25,South West,nsmith@example.net,0161 4960672,2022-02-01,456
PH100610,Dr Catherine Hunt,Female,1974-09-22,Midlands,qmurphy@example.org,(0306) 9990095,2020-11-14,601
PH100611,Maureen McDonald,Female,1955-07-29,South West,leachsamuel@example.org,(0151) 4960992,2021-07-29,681
PH100612,Charles Barrett-Walsh,Other,1943-12-30,South West,henryyoung@example.net,+44151 496 0079,2019-01-22,845
PH100613,Donald Morley,Other,1990-04-23,London,dorothy13@example.com,(0131) 4960515,2018-01-20,313
PH100614,Rachael Brown-Harding,Male,1967-04-12,North East,jchambers@example.org,(0114)4960229,2022-02-18,431
PH100615,Bernard Morgan,Female,1970-11-11,Wales,martin18@example.com,(0121) 4960621,2020-07-18,444
PH100616,Eileen Ingram,Female,1981-01-11,London,qprice@example.org,+44(0)306 9990354,2023-01-19,440
PH100617,Jean Hughes,Male,1974-11-18,Wales,hallliam@example.net,01632960159,2017-04-29,555
PH100618,Dr Gareth Wilkinson,Male,1955-08-30,Wales,vpalmer@example.com,0808 157 0709,2020-05-23,780
PH100619,Mr Robin Macdonald,Male,1960-04-07,London,patriciathomas@example.com,+4420 74960625,2021-11-16,317
PH100620,Shannon Miller-Owen,Female,1967-05-17,Northern Ireland,ellisbarry@example.com,0909 8790438,2020-04-08,748
PH100621,Mrs Ruth Moore,Female,1949-07-20,North West,ejones@example.org,+44(0)1184960807,2017-09-23,639
PH100622,Miss Deborah Cooper,Other,1946-03-05,Scotland,jenniferdavidson@example.com,+44(0)121 496 0203,2024-04-18,638
PH100623,Henry White,Male,1979-06-02,Wales,ronaldbull@example.net,+44(0)292018447,2021-05-03,673
PH100624,Maurice Talbot,Other,1943-11-30,Yorkshire,williamsonharry@example.net,01514960504,2025-01-23,363
PH100625,Sophie North,Male,1967-09-15,North East,qthompson@example.org,+44(0)1632960715,2017-07-09,710
PH100626,Dr Ricky Singh,Female,1946-05-07,North East,carl75@example.org,+44(0)191 496 0029,2019-06-07,436
PH100627,Mr Nigel Foster,Male,1974-09-07,North West,joshualawrence@example.net,01134960904,2025-02-18,584
PH100628,Mrs Gemma Thomas,Female,1993-03-07,Yorkshire,angelabooth@example.net,0141 4960376,2017-12-26,672
PH100629,Mohammed Roberts-Reynolds,Female,1949-06-05,Yorkshire,dickinsonmohammad@example.com,(0141) 496 0046,2024-06-18,632
PH100630,Katy Lawrence,Female,1949-09-24,Wales,andersonanthony@example.com,0131 4960586,2022-03-30,477
PH100631,Maureen Begum,Female,1978-08-05,Midlands,frederickpatel@example.org,+441414960525,2016-08-16,517
PH100632,Ms Lynn Scott,Male,1973-09-26,London,georgebrown@example.org,(01632) 960483,2022-11-13,562
PH100633,Kieran Wright-O'Sullivan,Male,1984-11-29,North East,holtalex@example.net,(0161)4960441,2024-05-10,322
PH100634,Vincent Jones,Male,1953-11-23,Northern Ireland,quinnlewis@example.net,+44151 4960158,2016-11-06,699
PH100635,Kieran Jones,Male,1982-06-13,Wales,mohammedthomas@example.net,(0115)4960021,2017-01-31,354
PH100636,Sheila Fry,Female,1990-08-02,Midlands,sharpbrandon@example.net,01184960125,2016-09-16,552
PH100637,Lynne Jackson,Female,1957-04-22,Wales,saramartin@example.net,(0114) 4960293,2019-10-29,660
PH100638,Mr Joel Jones,Female,1945-06-07,London,hsingh@example.org,+44306 9990110,2024-09-14,344
PH100639,Gregory Whitehead,Female,1993-05-19,South West,kennethevans@example.org,(01632)960059,2025-03-02,847
PH100640,Richard Jackson-Thompson,Female,1962-07-21,North East,ahmedguy@example.org,+44114 496 0297,2021-08-21,507
PH100641,Dylan Russell,Female,2003-05-27,Northern Ireland,okelly@example.org,(028)9018519,2023-06-22,308
PH100642,Ms Bethan Smith,Male,1946-08-27,Northern Ireland,francesca95@example.org,+44115 4960023,2020-08-14,662
PH100643,Bruce Griffiths,Male,1986-03-29,Wales,youngvictoria@example.com,+44(0)1632 960121,2020-05-14,606
PH100644,Beverley Sinclair,Female,1969-05-12,Northern Ireland,grobinson@example.net,(01632) 960 106,2023-08-22,652
PH100645,Chelsea Marshall,Female,1964-03-30,Midlands,tonyschofield@example.net,+44(0)306 9990330,2022-03-01,713
PH100646,Dr Emma Cole,Male,1962-05-16,South West,julia62@example.com,(01632) 960 165,2019-11-24,561
PH100647,Stuart Moore,Female,1980-12-11,South West,heathercarter@example.net,(028) 9018837,2021-11-13,754
PH100648,Shane Carey,Female,1942-03-17,Northern Ireland,dorothy71@example.com,(0808)1570379,2023-07-25,503
PH100649,Ms Fiona Walker,Male,1961-04-15,North East,jenkinsfiona@example.com,01632 960 274,2019-09-09,599
PH100650,Miss Annette Clements,Male,2007-09-21,South East,vlewis@example.org,+441632 960907,2019-02-14,387
PH100651,Maurice Graham-Faulkner,Female,1982-06-19,London,barnesamber@example.org,+44(0)1164960801,2024-02-24,640
PH100652,Cameron Lucas,Female,2007-11-22,Wales,frank63@example.net,+44(0)116 496 0342,2025-01-25,443
PH100653,Olivia Doherty,Male,1970-08-19,Midlands,howardkaren@example.com,+449098790893,2018-10-26,683
PH100654,Leanne Vaughan,Female,1950-06-23,South West,reece26@example.org,+44(0)292018113,2024-02-18,740
PH100655,Stuart Marshall-Jones,Male,1943-08-12,Wales,smithjune@example.com,+44(0)1164960532,2017-10-15,772
PH100656,Clive Moore,Female,1996-03-12,Midlands,aaron45@example.net,(0141)4960949,2023-11-06,810
PH100657,Dr Gareth Blake,Male,1954-02-20,Northern Ireland,reynoldselizabeth@example.net,+44(0)141 496 0843,2020-09-17,367
PH100658,Abdul Palmer,Female,1965-12-24,Scotland,peter35@example.com,0151 4960453,2016-07-31,375
PH100659,Miss Anne Harris,Male,1992-02-01,Wales,russellpowell@example.net,(0191) 496 0044,2016-12-15,809
PH100660,Hannah Ward-Williams,Male,1998-07-20,Midlands,joycebooth@example.org,0306 9990210,2017-02-03,509
PH100661,Marilyn Stevens-Finch,Female,1948-03-14,Wales,lbishop@example.com,(0114) 4960750,2017-08-16,314
PH100662,Heather Booth-Khan,Male,1944-04-08,Northern Ireland,collinsabigail@example.org,0289018617,2023-08-11,457
PH100663,Billy Smith,Male,2005-02-01,Northern Ireland,leethomson@example.org,(0113) 496 0159,2017-08-30,759
PH100664,Hollie Howe,Male,2003-07-31,Midlands,malcolmgreen@example.net,(0306)9990591,2018-06-04,495
PH100665,Frances Barnes,Female,1999-08-21,Wales,damianosullivan@example.com,020 74960457,2023-10-24,342
PH100666,Chelsea Sheppard,Female,1996-04-30,Midlands,ukemp@example.org,+44131 4960757,2023-03-10,697
PH100667,Adam Davies,Other,1941-06-30,South East,dianenoble@example.org,(0121) 4960758,2020-04-09,407
PH100668,Sarah Arnold,Male,1987-09-27,Wales,mitchell97@example.net,+44(0)1632 960339,2018-08-17,494
PH100669,Yvonne Riley,Male,1948-02-16,North West,abdultaylor@example.com,+44116 4960056,2020-08-07,302
PH100670,Shane Horton,Male,1971-03-02,South East,watsonrebecca@example.com,+44(0)1514960756,2019-01-16,631
PH100671,Dr Shaun Hussain,Female,1942-02-08,London,cthompson@example.com,+44(0)151 4960772,2025-01-17,544
PH100672,Tracey Riley,Other,1954-10-10,Midlands,ycarter@example.com,0116 496 0660,2020-12-16,776
PH100673,Brenda Hicks,Female,1977-02-22,London,carterrachel@example.org,+44909 8790256,2020-05-16,483
PH100674,Mr Nicholas Fletcher,Female,1954-06-02,South West,marilyn82@example.net,+44909 879 0265,2016-12-10,412
PH100675,Mr Jack Turner,Male,1976-02-22,Wales,douglaspalmer@example.com,(0113) 496 0622,2016-09-04,391
PH100676,Dr Lucy Cross,Female,1958-02-24,Scotland,jabbott@example.net,+4420 74960231,2017-06-08,410
PH100677,Dr Jack Bailey,Female,1973-05-28,North East,ihammond@example.net,(0113) 4960672,2023-02-05,548
PH100678,Josh Dean,Male,1990-03-13,Midlands,mchapman@example.org,+44(0)118 496 0530,2019-11-08,347
PH100679,Miss Carole Scott,Male,1950-03-04,North East,taylorkaren@example.com,+44161 4960624,2017-07-11,521
PH100680,Marcus Hughes,Male,1988-01-28,North East,zbennett@example.net,+448081570843,2021-11-22,770
PH100681,Tina Jones,Male,1941-10-23,London,jacqueline74@example.net,0117 496 0797,2024-05-16,722
PH100682,Victoria Butcher,Male,1980-03-16,North West,hansonian@example.org,01514960627,2017-07-13,650
PH100683,Bernard Brooks-Edwards,Male,1985-09-06,Midlands,kbegum@example.org,0292018051,2019-08-23,791
PH100684,Judith James,Female,1943-07-08,Northern Ireland,xandrews@example.net,(0114)4960579,2017-02-07,729
PH100685,Tom Reed,Male,1952-02-22,South East,natasha75@example.net,01214960238,2017-04-26,658
PH100686,Irene Davis,Male,1959-11-16,South East,hortondiane@example.net,+44161 496 0367,2021-02-17,774
PH100687,Dr Molly Mills,Female,1994-03-24,Northern Ireland,normanjones@example.com,(0113) 496 0425,2020-03-27,368
PH100688,Mrs Lucy Robinson,Female,1982-08-01,Northern Ireland,harrisonleah@example.org,(028)9018496,2017-06-22,750
PH100689,Shaun Hudson,Female,1944-03-03,South East,rachael72@example.com,028 9018 0192,2017-01-16,462
PH100690,Danielle Cooper,Male,1985-01-31,Wales,mandywhitehead@example.net,(0191) 496 0455,2022-12-21,703
PH100691,Aaron Watson,Female,1941-02-15,South West,jamesclark@example.org,08081570259,2019-07-19,802
PH100692,Eileen Wood-Brown,Male,1966-12-27,South East,lsimmons@example.org,0161 4960107,2025-04-11,572
PH100693,Jeremy Marshall,Male,1959-01-04,Scotland,marythompson@example.com,+44(0)131 4960633,2023-11-16,348
PH100694,Charlene Iqbal,Female,1998-07-03,Scotland,hazel48@example.net,+44(0)1214960357,2019-02-23,503
PH100695,Tracy Stevenson-Kerr,Female,1985-06-12,South West,ugrant@example.com,+44(0)306 999 0485,2025-04-15,523
PH100696,Dean Marshall-Dawson,Female,1999-05-02,Scotland,griffithsmarion@example.com,(020) 7496 0532,2025-02-21,815
PH100697,Sheila Flynn-Lloyd,Female,1941-11-09,Wales,maxmorris@example.net,+44(0)121 4960939,2020-12-26,818
PH100698,Marilyn Gould,Female,1999-07-18,North West,aharrison@example.org,028 9018 0337,2018-05-09,612
PH100699,Leon Patel-Campbell,Male,1984-09-20,North East,ewinter@example.net,020 7946 0705,2020-02-29,822
PH100700,Max Roberts,Male,1956-04-12,South East,pwhittaker@example.com,+44(0)161 4960162,2017-08-02,539
PH100701,Mr Harry Davies,Male,1966-06-13,North West,xthompson@example.org,(028) 9018 0518,2018-04-30,526
PH100702,Simon Carey,Male,2006-12-21,North West,joejones@example.net,(0161)4960794,2016-09-18,760
PH100703,Jay Evans,Female,1947-05-02,Northern Ireland,pricephillip@example.org,(0114)4960763,2020-06-22,667
PH100704,William Long,Male,1962-01-04,Northern Ireland,darrenbanks@example.org,+44(0)306 9990425,2019-09-12,587
PH100705,Howard Howell,Female,1999-07-03,Midlands,michelle79@example.org,0909 8790073,2024-04-16,551
PH100706,Keith O'Brien,Female,1976-09-15,South East,jasonharris@example.com,+44(0)117 496 0055,2022-08-24,688
PH100707,Dr Kevin Davies,Female,1953-03-28,North East,whiteglenn@example.org,+44808 1570978,2020-07-30,714
PH100708,Iain Jones-Sutton,Male,1974-08-09,Wales,lesleyjones@example.org,0116 4960457,2022-11-21,569
PH100709,Matthew Price,Male,1971-09-15,Yorkshire,longthomas@example.net,+441214960983,2021-12-03,317
PH100710,Gavin Murphy,Other,2003-07-21,Scotland,gloverzoe@example.org,+44808 157 0399,2021-01-08,356
PH100711,Heather Hall,Female,1942-01-08,Northern Ireland,wgibbs@example.com,+44115 496 0403,2018-05-26,379
PH100712,Dr Mark Frost,Female,1957-05-20,Yorkshire,vjones@example.net,01914960843,2021-08-10,554
PH100713,Mr Raymond Whitehead,Female,1976-07-24,North West,rholt@example.com,+44(0)306 9990660,2019-07-25,637
PH100714,Kirsty Ward,Female,1963-03-30,North East,shane56@example.com,(0121) 4960432,2025-07-22,742
PH100715,Kayleigh Turner,Male,1967-04-24,North West,simpsonmohamed@example.org,(0121) 496 0006,2023-10-16,427
PH100716,Marie Higgins,Female,1951-03-28,Scotland,murphyamelia@example.com,+441144960572,2023-07-21,732
PH100717,Ms Mary Miller,Male,1964-02-21,North West,richardfoster@example.net,+44151 496 0682,2022-01-08,666
PH100718,Brandon Robson-Patel,Female,1964-06-28,South West,beth35@example.com,+442074960751,2017-12-19,328
PH100719,Dr Paige Patel,Female,1983-01-28,North West,qlewis@example.org,+44(0)118 4960743,2023-11-06,493
PH100720,Mohamed Gardiner,Female,1956-08-15,South West,flemingdanny@example.org,01632 960 974,2025-01-02,466
PH100721,Jill Taylor,Male,2007-01-30,Midlands,jordan57@example.org,(0116)4960925,2024-11-08,787
PH100722,Louise Turner,Male,1974-08-24,North East,nmatthews@example.org,(0113) 4960105,2024-02-07,806
PH100723,Ms Jade Lee,Female,1995-10-08,Northern Ireland,anne71@example.net,+44(0)191 496 0752,2024-07-25,750
PH100724,Mr Kieran Hall,Male,1983-02-11,London,mharris@example.net,+441214960680,2020-06-27,590
PH100725,Abdul Douglas-Lamb,Male,2000-04-23,Northern Ireland,mariahawkins@example.net,(028) 9018656,2017-11-24,571
PH100726,Catherine Hall,Male,2001-02-08,South East,clarkenicholas@example.com,+44(0)116 496 0590,2019-09-27,471
PH100727,Valerie Barrett,Male,1995-12-21,Midlands,cthompson@example.org,+44289018459,2017-02-18,725
PH100728,William Higgins-Knowles,Male,1942-07-25,Scotland,padams@example.org,0306 9990908,2018-09-21,347
PH100729,John Smith,Female,1978-04-19,South West,ronaldmitchell@example.net,01144960271,2017-10-20,449
PH100730,Carol Wright,Male,1959-08-13,North East,webbmatthew@example.org,(0114)4960221,2024-03-29,374
PH100731,Clifford Davies,Male,1950-11-16,Yorkshire,jacqueline43@example.net,0191 4960231,2016-09-23,571
PH100732,Mr Adrian Cox,Male,2001-07-27,Wales,rosie71@example.net,0306 9990555,2017-01-28,464
PH100733,Dr Megan Powell,Male,1985-03-26,Northern Ireland,eleanorparkinson@example.com,+441144960651,2018-12-14,408
PH100734,Mr Brian Heath,Male,1946-07-13,Scotland,colesbrett@example.org,+44161 496 0680,2020-04-16,507
PH100735,Megan Sharp-Chandler,Female,1966-07-20,North West,grahamgemma@example.net,01914960662,2017-06-17,773
PH100736,Miss Elaine Atkins,Male,2005-11-18,Scotland,ylambert@example.net,+441914960137,2025-03-30,606
PH100737,Joyce Bishop,Male,1982-03-17,Midlands,omann@example.com,(0116) 4960143,2022-03-14,752
PH100738,Miss Valerie Long,Male,1983-02-05,South West,harrisnathan@example.org,0118 4960080,2016-10-12,802
PH100739,Nicholas Johnson,Male,1956-01-10,Yorkshire,jenna31@example.net,0114 4960370,2017-03-02,796
PH100740,Dr Jessica Page,Male,1956-11-26,North West,scott56@example.net,+44(0)113 4960332,2017-08-09,493
PH100741,Albert Palmer,Male,1950-12-12,Scotland,kempmarie@example.net,+44909 879 0285,2020-07-31,782
PH100742,Sam Booth,Female,2006-07-23,Northern Ireland,charlotterobinson@example.com,+44(0)121 4960660,2020-12-05,800
PH100743,Ms Leanne Patel,Male,2002-06-04,Wales,josephine28@example.net,+44(0)161 4960470,2020-10-06,827
PH100744,Dr Trevor Baker,Female,1962-12-14,North West,kennethbyrne@example.net,(029) 2018 0681,2024-10-13,493
PH100745,Carolyn Connor-Hall,Female,1977-06-07,Northern Ireland,ssaunders@example.org,+44(0)113 4960390,2016-11-22,425
PH100746,Heather Ali,Male,1954-08-15,Wales,jdavies@example.net,(0117)4960397,2023-04-20,621
PH100747,Ms Georgina Smith,Male,1949-12-25,Northern Ireland,jacob09@example.com,0113 4960519,2018-12-03,812
PH100748,Maria Willis,Female,1977-05-16,Northern Ireland,stephanie14@example.net,+44(0)909 879 0582,2018-09-06,795
PH100749,Jeffrey Green,Female,1994-12-20,Northern Ireland,nyates@example.com,(0141)4960328,2023-06-22,614
PH100750,Neil Barnett-Patel,Male,1999-03-21,Midlands,geraldine60@example.com,0113 4960944,2021-07-11,382
PH100751,Josh Thomas,Male,1961-07-28,North East,rhysbaker@example.org,+44(0)191 4960586,2023-12-11,532
PH100752,Barbara Nelson,Male,1988-07-05,Northern Ireland,prestonantony@example.com,(0116) 4960394,2021-08-16,692
PH100753,Albert Moore,Male,1976-03-06,North West,qburns@example.org,0131 4960354,2022-11-09,608
PH100754,Stuart Taylor,Female,1949-10-04,London,frenchtom@example.com,(0141) 4960147,2022-12-04,490
PH100755,Miss Linda Kelly,Male,2008-04-07,Scotland,wscott@example.com,+44113 4960798,2022-10-29,488
PH100756,Elizabeth Morris,Male,2006-11-30,South West,uhammond@example.com,(0306)9990632,2021-09-22,332
PH100757,Dr Adrian Booth,Female,1950-06-07,Midlands,bethan38@example.com,(0115) 4960061,2019-05-24,458
PH100758,Timothy Frost-Smith,Male,2004-01-03,London,clarkekimberley@example.org,+44(0)1632 960339,2022-07-26,668
PH100759,Miss Janice Hall,Male,2002-12-04,Midlands,clare29@example.org,+441632960439,2022-12-05,432
PH100760,Antony Herbert,Female,1962-02-24,South East,sbooth@example.org,(0808)1570457,2019-05-29,846
PH100761,Dr Joan Gibson,Male,1978-06-17,Midlands,charlieroberts@example.org,0114 4960394,2018-02-08,345
PH100762,Damian Carter-Potter,Male,2005-01-24,Midlands,evansbeverley@example.org,+44117 4960804,2018-11-09,623
PH100763,Sheila Webster,Male,1948-08-11,South West,nicolawatson@example.com,(0113) 496 0325,2022-01-14,573
PH100764,Kim Taylor,Female,1962-02-27,Wales,williamgreen@example.com,(0117) 4960765,2016-11-24,758
PH100765,Liam Brown-Fisher,Male,2000-05-17,Wales,leehardy@example.net,+44(0)151 496 0692,2021-11-12,788
PH100766,Gregory Peters,Male,1990-01-01,South West,jenna62@example.net,(0161)4960789,2022-05-18,598
PH100767,Ann Chapman-Wilson,Male,1992-08-11,North East,hsmith@example.org,0121 4960319,2021-12-09,646
PH100768,Adrian Morley,Male,2000-05-29,Yorkshire,sjones@example.net,(0115) 496 0009,2021-01-11,684
PH100769,Glenn Haynes,Female,1968-09-18,Scotland,hilarymorris@example.net,0114 496 0040,2024-10-08,586
PH100770,Dr Danny Cox,Male,1968-07-11,Wales,hobbsfrancesca@example.com,(0121)4960769,2023-08-10,401
PH100771,Graham Hope,Female,1970-09-07,Scotland,julia75@example.org,(0116) 4960105,2021-04-27,535
PH100772,Ms Diane Atkinson,Female,2004-01-22,Midlands,clarkadrian@example.com,+44117 4960365,2020-12-28,432
PH100773,Colin Bell,Female,2001-05-12,South East,danielfox@example.net,+44114 4960460,2018-07-28,555
PH100774,Danny Andrews,Male,2004-01-09,Wales,vrobertson@example.org,(0121) 4960014,2017-02-22,638
PH100775,Andrew Bryant,Female,1959-03-07,South East,jacquelinejones@example.net,0116 496 0473,2020-09-22,415
PH100776,Hollie Parker,Female,1993-07-16,Midlands,iburns@example.org,+44115 496 0072,2020-07-05,437
PH100777,Chelsea Khan,Male,1947-10-27,Yorkshire,philip82@example.com,(0113) 496 0113,2017-08-22,752
PH100778,Connor Townsend,Female,1953-02-14,Northern Ireland,northpaula@example.net,+441514960984,2020-04-15,507
PH100779,Rebecca Lloyd,Female,1992-05-28,Wales,lcollins@example.net,+44(0)118 496 0097,2021-12-26,409
PH100780,Christian Howard,Male,1982-03-05,London,mitchellgavin@example.net,(0114) 4960231,2023-04-22,692
PH100781,Brett McDonald,Female,1958-09-16,North West,farrelljune@example.net,(0141)4960600,2017-06-23,694
PH100782,Hugh Jones,Male,1979-02-13,South East,christopherduffy@example.com,+44161 4960676,2024-09-23,754
PH100783,Brenda Fisher,Female,1956-04-06,North East,thomasbeverley@example.org,+441164960090,2025-02-26,717
PH100784,Julie Hill,Other,1956-05-07,Northern Ireland,nicholasmoore@example.org,029 2018 0144,2017-11-22,845
PH100785,Sara Stewart-Brown,Male,1987-04-21,Midlands,robinsonkathleen@example.com,(01632) 960734,2020-12-03,616
PH100786,Dr Craig Dean,Female,1964-12-27,South East,paige26@example.net,+44113 496 0433,2025-02-17,457
PH100787,Marian Bray,Male,1987-05-10,London,smithjordan@example.net,+44292018700,2020-12-03,774
PH100788,Rosie Hill,Female,1972-12-20,Northern Ireland,katy87@example.org,+44909 8790968,2021-09-11,445
PH100789,Dr Aaron James,Female,1974-09-20,Scotland,hbooth@example.com,+44(0)292018730,2018-10-16,460
PH100790,Joanna Schofield,Male,1981-09-06,South East,charlenegibson@example.org,0121 4960519,2024-01-14,755
PH100791,Lawrence Smith,Male,1988-12-23,South East,alankay@example.com,+44(0)131 4960778,2023-06-02,784
PH100792,Nathan Hodgson-Finch,Male,1965-12-28,North West,aaronfoster@example.org,(0116)4960558,2020-06-28,486
PH100793,Jill Chambers,Male,1998-07-04,South West,ricky29@example.com,+44191 496 0255,2018-06-16,701
PH100794,Andrew Green,Male,1973-12-24,Yorkshire,waltonelliot@example.com,+441414960296,2022-10-04,807
PH100795,Dr Julia Jones,Male,1949-11-29,North West,traceymurphy@example.com,+44(0)1314960754,2021-03-13,739
PH100796,Christopher Campbell,Male,1953-09-13,South West,jsingh@example.net,0116 4960786,2021-11-16,302
PH100797,Rachael Brady,Male,1942-10-02,London,stevenjohnson@example.com,+441314960619,2019-02-28,665
PH100798,Roger Armstrong,Female,1992-07-19,London,christinemoore@example.net,(0118) 4960255,2021-09-03,393
PH100799,Mr Arthur Bell,Female,1941-07-31,London,samanthafuller@example.com,+44(0)28 9018 0778,2017-08-01,765
PH100800,Bethany Hutchinson,Female,1958-11-29,Northern Ireland,mlamb@example.org,(0909) 8790205,2022-01-19,336
PH100801,Glen Jones-Parker,Male,1968-08-24,Midlands,dixonstacey@example.org,+44(0)161 496 0295,2023-10-27,846
PH100802,Amelia Bennett,Female,1991-01-16,Yorkshire,ocollins@example.org,+44191 496 0292,2017-02-28,397
PH100803,Lawrence Slater,Female,2007-10-06,London,brett42@example.org,(0808) 1570361,2023-12-17,531
PH100804,Sally Brown,Male,1992-02-02,London,mark16@example.org,+44808 157 0618,2018-12-08,428
PH100805,Francesca Connor,Male,1945-01-21,Yorkshire,ywatson@example.org,+44191 4960081,2024-07-04,747
PH100806,Dr Ian Burns,Female,2003-08-09,South East,kerrybriggs@example.com,(020) 7496 0048,2024-03-10,516
PH100807,Trevor Sullivan,Male,2007-08-02,South East,wgreen@example.net,0292018235,2025-02-27,709
PH100808,Dr Declan Wheeler,Female,1999-07-11,Midlands,lynn49@example.org,(0161)4960155,2017-10-24,336
PH100809,Dr Diane Pearson,Other,1973-11-16,South West,thompsonjanet@example.org,+441914960686,2018-06-27,549
PH100810,Simon Knight-Simpson,Male,1962-08-27,North West,josephine88@example.net,+441174960956,2017-01-06,801
PH100811,Carol Williams,Male,1971-09-04,Wales,ijones@example.com,+44292018137,2020-09-14,809
PH100812,Mr Ronald Butler,Other,1957-05-05,South West,holmesdean@example.net,(0116) 496 0308,2024-09-10,414
PH100813,Joel Frost,Female,1968-02-03,Wales,garethlamb@example.net,0808 157 0172,2024-02-27,516
PH100814,Dr Stephen Thomson,Male,1943-05-28,Scotland,alexander53@example.net,+44114 496 0436,2017-07-05,525
PH100815,Dr Duncan Wilson,Female,1990-07-25,London,lgoddard@example.com,(0121)4960381,2020-04-03,611
PH100816,Roy Williams,Female,1966-06-05,Wales,jade84@example.com,(0808) 1570300,2024-02-16,595
PH100817,Iain Benson,Female,1961-11-02,Yorkshire,treynolds@example.org,+44113 4960413,2022-07-03,358
PH100818,Rosie Harris,Female,1982-02-21,South West,heather14@example.com,+44(0)1164960114,2022-06-29,719
PH100819,Deborah Reeves,Male,1991-01-18,Yorkshire,george11@example.net,+44151 4960165,2022-03-27,424
PH100820,Janice Ellis,Male,1980-12-09,South East,colinobrien@example.org,029 2018609,2022-07-02,473
PH100821,Martin Cox,Female,1976-04-11,London,reidandrea@example.com,(0121) 4960565,2018-11-22,762
PH100822,Miss Michelle Green,Male,2000-02-11,Midlands,huntdiane@example.net,(0117)4960469,2024-03-15,679
PH100823,Melissa Evans-Phillips,Female,1994-01-26,South East,catherinestephenson@example.net,+4420 7496 0799,2024-09-03,518
PH100824,Tracey Kay,Female,1975-12-19,Midlands,stevensonamber@example.org,+44(0)113 4960707,2021-06-20,801
PH100825,Ricky Duffy,Male,1971-04-09,Northern Ireland,edwardsrita@example.net,+44(0)121 496 0504,2025-04-26,516
PH100826,Mrs Laura Archer,Female,1996-10-18,Scotland,duncan89@example.org,+44(0)292018768,2017-04-24,611
PH100827,Jordan Anderson,Male,1943-06-12,Midlands,rarnold@example.net,(0306)9990169,2019-11-19,435
PH100828,Dr Alex Brown,Female,2008-04-11,South West,clivetucker@example.org,0289018570,2022-11-15,400
PH100829,Dr Patricia Wood,Male,1975-11-01,South East,lee67@example.com,0141 4960071,2022-02-04,570
PH100830,Adrian Bradshaw,Female,1967-06-18,Yorkshire,karenmorgan@example.com,0161 4960481,2021-03-05,609
PH100831,Amelia Palmer,Female,1990-07-21,North West,sheilabarton@example.org,+44(0)114 496 0317,2021-02-05,743
PH100832,Wendy Hodgson,Male,1978-06-26,Yorkshire,clifford74@example.com,0141 4960539,2025-06-30,514
PH100833,Liam Collins,Female,1975-08-29,South West,paulrahman@example.net,0161 496 0054,2021-10-26,792
PH100834,Miss Anna Hodgson,Female,1983-06-12,South East,tlloyd@example.net,+44(0)191 496 0739,2024-08-31,634
PH100835,Mr Jeremy Smith,Female,1943-11-30,North East,hudsonmarian@example.com,+44(0)141 496 0102,2024-08-19,338
PH100836,Aimee Hughes,Female,1960-05-12,South East,evansamber@example.com,+4420 74960087,2017-04-23,706
PH100837,Nigel Murphy,Other,1967-08-18,Midlands,joel51@example.org,(0114)4960827,2020-07-22,616
PH100838,Kathleen Bailey,Male,1961-04-09,Northern Ireland,christian65@example.org,+44(0)118 4960968,2016-10-04,514
PH100839,Miss Rosie Palmer,Female,1996-11-02,Northern Ireland,crawfordjoe@example.org,+44(0)289018049,2024-01-31,557
PH100840,Dr Gerald Shepherd,Male,1971-12-07,Yorkshire,victoriaharvey@example.com,+44115 496 0872,2021-02-02,465
PH100841,Mr Kieran Potter,Female,1969-04-15,Wales,bryansylvia@example.com,+44151 4960420,2021-11-05,637
PH100842,Oliver Jones-Williamson,Female,1982-04-03,Midlands,paulinebyrne@example.com,01214960956,2019-03-02,611
PH100843,Miss Donna Newman,Male,1944-04-08,Scotland,anne28@example.com,(0115) 4960213,2022-07-06,546
PH100844,Duncan Morgan,Male,1975-09-18,Northern Ireland,scottsylvia@example.com,(0161) 496 0730,2016-10-31,456
PH100845,Mr Ben Patel,Female,1950-03-26,Wales,bradleynixon@example.com,(0141) 496 0260,2023-12-10,519
PH100846,Dr Justin Clark,Male,1996-12-29,North East,evanscarolyn@example.org,(0121)4960235,2017-03-12,573
PH100847,Oliver Wright,Female,1971-04-11,Scotland,barrettsimon@example.org,(0909)8790973,2021-06-23,559
PH100848,George Richardson,Male,1989-09-13,North East,voliver@example.org,01632960711,2020-02-24,470
PH100849,James Watson,Other,1948-04-03,North West,dorothyryan@example.com,+44116 496 0229,2018-11-24,620
PH100850,Owen Kelly,Male,1993-07-07,North East,terence67@example.net,020 7946 0077,2021-05-16,424
PH100851,Dr Denis Rees,Male,2004-05-02,London,troberts@example.org,+44(0)131 496 0608,2018-01-02,575
PH100852,Dr Tom Morley,Female,1987-11-24,South East,tracey86@example.org,+44(0)29 2018 0581,2017-08-22,366
PH100853,Derek Smith,Female,1949-10-05,Scotland,andrewsmichael@example.org,+44(0)1414960704,2025-01-29,559
PH100854,Martin Edwards,Male,1968-09-06,Wales,leighknight@example.net,(0151) 496 0861,2024-07-04,731
PH100855,Dr Alan Patterson,Male,1971-03-22,North East,leedavies@example.com,(0114) 4960145,2021-04-03,749
PH100856,Shane Jackson,Female,1952-09-21,Scotland,vstewart@example.org,0161 4960683,2023-03-12,682
PH100857,Howard Bennett,Female,1980-09-13,London,sjones@example.com,+449098790210,2018-08-28,710
PH100858,Dr Abdul Sims,Male,1989-01-07,Scotland,carterlouis@example.net,(0116)4960192,2025-05-27,336
PH100859,Mrs Michelle Hilton,Female,1954-04-17,Wales,denisebirch@example.com,0292018378,2025-04-23,487
PH100860,Brett Evans,Female,1971-06-24,Midlands,taylorbeth@example.org,+44(0)1314960847,2019-12-03,659
PH100861,Stewart Thomas,Female,1957-07-26,South West,tryan@example.org,(0114)4960296,2024-12-13,740
PH100862,Declan Willis,Female,1987-08-07,North West,roychambers@example.net,(0115)4960803,2021-05-30,620
PH100863,Dr Robin Whitehouse,Female,2002-04-01,South West,bernardoneill@example.com,(0117) 496 0242,2017-02-10,769
PH100864,Danielle Morton,Male,1994-09-21,South West,robertsonalex@example.org,+44(0)1632960605,2016-10-15,450
PH100865,Garry Bevan-Holmes,Female,1989-05-30,North East,mbrown@example.org,(0114) 496 0801,2021-06-02,384
PH100866,Rosemary Patel,Female,1948-12-17,Midlands,palmerjudith@example.com,01914960498,2020-04-29,347
PH100867,Declan Fox,Female,1948-04-28,Yorkshire,rossholt@example.com,01134960425,2019-06-10,620
PH100868,Keith Ward,Male,1971-02-13,North West,bondcarly@example.org,01184960733,2022-07-23,665
PH100869,Jodie Webb,Male,1965-03-29,North East,jamie45@example.com,029 2018777,2024-01-07,456
PH100870,Mrs Amy Holden,Female,1976-03-07,London,samantha35@example.org,+44117 496 0126,2018-03-06,731
PH100871,Steven Stone-Ward,Male,1966-09-05,South East,simonsavage@example.net,+44(0)191 496 0812,2018-04-04,706
PH100872,Mr Elliot Jones,Other,1994-05-09,Yorkshire,phillip47@example.com,0292018282,2021-08-17,498
PH100873,Anthony Williams,Male,1975-05-10,Wales,crawfordhoward@example.com,(0909) 8790178,2019-04-03,431
PH100874,Eric Newton-Hodgson,Female,2005-02-22,South West,albert41@example.org,+44114 496 0923,2020-03-09,708
PH100875,Mr Mark Baker,Female,1966-04-24,South West,richardsoncallum@example.com,(028) 9018653,2023-06-10,669
PH100876,Alexander Davies,Male,1966-06-11,South West,linda98@example.net,+44808 1570460,2022-07-27,393
PH100877,Lesley Lewis,Male,1992-10-20,North West,frank43@example.net,0306 999 0605,2024-12-18,440
PH100878,Jason Butcher,Female,2002-08-05,South East,ghopkins@example.org,+44306 9990603,2021-02-26,567
PH100879,Dr Megan Roberts,Female,1979-01-06,London,thomasabbie@example.org,(029) 2018 0567,2021-01-20,581
PH100880,Colin Birch,Male,1985-05-29,Yorkshire,geraldinewilliams@example.org,+44(0)2074960327,2023-11-29,391
PH100881,Robin Byrne,Female,1950-10-07,North West,howarthmarian@example.com,028 9018862,2018-12-28,821
PH100882,Mohammad Young-Power,Female,1999-08-22,Midlands,elaine38@example.net,0118 4960984,2018-01-17,513
PH100883,Dr Sarah Cole,Male,1952-09-21,Wales,samuelclarke@example.com,+44161 4960169,2022-08-04,509
PH100884,Olivia Mitchell,Male,1988-12-24,South East,yvonne55@example.com,+44113 4960618,2021-08-05,333
PH100885,Mr Gerard Warner,Male,1969-02-03,Wales,walkerjoseph@example.com,+44(0)114 496 0205,2021-02-05,781
PH100886,Mr Justin Rose,Male,1961-08-10,London,gbarry@example.org,+44(0)1184960647,2020-09-23,429
PH100887,Kevin Smith,Male,1992-10-29,South East,junerobertson@example.org,+44(0)28 9018548,2023-04-30,842
PH100888,Dr Arthur Morgan,Male,1970-11-27,South East,jordan90@example.net,+44(0)20 74960547,2021-10-06,572
PH100889,Dr Irene Gilbert,Female,1983-02-28,Yorkshire,patriciahughes@example.net,+44(0)161 4960769,2025-07-19,781
PH100890,Melanie Parsons,Male,1948-07-21,Midlands,obriennatasha@example.com,+44(0)29 2018 0899,2024-12-05,398
PH100891,Dylan Thompson,Female,1949-07-04,Northern Ireland,rmatthews@example.org,029 2018927,2020-11-07,391
PH100892,Jay Roberts,Male,1954-05-10,Wales,paulwalsh@example.org,01314960175,2022-04-11,740
PH100893,Bryan Cunningham,Male,1982-11-23,North West,shawsally@example.com,(0191) 4960891,2018-12-18,750
PH100894,Sally Hardy,Female,1957-10-09,South West,leon34@example.net,(0118) 4960444,2021-11-09,598
PH100895,Amy Akhtar-Faulkner,Female,1971-10-01,Northern Ireland,lynn12@example.org,+442074960835,2018-08-15,317
PH100896,Gordon Fletcher,Male,1998-09-23,Midlands,ashtoniain@example.org,+44(0)121 4960393,2017-08-14,819
PH100897,Carly Cooper,Male,1977-07-08,London,rickybennett@example.com,(0131)4960435,2024-09-12,516
PH100898,June Woods,Male,1940-12-13,Scotland,grahamfrederick@example.org,0191 498 0644,2017-05-09,814
PH100899,Brandon Begum-Lord,Female,2000-08-01,Northern Ireland,winterdenis@example.net,+44(0)20 7496 0639,2021-10-14,778
PH100900,Grace Barber,Male,1956-09-26,Midlands,victor18@example.com,+44(0)9098790243,2017-07-27,768
PH100901,Sally Gray,Male,1980-08-08,Northern Ireland,michellesutton@example.com,+4429 2018588,2020-05-27,678
PH100902,Richard Taylor,Male,1972-11-28,Midlands,kevin05@example.org,+44(0)121 4960379,2021-01-02,670
PH100903,June Khan,Female,1968-06-13,London,edward40@example.net,0191 4960214,2021-07-10,593
PH100904,Dr Leonard Lowe,Female,1945-12-17,Yorkshire,woodcharlene@example.com,+4428 9018339,2018-10-16,313
PH100905,Dennis Richardson,Female,1981-05-14,North East,kayleigh98@example.org,+44(0)306 9990527,2020-12-11,513
PH100906,Dr Grace Thompson,Female,1957-03-14,North East,rquinn@example.org,+44(0)1314960367,2022-08-17,701
PH100907,Stephen Coles,Male,1977-10-12,Northern Ireland,obryan@example.net,(01632) 960 497,2023-11-01,746
PH100908,Donna Rhodes,Male,1982-09-15,South East,econnolly@example.org,(0191)4960524,2021-07-15,607
PH100909,Sara Barber,Male,1978-06-22,Northern Ireland,lclayton@example.org,+44(0)2074960141,2018-07-29,690
PH100910,Dr Lawrence Cox,Female,1996-09-04,North West,shirleyhughes@example.net,0141 496 0860,2023-01-24,311
PH100911,Dr Henry Lewis,Female,1943-11-20,Northern Ireland,eileenbird@example.com,(0114)4960347,2019-09-29,557
PH100912,Kevin Phillips,Female,1950-08-23,South East,edwardwarren@example.net,+441514960894,2023-07-27,579
PH100913,Justin Freeman,Other,1984-12-25,Midlands,brianwilkins@example.com,+44(0)161 4960963,2020-09-12,790
PH100914,Mr Gerald Kaur,Other,1943-01-22,North East,sandrawalker@example.com,+441184960067,2023-09-27,471
PH100915,Mrs Jill Myers,Female,1998-08-15,London,woodashley@example.net,+442074960176,2023-10-20,426
PH100916,Christine Power-Stone,Male,1985-12-01,London,gibbsgemma@example.com,(0141) 496 0512,2022-08-03,493
PH100917,Mr Gerald Taylor,Male,1997-07-18,Yorkshire,griffithsjames@example.net,+44(0)116 4960150,2020-02-21,393
PH100918,Elaine Kelly,Male,1960-11-08,London,danielsjake@example.com,+44(0)113 4960141,2019-03-12,607
PH100919,Billy Conway-Taylor,Female,2003-02-23,South West,teresafoster@example.org,+441914960842,2016-12-18,653
PH100920,Guy Rowe,Male,1943-11-23,Northern Ireland,freemandeclan@example.net,+443069990163,2021-12-31,740
PH100921,Brian McKenzie,Female,1968-11-29,South West,howellcatherine@example.net,+44(0)113 4960900,2020-05-08,834
PH100922,Mr Robert Pearce,Female,1952-09-06,Wales,tsharp@example.com,(0115) 4960594,2022-04-25,340
PH100923,Bradley Anderson,Female,1986-04-06,Wales,dnash@example.net,0121 496 0633,2024-01-27,435
PH100924,Georgia Robinson,Male,1982-02-11,South West,teresa81@example.org,+441174960999,2019-12-11,465
PH100925,Donna Allen-Watson,Male,1987-08-02,Midlands,webbbryan@example.org,0306 999 0485,2021-06-24,437
PH100926,Declan Sharp,Male,1981-01-07,Midlands,osanders@example.org,+44(0)8081570320,2023-01-15,755
PH100927,Chelsea Bell,Female,1994-02-05,South East,rachelcooper@example.com,+44(0)191 496 0953,2024-12-23,376
PH100928,Jill Clarke-Taylor,Female,1952-08-16,South West,eric61@example.com,+44116 4960638,2020-06-03,316
PH100929,Anne Ellis,Female,1971-07-11,North East,jamiewilson@example.com,028 9018021,2018-12-13,773
PH100930,Mr Declan Gilbert,Male,1979-12-06,North East,martin95@example.org,02074960947,2021-02-28,828
PH100931,Carly Donnelly,Male,2003-11-26,London,graham09@example.org,+44115 4960136,2017-12-03,424
PH100932,Gavin Patel,Male,1946-11-22,North East,annehill@example.net,+441174960379,2020-07-21,483
PH100933,Ellie James,Female,1960-11-29,North East,josephinefield@example.net,+44116 496 0234,2017-12-07,576
PH100934,Mr Reece Lewis,Female,1965-08-16,South East,sara45@example.org,(0115) 496 0034,2019-08-08,589
PH100935,Rita Hudson-Connolly,Male,1966-04-30,Yorkshire,dawn54@example.net,(0151) 496 0996,2020-01-12,844
PH100936,Ben Jackson,Female,1945-02-28,Midlands,pearsonkieran@example.net,+44151 496 0331,2017-12-30,522
PH100937,Mr Bernard Thomson,Male,1969-08-14,Wales,stanleykennedy@example.com,0909 879 0167,2024-12-16,306
PH100938,Antony Baker-Coles,Female,1977-12-29,North East,hbradley@example.net,(0151)4960269,2021-10-11,532
PH100939,Ms Shirley West,Male,1960-06-22,Midlands,rschofield@example.org,0306 999 0608,2018-09-30,606
PH100940,Aaron Stanley,Male,1949-09-16,Midlands,stanleyscott@example.org,(0306) 999 0437,2022-03-25,584
PH100941,Judith French-Clarke,Female,1987-10-18,Scotland,fparsons@example.com,(0151) 496 0855,2019-01-13,581
PH100942,Dr Ronald Lawrence,Male,1959-03-22,Northern Ireland,afaulkner@example.net,(0113)4960789,2021-06-24,807
PH100943,Mr Daniel Spencer,Male,1976-05-26,Northern Ireland,ashley36@example.com,(0141) 496 0793,2016-07-24,744
PH100944,Dr John Harvey,Male,1976-03-27,South East,fpowell@example.net,+44(0)1314960219,2025-04-07,438
PH100945,Mr Gerald Murphy,Male,1987-11-17,North East,jacquelineshort@example.net,+44(0)808 1570626,2025-03-14,495
PH100946,Ms Beth Walker,Female,1982-03-07,London,xhill@example.net,(0117)4960355,2023-07-26,667
PH100947,Derek Walsh,Female,1947-12-29,Scotland,ritahopkins@example.com,+44141 4960434,2018-12-14,525
PH100948,Joanne Waters-Smith,Female,1990-03-08,Northern Ireland,martinandrew@example.com,+44(0)1174960697,2020-02-28,535
PH100949,Ms Margaret Frost,Male,1983-05-01,South East,handrews@example.org,+44113 496 0931,2022-10-30,392
PH100950,Diana Mitchell-Mahmood,Female,2007-09-09,Scotland,rebecca24@example.com,+44151 4960069,2018-08-11,439
PH100951,Lindsey Green,Male,1973-06-13,North West,lynnpage@example.com,(0131) 4960560,2016-12-05,707
PH100952,Marilyn Hamilton,Male,1987-05-23,North East,rhysmason@example.org,(0161)4960676,2020-06-24,763
PH100953,Nathan Reynolds,Male,2004-01-25,Wales,terencehunt@example.net,+44(0)114 4960645,2025-06-03,731
PH100954,Christopher Bailey,Female,2007-08-18,Midlands,gemmahunter@example.net,+44(0)117 4960454,2020-02-11,469
PH100955,Mrs Kirsty Garner,Female,1960-02-02,Northern Ireland,shyde@example.org,01614960223,2017-12-02,375
PH100956,Alan Wilson,Female,1981-12-17,Midlands,jonesmarilyn@example.org,09098790989,2025-06-11,387
PH100957,Jane Webb,Female,1962-01-30,North East,kennedypatrick@example.org,(0191) 496 0306,2021-04-20,516
PH100958,Miss Diane Cooper,Female,1976-04-15,London,martinbrown@example.com,+44(0)131 496 0031,2021-12-22,584
PH100959,Mr Danny Turner,Female,2008-03-22,North West,justinjones@example.org,01632 960219,2017-03-04,791
PH100960,Janet Hill,Female,1964-08-15,Northern Ireland,pauline65@example.com,+44(0)29 2018804,2016-10-03,794
PH100961,Irene Brooks,Male,1949-05-19,Yorkshire,hussaindean@example.org,+441144960847,2024-01-21,301
PH100962,Clive Wood,Male,1978-10-27,South West,butlerkyle@example.net,01164960426,2017-05-12,689
PH100963,Keith Bell,Male,1975-11-25,Scotland,markfrost@example.com,+44(0)1184960236,2017-03-22,464
PH100964,Glenn Williams,Female,1983-07-12,South East,qnaylor@example.net,+44121 4960281,2025-07-18,408
PH100965,Tracey Wheeler,Female,1974-01-19,Yorkshire,carolyn36@example.org,+44(0)1174960190,2017-07-29,605
PH100966,Helen Wright,Female,1952-10-17,North East,colin86@example.org,02074960248,2024-08-15,318
PH100967,Miss Shirley McLean,Male,1981-12-31,North West,joannehurst@example.org,0161 496 0623,2025-07-04,483
PH100968,Catherine White,Female,1988-09-29,Midlands,vakhtar@example.net,(0113) 4960391,2018-10-17,603
PH100969,Catherine Fisher,Male,2007-02-24,South West,warrenjade@example.com,(0114)4960142,2022-07-05,449
PH100970,Leon Kirby,Male,1940-09-01,Wales,hilary66@example.org,(0191) 4960178,2025-06-10,626
PH100971,James Baker-Slater,Male,1942-03-11,Northern Ireland,robertseileen@example.com,03069990522,2022-04-26,553
PH100972,Clare Weston-Bond,Male,1983-02-03,South East,mathewgriffiths@example.org,(0191) 4960230,2018-01-10,739
PH100973,Dominic Harris-Holloway,Female,1948-07-30,North West,mandy50@example.org,+44(0)1214960248,2023-12-11,399
PH100974,Mr Louis Cooper,Male,1998-03-25,London,ben81@example.org,(0808) 1570088,2018-05-26,331
PH100975,Rachael Dawson,Female,1994-12-06,South West,jodiebrown@example.com,01144960622,2020-03-23,591
PH100976,Jasmine Gregory,Male,2008-06-28,South West,lynnlawson@example.org,0114 496 0722,2018-08-26,441
PH100977,Paula McDonald,Male,1968-09-18,Northern Ireland,maxcunningham@example.net,0118 4960959,2020-10-31,688
PH100978,Georgina Taylor,Female,1963-04-05,Midlands,moorepamela@example.org,+443069990473,2020-03-23,351
PH100979,Rhys Owen,Male,1978-09-02,South East,mcleandylan@example.org,+441514960213,2016-07-24,616
PH100980,Nicholas Carter,Other,1983-11-29,Wales,lawrence68@example.org,(0116)4960901,2018-03-28,844
PH100981,Mr John Fox,Female,1941-04-30,London,deborah52@example.net,0141 496 0204,2018-10-18,351
PH100982,Holly Stevens,Female,1954-03-29,South West,frystephanie@example.org,+44(0)151 496 0876,2024-10-27,466
PH100983,Andrea O'Sullivan,Male,1959-09-17,South West,peterfox@example.com,+441914960868,2019-06-13,764
PH100984,Tony Perkins,Male,1994-04-18,Yorkshire,cgrant@example.com,+44(0)1514960859,2021-02-26,593
PH100985,Dr Patricia Hart,Female,1961-06-28,Scotland,derekrichardson@example.org,(020) 7496 0648,2020-02-29,396
PH100986,Mohammad Gould,Male,1975-01-06,Scotland,watsondale@example.org,+441414960287,2023-07-30,417
PH100987,Denise Hooper,Male,1962-08-03,London,shaunturner@example.net,+441154960031,2022-11-10,720
PH100988,Ann Wilkinson,Male,1940-12-23,Wales,lucy25@example.com,+44(0)20 7496 0541,2024-09-30,773
PH100989,Mrs Denise Harrison,Female,1987-03-14,Wales,sara60@example.net,+44(0)20 74960666,2019-10-20,498
PH100990,Trevor Tomlinson-Hopkins,Female,1963-10-10,North East,nsmith@example.net,(0121) 4960505,2025-02-28,560
PH100991,Mrs Carole Blackburn,Female,1989-10-26,North East,haywardkirsty@example.net,(0161) 4960303,2023-04-24,730
PH100992,Denise King,Female,1982-06-13,South East,agibson@example.org,(0151) 496 0279,2021-01-07,397
PH100993,Nicholas Baldwin,Male,1942-07-17,North West,lorraine17@example.org,+44(0)306 9990246,2018-12-01,413
PH100994,Brian Harrison-O'Brien,Female,1952-07-03,Midlands,ssinclair@example.org,01184960203,2022-02-07,725
PH100995,Miss Jennifer Patel,Male,1963-01-13,Scotland,whitejulie@example.com,(0151) 4960476,2020-06-01,402
PH100996,Aaron Hope-Hardy,Female,1963-07-17,London,hammondcarolyn@example.com,+44(0)1514960753,2022-05-30,723
PH100997,Zoe Gough,Male,1986-04-16,Yorkshire,elaine47@example.net,+44(0)151 4960260,2024-05-31,573
PH100998,Marian Collins-Edwards,Other,2002-11-10,North East,harrypage@example.com,01184960214,2022-10-31,844
PH100999,Terry Hamilton,Male,1994-10-10,Midlands,evansmitchell@example.com,+44(0)1314960057,2019-01-08,318
PH101000,Conor Evans,Male,1984-06-19,Scotland,rbaxter@example.org,01414960619,2023-08-25,820
PH101001,Glen Thompson,Male,1973-04-20,Yorkshire,nowen@example.com,(0121) 496 0588,2020-04-21,423
PH101002,Pamela Griffin,Male,1983-03-18,London,jake68@example.com,01614960071,2024-02-29,319
PH101003,Tom Wood,Male,2001-03-22,Wales,jill09@example.net,+44131 496 0534,2020-10-15,698
PH101004,Kathryn Harper,Female,1977-01-27,Yorkshire,coxduncan@example.net,+44(0)161 496 0201,2023-03-22,592
PH101005,Mr Adrian Thomas,Male,1963-05-08,Northern Ireland,nashstuart@example.com,0116 4960840,2024-08-17,760
PH101006,Dr Sharon Gardner,Female,1993-11-14,North West,zsteele@example.org,+44113 496 0838,2024-12-09,359
PH101007,Mr Martyn Roberts,Male,1968-09-16,South West,charlottecameron@example.net,+44(0)1314960076,2017-02-22,344
PH101008,Toby Burton-Storey,Female,1991-01-21,South East,stonejade@example.net,0131 4960975,2021-03-14,611
PH101009,Miss Abigail Mason,Male,1997-05-07,South East,lgriffiths@example.net,(028) 9018 0545,2022-11-10,785
PH101010,Christian Baldwin,Female,1960-11-30,Scotland,bellpatricia@example.com,0114 4960891,2021-11-28,523
PH101011,Richard Gardner,Female,1989-11-09,Yorkshire,joannemills@example.com,+44(0)909 8790776,2021-09-19,738
PH101012,Mr Marc Rees,Male,1962-01-06,South West,rachael73@example.net,(0306) 999 0808,2021-06-23,798
PH101013,Patrick Griffin,Female,1976-12-31,Wales,dclark@example.org,+441632 960 981,2016-12-07,778
PH101014,Maureen Hopkins-Murphy,Male,1954-09-21,North West,paulinelane@example.org,(0116) 496 0657,2021-06-05,579
PH101015,Ms Donna Moore,Male,1987-03-05,South East,kirsty09@example.com,+441632 960422,2024-09-22,684
PH101016,Dorothy Smith-Chan,Female,1994-12-06,North West,hudsonlinda@example.com,(0306) 999 0319,2016-08-01,589
PH101017,Nigel Hope,Female,2000-12-11,South East,ndobson@example.org,01414960463,2020-03-01,670
PH101018,Adrian Hayes,Male,1964-08-09,South East,odixon@example.org,+44(0)113 4960040,2024-01-22,611
PH101019,Mrs Megan Henderson,Male,2006-06-30,South West,sandershenry@example.com,+44(0)115 4960369,2017-11-13,588
PH101020,Denis Shaw,Female,1959-08-19,South East,burnsalison@example.com,0117 4960626,2019-01-01,540
PH101021,Mrs Lydia Patel,Female,1942-09-06,London,aimeelawrence@example.org,+441914960943,2020-07-17,659
PH101022,Carl Webb-Hill,Other,2007-06-13,Midlands,greenanne@example.com,0113 496 0120,2020-04-12,713
PH101023,Anna Hughes,Female,1983-03-01,North West,roger35@example.com,+44118 4960713,2024-03-09,805
PH101024,Rachel Ellis,Female,1997-11-04,Wales,sjones@example.org,+44(0)1514960271,2017-07-01,637
PH101025,Gemma Woodward,Male,1979-05-22,South East,sevans@example.net,+441144960759,2018-08-06,355
PH101026,Dr Bruce Bowen,Female,1967-01-19,North West,jwest@example.net,+441632 960 574,2019-07-01,623
PH101027,Luke Jackson,Male,1981-01-12,Wales,martinwood@example.net,(020) 7496 0885,2018-03-22,473
PH101028,Joseph Todd,Female,1999-05-09,South West,brandonadams@example.net,(028)9018582,2020-02-09,314
PH101029,Mrs Naomi Swift,Male,1991-09-01,Wales,stephen27@example.org,0292018984,2019-12-12,339
PH101030,Ms Elaine Harris,Female,1988-07-08,Midlands,htaylor@example.net,08081570933,2018-12-11,625
PH101031,Dr Dominic Harrison,Female,1961-12-12,Midlands,usmith@example.org,(0808) 1570067,2020-05-10,819
PH101032,Ben Stephens-Dixon,Female,1942-09-17,North West,icurtis@example.net,+44(0)118 496 0584,2022-07-11,578
PH101033,Caroline Khan,Female,1968-09-14,North West,ldawson@example.org,+44161 4960609,2022-02-11,544
PH101034,Mr Martin Whitehouse,Male,1974-05-12,Wales,lloydroy@example.com,(0121) 4960412,2024-10-17,348
PH101035,Donald Sinclair,Female,1956-09-20,London,gracepatel@example.com,+44(0)191 4960333,2022-11-06,671
PH101036,Sara Evans,Male,1971-04-16,South West,karlpage@example.net,+44(0)151 4960218,2021-10-17,330
PH101037,Mr Eric Herbert,Male,2005-03-18,South West,middletonjulie@example.org,+44(0)161 496 0566,2022-10-29,762
PH101038,Elizabeth Green-Mann,Male,1955-04-05,Scotland,mohammad81@example.net,+44(0)1414960954,2021-07-03,749
PH101039,Lindsey Harrison-Thomas,Male,1961-02-12,Scotland,dbrooks@example.com,+441144960329,2019-05-13,845
PH101040,Dr Liam Green,Male,1948-03-11,Scotland,iparsons@example.com,(0161) 496 0150,2021-02-12,456
PH101041,Eleanor Frost,Female,1993-12-08,South West,geoffrey27@example.com,(0151) 496 0662,2021-08-30,388
PH101042,Annette Burns,Female,1993-06-13,North East,edward89@example.org,+44(0)141 4960705,2022-10-03,464
PH101043,Mr Stephen Watson,Female,2002-09-01,South East,qpalmer@example.net,+44(0)131 4960143,2024-05-10,739
PH101044,Dr Ricky Morris,Male,1970-09-27,Wales,sthomson@example.net,(0161) 4960769,2019-07-03,420
PH101045,Sophie Hall,Male,1942-04-04,London,turnerstuart@example.org,+44117 496 0663,2021-11-07,788
PH101046,Mr Benjamin Brown,Male,1973-05-19,Wales,richardsvictoria@example.org,0121 4960392,2025-05-14,384
PH101047,Mr Gary Ryan,Female,1974-07-25,North West,nbanks@example.net,01314960295,2023-10-16,326
PH101048,Miss Amelia Yates,Female,1953-06-30,Scotland,parkinsonstephanie@example.net,+4420 74960611,2017-01-01,420
PH101049,Luke Jackson,Male,2003-05-15,Wales,kingemily@example.org,+44(0)114 496 0102,2017-09-03,714
PH101050,Lisa Brown-Collins,Female,1990-05-14,Scotland,sandrafisher@example.org,+44191 496 0671,2017-10-08,631
PH101051,Ross Law,Male,1976-03-02,Scotland,paulinewatson@example.com,+44(0)3069990200,2021-12-13,495
PH101052,Maria Blake,Male,1993-04-18,North East,pali@example.net,0161 496 0202,2018-03-08,660
PH101053,Peter Thompson,Male,1950-04-22,Yorkshire,xbailey@example.org,01214960559,2024-02-28,656
PH101054,Robin Fuller,Male,1999-11-04,London,max44@example.com,+44(0)114 4960024,2023-08-03,605
PH101055,Dr Lauren Cooper,Female,1996-06-19,Scotland,christopherlyons@example.com,0131 496 0109,2025-07-05,582
PH101056,Ms Stacey Stevens,Female,2004-05-06,Yorkshire,browncarl@example.com,+44(0)114 496 0090,2018-10-10,355
PH101057,Valerie White,Male,1986-07-30,Midlands,albert29@example.com,+44808 157 0326,2024-11-30,442
PH101058,Christine Flynn,Female,1949-08-02,North West,suzannesimpson@example.org,+44808 157 0714,2024-07-23,590
PH101059,Adrian Miah,Female,1989-10-31,Midlands,zfinch@example.net,+4420 74960498,2016-12-16,374
PH101060,Russell Young,Female,1971-10-19,South East,oclarke@example.com,+44114 496 0942,2017-07-30,561
PH101061,Robert Nicholson,Female,1989-02-02,London,sophiecooke@example.net,(0114) 4960794,2020-10-29,364
PH101062,Ms Anna Ryan,Male,1976-01-30,South West,amandawilson@example.net,(0116) 4960817,2020-05-11,732
PH101063,Mr Guy Turner,Female,1940-11-03,Midlands,leanneiqbal@example.net,+44(0)2074960340,2023-02-10,356
PH101064,John Scott,Male,2003-12-17,North East,owatts@example.com,(0141) 4960527,2018-08-08,350
PH101065,Dr Shane Dunn,Other,1987-04-13,Scotland,brandonmartin@example.org,(0808) 157 0758,2021-12-03,650
PH101066,Kyle Walker,Male,1980-12-21,Yorkshire,williamsteresa@example.net,+44121 496 0466,2023-05-02,421
PH101067,Shaun McCarthy,Female,1946-06-25,Wales,matthewrichards@example.net,08081570345,2021-07-22,493
PH101068,Laura Newton,Male,1972-04-22,North East,bradshawpeter@example.net,(0117)4960372,2020-02-10,472
PH101069,Lauren Wheeler,Male,1943-09-12,South East,sandrathomson@example.com,01632 960 201,2020-05-07,419
PH101070,Dr Matthew Mann,Female,1975-12-17,London,shaneriley@example.org,(0114) 496 0912,2018-10-17,718
PH101071,Arthur Evans,Female,1985-05-16,North East,gordon83@example.net,(0115) 496 0722,2025-05-04,680
PH101072,Connor Simpson,Male,1961-10-23,Yorkshire,qwelch@example.org,(01632)960145,2022-05-21,431
PH101073,Catherine Moss,Female,1979-11-01,Northern Ireland,jake20@example.net,+44292018593,2017-06-16,677
PH101074,Brenda Warren-Bell,Female,1961-10-14,Scotland,griffithsjodie@example.org,(01632) 960 766,2021-10-09,692
PH101075,Natalie Allen,Male,2001-03-23,London,sandersmarcus@example.org,+44115 4960894,2019-07-04,596
PH101076,Dr Edward Hudson,Female,1962-05-19,Northern Ireland,hamiltonlinda@example.org,01632 960370,2021-12-14,618
PH101077,Mr Craig Smith,Female,1953-08-27,South West,yspencer@example.org,+44(0)131 496 0263,2019-12-20,814
PH101078,Miss Naomi Day,Female,1959-05-17,North West,oford@example.org,(0131) 4960100,2016-08-17,549
PH101079,Edward May-Moore,Male,1962-04-06,North East,joyceburton@example.com,+44(0)8081570462,2016-10-12,511
PH101080,Neil Lee,Male,1970-07-22,Northern Ireland,lmann@example.com,(0808) 1570776,2022-06-18,596
PH101081,Dr Mathew Gordon,Female,1948-07-24,North West,cookekaty@example.net,+443069990572,2021-09-16,759
PH101082,Jack Green,Female,1950-09-18,North East,hardyglenn@example.com,(0808) 1570565,2023-10-27,690
PH101083,Sylvia Lloyd,Female,1959-03-03,North East,mturner@example.net,0306 999 0920,2019-03-31,341
PH101084,Shane Savage,Other,1941-08-06,Midlands,steeleconor@example.org,+44909 879 0246,2025-04-19,552
PH101085,Oliver Forster,Female,1982-12-03,South West,lyndaday@example.org,+44(0)1144960752,2018-10-23,706
PH101086,Ms Georgia Howard,Female,1975-07-08,North West,robintaylor@example.org,+44(0)113 4960238,2016-12-24,423
PH101087,Francesca Cole,Female,1954-08-10,Northern Ireland,robertmills@example.org,+44(0)20 74960743,2024-11-03,843
PH101088,Victoria Baker,Female,1964-05-19,Northern Ireland,woodmalcolm@example.com,(01632) 960260,2025-07-18,744
PH101089,Dr Alan Patel,Male,1962-03-21,Northern Ireland,hayley31@example.com,(0306)9990055,2022-09-13,765
PH101090,Joe Grant,Male,1950-03-09,North East,jade76@example.net,0808 157 0955,2019-01-09,344
PH101091,Miss Georgia Khan,Female,1988-06-16,London,qpreston@example.org,0113 496 0178,2024-09-07,618
PH101092,Marion James,Male,1959-10-28,Scotland,joycebaker@example.net,(0117) 496 0325,2024-04-23,590
PH101093,Victor Stephens,Male,1957-03-17,Wales,lisa19@example.net,+4429 2018 0848,2022-01-29,644
PH101094,Leonard Faulkner-Murray,Female,1945-05-28,Northern Ireland,roger37@example.com,(0141) 4960899,2020-06-09,767
PH101095,Dr Nathan King,Male,1982-04-06,Midlands,vdouglas@example.com,028 9018 0360,2020-04-02,494
PH101096,Mr Roy Parkes,Male,1963-08-06,Midlands,brenda19@example.com,+441514960984,2019-07-02,593
PH101097,Sean Clarke-Briggs,Female,1970-09-23,South East,wryan@example.com,(0191)4960704,2020-06-24,673
PH101098,Mitchell Gilbert-Turner,Female,1949-05-28,North East,pattersonjoshua@example.net,0131 4960069,2018-01-05,714
PH101099,Andrew Clayton,Male,1972-07-27,Scotland,kate64@example.net,(028) 9018176,2023-12-09,723
PH101100,Ms Frances Armstrong,Male,1986-06-30,London,patricia01@example.org,+44(0)151 4960993,2024-12-09,485
PH101101,Steven Fry,Male,1947-10-06,Northern Ireland,anne25@example.org,+441214960937,2019-05-23,849
PH101102,Elaine Ward,Female,1944-03-21,South East,stevenschristine@example.com,+44118 4960403,2024-05-05,305
PH101103,Ms Ellie Young,Female,1969-07-24,London,terryblake@example.com,(029) 2018 0946,2020-12-19,570
PH101104,Carolyn Davies,Male,1952-09-24,London,edwardsallan@example.com,+44118 4960083,2020-07-18,634
PH101105,Mohammed Williams-Pritchard,Female,1981-02-04,Wales,donald81@example.com,+44(0)113 4960373,2021-05-24,333
PH101106,Rita Townsend,Male,1980-11-13,South East,mandy38@example.org,(0141)4960060,2016-10-26,548
PH101107,Michelle Atkinson-Parker,Male,1997-06-03,Yorkshire,mooretina@example.net,+44114 4960488,2020-08-12,627
PH101108,Rhys Morgan,Other,1988-02-13,Midlands,allenleah@example.com,+44(0)141 4960084,2025-02-18,634
PH101109,Dr Paige Parsons,Male,1982-06-21,Scotland,ustephens@example.org,(0306) 9990907,2023-06-21,365
PH101110,Mrs Marilyn Pearson,Male,1961-10-22,London,adamroberts@example.com,(020) 74960388,2025-03-29,452
PH101111,Victor Reed,Male,1996-02-23,Wales,scottemily@example.org,0121 4960136,2018-04-16,434
PH101112,Amanda Price,Female,1989-01-14,South East,pricegrace@example.com,+44(0)1914960528,2021-02-11,651
PH101113,Mr Sean Brown,Female,1986-03-07,Northern Ireland,bsmith@example.com,+44(0)289018306,2022-01-13,480
PH101114,Jane Ford-Thompson,Other,1976-11-02,North West,grahambeverley@example.org,+441144960537,2020-05-20,614
PH101115,Ms Lisa Kaur,Male,2006-10-09,Wales,zkirby@example.org,(0113)4960124,2018-09-28,702
PH101116,Judith Wright,Male,1991-12-14,London,haynesandrew@example.org,+44116 4960446,2023-08-07,738
PH101117,Cameron Campbell,Female,1972-03-24,South East,zgreen@example.com,(0116)4960632,2018-11-18,401
PH101118,Ms Katy Ball,Male,1949-07-10,North West,henry55@example.com,+441314960144,2020-03-13,796
PH101119,Margaret Spencer,Female,1995-11-01,London,humphreysterry@example.com,+44191 496 0811,2019-12-28,391
PH101120,Barbara Bolton,Female,2003-02-06,North East,leachbethan@example.com,(0116) 496 0103,2017-09-25,312
PH101121,Mathew Phillips,Male,1972-05-27,Northern Ireland,hbaker@example.com,(0114) 4960421,2022-04-05,324
PH101122,Leanne Smith-Parker,Female,1971-07-17,Northern Ireland,dayanthony@example.org,(0306) 999 0751,2023-06-29,410
PH101123,Henry Gray,Male,1987-02-08,North West,stuartturner@example.net,+441614960878,2019-08-03,780
PH101124,Margaret Evans,Male,1988-11-08,North East,fwilson@example.org,+44115 4960794,2019-02-28,414
PH101125,Mrs Stephanie West,Female,1972-03-17,Midlands,shannon00@example.com,+44(0)306 999 0151,2017-07-14,681
PH101126,Clifford Jones,Female,1956-04-25,London,griffithsleon@example.org,+44131 496 0263,2022-04-02,530
PH101127,Laura Martin,Female,1955-10-12,London,hugh96@example.com,+44191 4960409,2021-12-28,321
PH101128,Jacob Stewart,Female,1999-02-12,Midlands,ashleyjackson@example.org,0808 1570112,2019-09-06,544
PH101129,Kevin Herbert,Other,1982-07-06,Wales,stanleytaylor@example.net,0116 4960528,2024-11-19,315
PH101130,Dr Grace Bowen,Other,2002-08-20,London,qtodd@example.org,(0808) 1570837,2016-08-22,561
PH101131,Joanne Graham-Cooper,Female,1967-03-23,Northern Ireland,melissajones@example.com,0306 9990505,2024-12-11,607
PH101132,Dr Sheila Birch,Male,1988-02-19,North East,danny73@example.org,09098790661,2020-05-21,586
PH101133,Holly Williams,Female,1985-10-17,Midlands,bryan15@example.net,08081570863,2024-04-04,455
PH101134,Jade Smart-Armstrong,Other,1994-03-13,Northern Ireland,katywillis@example.org,+44116 496 0397,2017-08-16,721
PH101135,Geraldine King,Male,2000-07-25,Northern Ireland,tuckerolivia@example.org,+44306 999 0913,2017-12-05,628
PH101136,Hollie Ward,Male,1971-05-21,Northern Ireland,jamesdavies@example.com,+44(0)808 157 0787,2018-03-10,440
PH101137,Russell Coates,Male,1942-08-14,North West,gkay@example.com,(0141) 496 0553,2023-06-01,539
PH101138,Geoffrey Fisher,Male,1972-11-18,Yorkshire,mariecarter@example.net,+44(0)113 4960073,2020-08-16,359
PH101139,Dr Elliot Fletcher,Female,1964-06-16,Midlands,graeme72@example.net,0113 496 0950,2025-03-27,807
PH101140,Glenn Taylor,Male,1971-12-04,North East,johnstongerald@example.com,0292018556,2020-11-11,714
PH101141,Mitchell Wallace,Female,1952-03-05,Yorkshire,nsimpson@example.net,+44(0)1632960057,2022-06-20,458
PH101142,Kieran Ferguson,Female,1992-10-12,South East,traceykay@example.com,+44(0)114 496 0219,2019-05-09,671
PH101143,Mr Tony Bradshaw,Female,1981-08-30,Wales,tobrien@example.net,0191 4960819,2017-10-07,673
PH101144,Mitchell Davies,Male,1949-03-23,South East,kennedykenneth@example.net,+44(0)115 4960778,2019-05-27,635
PH101145,Liam O'Neill,Male,1947-07-24,North West,smithkelly@example.org,+44(0)191 496 0519,2017-03-01,329
PH101146,Dr Nicholas Wells,Female,1996-02-26,Wales,matthew78@example.com,(0808) 157 0053,2016-10-22,783
PH101147,Bethany Mann,Female,1994-09-28,Yorkshire,arthur18@example.org,+44121 4960864,2017-04-08,825
PH101148,Nicola Davison,Female,1962-09-20,Yorkshire,sharon32@example.com,+44(0)113 496 0104,2019-02-01,835
PH101149,Charlie Lawson,Female,1984-09-21,Scotland,dbuckley@example.com,0292018246,2025-05-29,839
PH101150,Mr Joel Smith,Male,1994-06-12,Scotland,lauren10@example.net,(0116) 496 0456,2017-05-22,810
PH101151,Joshua Hopkins-Humphreys,Female,1976-10-14,Midlands,bchandler@example.org,+44114 4960851,2024-10-02,706
PH101152,Ben Baxter,Male,1967-10-26,Northern Ireland,roy62@example.net,+44161 4960446,2024-03-22,331
PH101153,Bernard Bell,Male,1968-09-03,Northern Ireland,melanie97@example.net,(0113)4960045,2023-11-23,555
PH101154,Diana Johnson,Female,1982-10-12,North West,dgriffiths@example.net,+44(0)1164960128,2018-10-26,434
PH101155,Rhys Clark,Male,1977-10-27,South East,jamielloyd@example.org,+44(0)20 74960915,2023-09-24,420
PH101156,Anne Sullivan,Male,2006-10-14,North East,allenshane@example.org,(0115)4960145,2022-04-24,756
PH101157,Adam Bennett,Male,1966-08-29,Scotland,whitejasmine@example.net,+44(0)121 496 0129,2025-07-01,746
PH101158,Adam Thornton,Male,1963-09-24,South East,ggilbert@example.org,+44117 496 0913,2016-08-12,587
PH101159,Dr Russell Pritchard,Female,1995-11-28,London,olivia32@example.org,0114 496 0448,2024-09-11,704
PH101160,Norman Allen,Male,1980-09-29,Wales,kim49@example.com,0306 9990818,2021-05-22,371
PH101161,Jack Thompson,Female,1993-11-23,Scotland,greenstephanie@example.net,(020) 7496 0848,2017-07-14,422
PH101162,Ms Rosie Jenkins,Female,1970-03-01,Midlands,scox@example.org,029 2018 0416,2021-11-09,773
PH101163,Marc Thomas-Ball,Male,1994-02-05,North West,guydavies@example.org,0306 999 0046,2025-05-24,548
PH101164,Ms Jessica Morris,Male,1977-08-03,North East,brettlyons@example.org,+44(0)1144960540,2020-11-20,600
PH101165,Joanna Brown-Warren,Female,1956-08-14,South West,kinganne@example.com,+44(0)1154960119,2021-01-03,554
PH101166,Denise White-Hughes,Female,1985-08-14,Wales,williamsonarthur@example.org,0113 4960170,2021-08-02,411
PH101167,Glenn Gibson-Taylor,Female,1945-11-09,South East,josephinecarter@example.org,0161 496 0568,2018-04-27,754
PH101168,Leanne Simpson,Female,2003-11-10,Midlands,elaine90@example.com,(0115) 496 0429,2017-04-09,717
PH101169,Shaun Phillips,Male,1979-08-10,South West,megangriffiths@example.org,+44(0)1914960315,2021-10-04,676
PH101170,Mrs Barbara Williams,Male,1973-08-26,Scotland,julian88@example.org,+44116 4960291,2024-07-01,494
PH101171,Dr Norman Carter,Female,1980-10-29,North West,neilspencer@example.net,(028)9018073,2019-10-13,653
PH101172,Dr Matthew Lewis,Male,1972-01-15,Midlands,alison75@example.net,+441632 960 228,2024-12-07,824
PH101173,Charlotte Kemp,Female,1978-04-22,Scotland,cheryl74@example.com,0118 4960608,2024-08-19,657
PH101174,Reece Kirk,Female,1996-06-16,Wales,wbrown@example.com,+449098790493,2024-12-08,571
PH101175,Mr Nicholas O'Connor,Female,1952-07-16,Scotland,maureen97@example.org,+44161 496 0830,2019-01-06,448
PH101176,Mr Matthew Smith,Male,2005-07-24,Scotland,joyce80@example.org,01514960396,2017-10-09,587
PH101177,Peter Bell,Male,1945-04-17,North East,qbaxter@example.org,0117 4960845,2023-01-08,504
PH101178,Nigel Robertson-West,Male,1947-12-15,Wales,jean03@example.net,+44(0)115 4960696,2023-09-10,636
PH101179,Joe Woods,Male,1995-12-01,Wales,vevans@example.org,(020) 74960443,2024-03-25,325
PH101180,Bethan Holland,Female,1993-01-04,South West,gemmadawson@example.com,028 9018164,2022-04-22,404
PH101181,Dr Hilary Williams,Male,1966-04-30,Scotland,hscott@example.org,+44(0)28 9018 0970,2020-05-19,732
PH101182,Dr Billy Fisher,Male,1974-03-04,South East,josephine55@example.com,(0115)4960693,2017-11-19,509
PH101183,Ms Danielle Morris,Male,1985-06-14,Yorkshire,rharding@example.com,+44(0)1632960429,2017-07-22,538
PH101184,Jordan Kirby-Cooper,Male,1946-09-19,London,lukejackson@example.net,+44(0)1164960913,2018-01-15,599
PH101185,Jemma Porter,Female,1996-02-13,Midlands,molly16@example.com,+44(0)115 496 0033,2018-05-24,541
PH101186,Natalie Miah,Male,2000-11-22,North West,gerard10@example.com,+44(0)1632 960016,2018-10-26,717
PH101187,Timothy Phillips,Other,2001-12-25,North West,nataliedavies@example.net,+44(0)115 4960341,2023-03-06,434
PH101188,Mrs Bethan Bailey,Male,1983-10-26,London,sara82@example.com,(020) 7496 0031,2024-07-08,717
PH101189,Josephine Lord,Female,1940-07-28,Northern Ireland,zbarber@example.com,+448081570061,2019-08-21,415
PH101190,Mr Nathan Smith,Male,1950-07-16,Wales,pricecharlie@example.com,(0131) 496 0372,2020-06-05,503
PH101191,Dr Owen Graham,Male,1950-09-16,Scotland,manningstewart@example.org,0116 4960155,2022-10-29,623
PH101192,Dr Melanie Nicholls,Female,1976-09-07,North East,aparsons@example.org,+44(0)141 496 0684,2023-02-14,787
PH101193,Joan Atkins,Other,1967-01-29,London,ashley54@example.net,(0151)4960323,2024-05-09,427
PH101194,Graeme Simmons,Female,1979-11-11,Midlands,nicholasedwards@example.org,(0141) 496 0533,2021-05-07,623
PH101195,Sarah Lewis,Male,1953-11-12,Wales,anngrant@example.org,(0161)4960746,2020-09-15,335
PH101196,Christian Moore,Male,1986-11-26,Midlands,gerald07@example.com,0114 496 0406,2019-09-17,341
PH101197,Leon Bird,Female,1962-02-02,South East,josephinetodd@example.com,+44(0)151 4960200,2023-12-06,722
PH101198,Alexander Jones,Male,1979-05-04,Northern Ireland,gmorgan@example.com,+44(0)1632960784,2018-01-28,695
PH101199,Miss Frances Rose,Female,2002-08-29,North West,jodie42@example.net,(0117) 4960614,2025-05-29,507
PH101200,Danielle Lynch-Watson,Female,1961-04-09,South West,udavies@example.net,0116 496 0442,2025-02-02,642
PH101201,Kieran Barrett,Female,2004-09-15,North East,jillread@example.com,0151 4960078,2018-02-17,509
PH101202,Trevor Lyons,Female,1970-02-14,Scotland,helennaylor@example.com,(0114) 4960975,2017-09-16,452
PH101203,Dr Mohamed Newton,Female,2007-05-18,South East,graham49@example.net,(0121)4960373,2022-08-09,537
PH101204,Laura Lynch,Male,1963-12-21,North West,ykaur@example.com,+44292018476,2022-10-23,471
PH101205,Danielle Walker-Gibbons,Male,1946-08-19,Yorkshire,khanangela@example.net,+44(0)118 496 0273,2018-08-26,748
PH101206,Jack Jackson-Turner,Female,1941-02-10,Northern Ireland,stephanie57@example.com,(0151) 4960203,2019-06-23,526
PH101207,Mr Ronald Wood,Female,2007-08-21,Northern Ireland,ahall@example.com,+44(0)28 9018 0763,2018-11-02,476
PH101208,Amelia Wilkinson,Male,1968-01-18,North West,walkerrichard@example.com,+44(0)191 496 0821,2023-09-24,594
PH101209,Dr Albert Evans,Male,1949-03-27,South West,daveyjayne@example.com,+441184960584,2025-05-18,716
PH101210,Chloe Gray-Hawkins,Female,1960-07-25,South East,kimberleylewis@example.org,+44292018148,2018-12-22,450
PH101211,Stephanie Gibson,Female,1965-09-01,North East,alexander62@example.com,0808 157 0460,2016-11-03,816
PH101212,Danielle Wood,Female,1977-11-19,Wales,hallmaureen@example.com,(0114) 4960913,2025-01-21,554
PH101213,George May,Male,1944-03-04,North East,cunninghammathew@example.net,0121 496 0438,2018-11-06,663
PH101214,Mrs Natalie Evans,Male,1988-05-22,South West,shepherdlewis@example.com,(0909) 879 0998,2022-06-07,826
PH101215,Carl Burton-Shah,Female,1996-05-16,Northern Ireland,dmarshall@example.org,+44(0)116 4960780,2019-02-15,537
PH101216,Miss Eileen Harris,Male,1964-12-27,Wales,harrisongeorgia@example.org,01164960058,2020-10-05,409
PH101217,Mr Damian Collier,Female,1999-02-15,Scotland,rkhan@example.net,+44(0)1414960950,2023-03-20,711
PH101218,Iain Jackson,Female,1999-06-05,Midlands,joshjohnson@example.net,(0161) 496 0321,2024-05-21,303
PH101219,Alan Jones,Male,1956-07-22,South East,nelsonsara@example.net,+441632 960464,2024-03-02,551
PH101220,Lynda Baldwin,Male,1988-04-24,South East,geoffreyrice@example.org,+44(0)29 2018493,2017-04-01,838
PH101221,Karl Hill,Male,1967-05-16,Midlands,reynoldslouis@example.org,(028) 9018699,2017-10-25,527
PH101222,Mrs Sharon Khan,Female,1962-03-12,Yorkshire,jonesleanne@example.com,020 7946 0516,2018-04-20,676
PH101223,Kerry Hanson,Female,1966-08-04,Midlands,hhartley@example.com,0161 496 0933,2024-12-20,588
PH101224,Bernard Wilkins,Male,1966-07-04,North East,ljones@example.org,+44(0)1214960055,2025-06-02,418
PH101225,Mr Simon Jones,Female,1977-08-18,South East,molly79@example.org,0161 496 0385,2019-02-16,474
PH101226,Craig Sinclair,Male,1985-08-11,Wales,blane@example.org,+44161 496 0368,2021-05-23,587
PH101227,Sarah Price,Male,1972-11-07,South West,sylviasmith@example.net,(0113) 4960119,2023-06-12,357
PH101228,Chloe Allen,Female,1953-05-11,Scotland,alicejones@example.com,+44(0)1154960360,2023-02-19,528
PH101229,Grace Thornton,Male,1966-09-18,London,schofieldvalerie@example.com,(0117) 4960768,2020-12-23,528
PH101230,Mr Gary Flynn,Male,2003-06-05,London,deborah61@example.com,+44(0)1632 960 118,2025-01-07,759
PH101231,Allan Ahmed,Female,1997-09-05,Northern Ireland,jbradley@example.org,(0151) 4960233,2023-02-27,368
PH101232,Alex Burgess,Male,1951-01-19,South West,clare19@example.com,+44117 4960510,2025-05-29,763
PH101233,Oliver Elliott,Female,2008-05-21,North West,jacksonjoshua@example.net,(0118)4960096,2020-08-12,525
PH101234,Georgia Peacock,Male,1986-02-15,North West,wthomas@example.org,+44115 496 0497,2024-09-01,658
PH101235,Neil Brown,Male,1949-09-10,London,dyoung@example.com,(0117)4960153,2020-02-21,606
PH101236,Aimee Hunter,Male,1945-06-09,Northern Ireland,robinsonsarah@example.net,028 9018 0114,2018-06-01,464
PH101237,Rita Hawkins,Male,1941-08-18,South East,damienpoole@example.net,+44(0)306 9990983,2022-07-16,811
PH101238,Emily Webb-Heath,Male,1989-08-11,North East,llewis@example.net,+44(0)1134960748,2022-05-13,423
PH101239,Jennifer Collins-Thomas,Male,1973-08-28,North West,jaylynch@example.net,+44116 496 0073,2022-08-31,319
PH101240,Carole Wood-Anderson,Female,1970-04-05,Scotland,kelly24@example.net,+44(0)3069990651,2018-01-20,712
PH101241,Dr Amelia Turner,Male,2007-11-24,North West,lisa17@example.com,+44(0)114 4960893,2018-01-31,641
PH101242,Dr Eleanor Banks,Male,1946-04-26,Yorkshire,lbutler@example.net,(020) 7496 0406,2018-04-13,789
PH101243,Nicole Brown,Male,1984-03-26,London,callum59@example.net,+44(0)29 2018557,2024-01-19,551
PH101244,Emily Kelly,Male,1968-11-02,Scotland,fiona96@example.org,+44(0)191 4960201,2021-05-29,309
PH101245,Francesca Pollard,Male,1971-07-28,North West,daysam@example.org,(028) 9018904,2022-09-21,311
PH101246,Shannon Ellis,Female,1994-03-17,North West,kingdawn@example.net,0117 4960223,2023-12-08,538
PH101247,Mr Roy Hawkins,Male,1981-08-30,South East,oturnbull@example.net,+441632960023,2024-08-20,437
PH101248,Brenda Johnson-Wright,Female,1969-07-05,Northern Ireland,stuartlyons@example.org,+44808 1570332,2019-09-28,807
PH101249,Joyce Griffiths,Female,1952-10-14,Scotland,adavey@example.org,(0121) 496 0707,2016-09-02,365
PH101250,Mr Peter Marshall,Male,1975-03-15,Wales,blackburngeoffrey@example.org,+44(0)117 496 0920,2021-06-11,784
PH101251,Dr Janice Harvey,Male,1978-02-06,Scotland,williamskaren@example.net,+44115 496 0354,2023-10-08,419
PH101252,Jenna Campbell-Martin,Male,1971-03-01,Northern Ireland,bennettdanny@example.org,+44(0)808 157 0621,2017-03-01,365
PH101253,Guy Bailey,Female,1964-09-20,Scotland,opatel@example.net,+44(0)808 157 0276,2023-08-13,451
PH101254,Mrs Joyce Reynolds,Male,1953-03-12,Scotland,dominicsmith@example.com,0113 4960250,2025-03-21,379
PH101255,Leon Harrison,Female,1981-09-02,Scotland,eric32@example.com,(0191) 4960261,2023-12-31,520
PH101256,Mrs Kathryn Edwards,Female,1979-11-11,Scotland,nicholasjackson@example.net,+44(0)114 496 0231,2018-11-07,481
PH101257,Jean Clark,Female,1998-02-22,London,martinbradley@example.org,(0116) 496 0616,2022-12-28,590
PH101258,Rachael Ryan,Female,1956-08-29,South West,jane98@example.org,+44(0)117 4960248,2018-04-22,595
PH101259,Holly Holden,Other,1974-09-05,London,jeffrey87@example.org,01632960889,2020-01-14,300
PH101260,Eleanor Campbell,Male,1968-06-30,North West,alexandramason@example.net,(020)74960572,2025-07-04,368
PH101261,Amanda Thomas-Hughes,Male,1977-09-13,North West,susan98@example.org,+448081570989,2025-05-14,389
PH101262,Beth Begum,Male,1965-07-07,North West,williamskayleigh@example.com,+44117 4960762,2019-06-26,407
PH101263,Ms Susan Brown,Female,2007-01-30,North East,pearcescott@example.net,028 9018 0745,2021-06-19,351
PH101264,Victoria Lee,Female,1979-03-13,Midlands,oliver17@example.org,+44118 496 0930,2024-01-10,473
PH101265,Louis Burrows,Female,1988-06-29,Northern Ireland,fostermohamed@example.org,01174960646,2018-12-16,602
PH101266,Kathryn Tucker,Male,1948-04-03,Scotland,gregorywoodward@example.com,(0306)9990871,2024-08-07,469
PH101267,Adam Franklin-Berry,Other,1973-04-21,Northern Ireland,ecampbell@example.org,+44909 8790912,2019-07-16,480
PH101268,Sean Pritchard,Female,1987-07-07,London,keith89@example.org,0114 4960381,2018-08-16,558
PH101269,Carol Bradley,Female,1950-03-23,Midlands,tracey90@example.net,+44(0)1914960769,2019-04-23,601
PH101270,Mr Jacob Evans,Other,1990-04-16,North East,jacksonmarcus@example.net,01632960208,2016-11-17,482
PH101271,Charles Pickering,Male,2007-06-12,Midlands,higginsemily@example.com,+44(0)116 4960832,2024-11-04,422
PH101272,Sophie Barton,Male,2007-06-14,Northern Ireland,albertgregory@example.org,0118 4960089,2022-11-09,525
PH101273,Rebecca Davis,Female,1993-07-10,Scotland,denniskaur@example.net,+44191 4960138,2022-04-08,313
PH101274,Brandon Thompson,Male,1972-03-05,London,cheryl03@example.com,+44(0)191 496 0158,2017-06-29,570
PH101275,Dr Dorothy Phillips,Male,1945-11-18,North East,nelsonlynne@example.net,(0191)4960144,2017-03-07,817
PH101276,Jordan Patel-Ward,Male,2001-01-27,London,wardsteven@example.com,0131 4960822,2024-05-30,518
PH101277,Suzanne Matthews,Male,1946-07-29,North East,shahcatherine@example.org,+44(0)1134960673,2020-07-10,359
PH101278,Barry Lee,Female,1972-09-08,North East,luke10@example.com,+44(0)1154960318,2021-02-07,688
PH101279,Shane Roberts-Brooks,Female,1990-12-30,Yorkshire,francescadodd@example.com,0116 4960971,2021-03-09,369
PH101280,Mr William Daniels,Male,2005-11-13,Wales,julian00@example.org,0151 496 0815,2017-02-28,406
PH101281,Robert Robinson-Watts,Male,1945-11-14,Yorkshire,eleanorjenkins@example.com,+44(0)151 496 0245,2020-05-19,380
PH101282,Lynne Walker,Male,1983-08-26,South East,fisherlee@example.com,+44113 4960000,2025-06-16,786
PH101283,Glen Davies,Female,1994-10-31,Wales,bbooth@example.net,+44306 999 0001,2019-01-25,839
PH101284,Irene Palmer,Female,1961-10-23,South East,hparry@example.com,+44(0)121 4960291,2018-11-06,613
PH101285,Mrs Amelia Shaw,Female,1944-02-24,North East,bartlettlaura@example.com,+44(0)114 496 0371,2022-08-03,639
PH101286,Gary Jones-Jones,Male,1963-12-03,North East,glennwilliams@example.org,(0151) 4960850,2019-10-17,655
PH101287,Dr Gemma Collins,Male,1993-07-02,Yorkshire,dalegreen@example.org,+44(0)306 999 0902,2018-11-30,635
PH101288,Charles Brown,Male,1972-06-11,North East,amymorris@example.net,+44131 496 0561,2017-01-14,599
PH101289,Mr Albert Wong,Female,1975-06-04,Scotland,scottstephen@example.net,+44(0)3069990844,2021-05-05,842
PH101290,Elliot Holmes,Male,1972-06-20,London,kevinhamilton@example.org,+44118 496 0218,2023-12-07,703
PH101291,Anthony Williams,Female,1990-06-17,Northern Ireland,cfarrell@example.com,(0808) 1570299,2024-06-20,348
PH101292,Harry Jones-Adams,Female,1969-03-10,Wales,mandy34@example.org,+44191 496 0747,2022-10-02,515
PH101293,Alex Bray,Male,2005-11-17,London,hjones@example.net,0191 4960122,2020-10-31,835
PH101294,Mr Christopher Graham,Male,1994-11-03,Northern Ireland,wallispaige@example.org,+44808 1570489,2022-02-18,522
PH101295,Tina Baker,Male,1960-03-24,Northern Ireland,wcole@example.org,+44(0)306 999 0056,2020-08-11,412
PH101296,Dr Jake Tucker,Male,1942-12-18,Wales,xedwards@example.net,0161 496 0086,2023-08-13,777
PH101297,Shaun Smith,Male,2003-04-26,North East,hilary38@example.com,+44(0)1514960009,2017-07-10,642
PH101298,Jessica O'Sullivan-Walton,Female,1991-07-10,London,amelia88@example.org,0114 496 0043,2022-05-02,609
PH101299,Dr Elaine Ferguson,Male,1989-12-29,London,wardvictoria@example.net,0141 496 0551,2022-06-01,531
PH101300,Mitchell Parkin,Male,1978-11-22,North West,nwhite@example.org,+441314960848,2024-10-01,368
PH101301,Dr Francis Saunders,Female,1944-09-26,South West,stewartcox@example.org,01164960669,2023-02-03,511
PH101302,Toby Brown,Female,1972-09-25,South East,patelpatrick@example.org,+44115 4960362,2019-06-11,540
PH101303,Dr Karen Randall,Male,1952-01-22,London,ameliawilliams@example.com,0808 157 0483,2022-05-08,812
PH101304,Joanne James,Female,1944-01-27,South West,brownjoshua@example.com,+44(0)121 4960505,2017-09-01,468
PH101305,Stanley Rogers,Female,2007-11-27,North East,joan64@example.org,+44121 4960296,2021-05-21,382
PH101306,Leonard Martin,Female,1995-07-26,North East,whitekathryn@example.com,+441632 960 080,2025-03-14,535
PH101307,Julian Giles,Female,1983-01-06,North East,ybrown@example.com,(028) 9018706,2021-03-03,848
PH101308,Mrs Jade Watts,Male,1960-01-24,Yorkshire,nthomas@example.com,(0117)4960369,2018-11-09,565
PH101309,Dr Lydia Evans,Female,1946-03-04,South West,katywilliams@example.org,(0909) 879 0987,2021-05-29,508
PH101310,Kevin Gibson,Male,1974-12-10,Midlands,ryan85@example.org,0289018509,2020-01-12,666
PH101311,Jamie Metcalfe,Female,1998-06-17,Yorkshire,marcus93@example.org,+44306 9990822,2022-02-26,656
PH101312,Miss Harriet Bishop,Female,1959-06-15,Scotland,brenda66@example.net,(0114) 4960040,2021-10-09,464
PH101313,Alexander Thomas-O'Brien,Male,1949-07-28,London,mannandrea@example.com,+44115 4960648,2025-06-14,832
PH101314,Yvonne Dean,Male,1959-09-01,North East,eleanor76@example.net,+44115 4960880,2021-04-22,626
PH101315,Nigel Kay,Female,1998-11-23,North West,ben67@example.net,+44118 496 0428,2023-07-19,331
PH101316,Dr Raymond Murphy,Female,1941-07-11,Northern Ireland,waynewalker@example.com,0161 4960738,2024-07-09,524
PH101317,Mr Leslie Dean,Male,1948-02-23,Wales,graham38@example.com,0117 4960638,2023-06-09,807
PH101318,Mrs Ellie Smart,Female,1952-06-07,Yorkshire,alexandra60@example.net,+44(0)28 9018 0164,2021-12-12,516
PH101319,Benjamin Clements,Female,1980-10-19,London,linda44@example.net,01184960212,2019-04-25,612
PH101320,Bernard Slater,Female,1950-11-02,South West,harveyshirley@example.net,+44(0)29 2018694,2025-06-04,636
PH101321,Joseph Robson,Male,1970-12-07,Wales,arthur27@example.com,(01632)960289,2020-11-20,687
PH101322,Jasmine Newman,Male,1995-06-30,Wales,williamsnatalie@example.org,+44(0)28 9018 0464,2022-11-20,779
PH101323,Robin Bryant,Female,1958-04-29,North West,catherine83@example.com,(0116) 4960036,2024-02-04,382
PH101324,Conor Porter,Male,1988-03-19,Northern Ireland,jacksonjason@example.com,0306 9990258,2017-07-01,584
PH101325,Rita Whitehead,Female,1973-07-14,Scotland,philip72@example.com,01514960314,2024-02-12,593
PH101326,Philip Webb-Moss,Male,1994-12-02,Yorkshire,garry72@example.org,+44306 9990417,2022-09-08,383
PH101327,Shaun Pollard,Female,1999-03-06,Wales,seancarr@example.net,+44909 8790064,2018-11-04,670
PH101328,Dr Katy Chadwick,Male,1963-11-16,London,barnesabbie@example.org,(028)9018625,2018-08-26,364
PH101329,Mr Ashley Simmons,Male,1946-04-20,Yorkshire,lydiaosullivan@example.com,0306 999 0540,2023-11-07,550
PH101330,Miss Kimberley Nelson,Female,1950-06-05,South East,luke83@example.org,+44(0)1164960635,2024-04-24,481
PH101331,Chelsea Foster,Female,2004-01-26,North West,douglas05@example.net,(0131) 496 0824,2025-06-08,385
PH101332,Douglas Burns-Harrison,Female,1951-01-16,Yorkshire,fosterbruce@example.org,0117 4960017,2021-06-03,752
PH101333,Dr Martyn Donnelly,Other,1974-04-14,Yorkshire,osullivannathan@example.net,0141 496 0464,2025-03-25,434
PH101334,Kelly Johnson,Other,2008-02-15,Northern Ireland,smithvictor@example.net,(0909) 8790489,2022-12-14,440
PH101335,Amelia Ward-Davies,Female,1992-12-11,Wales,gail61@example.net,(0808) 1570880,2018-02-18,769
PH101336,Victor Simpson-Williamson,Male,1956-09-27,North East,jhawkins@example.org,(0306)9990315,2017-09-30,782
PH101337,Denis Todd,Female,1970-06-29,Scotland,lynda55@example.com,0118 4960888,2018-05-23,318
PH101338,Kevin Carter-Moore,Female,1983-12-01,North East,pauline49@example.org,+44(0)116 496 0452,2021-07-27,452
PH101339,Mitchell Hewitt,Male,1954-11-25,Midlands,laurathomas@example.org,+44(0)1514960905,2018-08-06,689
PH101340,Gavin Davies-Lawrence,Male,1990-07-01,London,whitehousephillip@example.com,+44(0)113 496 0404,2020-08-08,727
PH101341,Gareth Shaw,Female,1964-01-10,Wales,robin69@example.org,0118 4960333,2021-04-02,849
PH101342,Mrs Amber Dean,Female,1984-03-26,Wales,margaretcarter@example.net,(0306) 999 0538,2018-09-14,605
PH101343,Ms Margaret Davies,Female,1991-12-07,North West,nolanfrancis@example.net,(0118)4960951,2023-09-09,304
PH101344,Wendy Banks,Other,1948-06-12,Scotland,hpowell@example.net,(0141)4960321,2017-12-01,780
PH101345,Dawn Richardson,Female,1951-12-16,Midlands,jenkinskaty@example.net,+44(0)1144960197,2017-07-28,388
PH101346,Emma Marshall,Male,1967-09-04,London,msaunders@example.net,01914960718,2022-05-16,366
PH101347,Clare Mitchell-Higgins,Male,1961-01-20,South East,norman53@example.com,0114 496 0933,2021-07-03,670
PH101348,Dr Lee Richards,Male,1991-04-20,North East,carolinemclean@example.org,+4420 74960137,2016-10-29,632
PH101349,Leonard Taylor,Male,1991-09-23,Scotland,louisehope@example.com,+44117 4960265,2024-11-01,332
PH101350,Brandon Moore-Smith,Female,1976-10-09,South West,jason58@example.net,+44(0)117 496 0060,2017-12-21,393
PH101351,Dr Denis King,Female,1966-05-22,Midlands,austinhilary@example.com,(01632)960119,2024-06-28,624
PH101352,Dr Lynne Andrews,Male,1988-07-17,Midlands,lucyfitzgerald@example.org,03069990875,2018-06-13,440
PH101353,Charles Morgan,Male,1972-10-31,Wales,shannonsmith@example.com,(0141) 496 0178,2018-02-09,676
PH101354,Linda Reid,Female,1950-06-07,Wales,lyndasmith@example.com,(0909) 879 0688,2024-05-11,526
PH101355,Rosie Taylor,Male,1999-09-28,Yorkshire,terry11@example.com,01134960023,2024-11-15,623
PH101356,Dr Nathan Walker,Female,1941-05-14,Northern Ireland,jlowe@example.net,+44808 157 0009,2022-12-18,561
PH101357,Owen Miah-Mitchell,Male,2003-08-12,North West,xdonnelly@example.org,(0115) 496 0561,2021-07-28,500
PH101358,Josh Chapman,Female,1971-01-30,South West,sandrabrown@example.org,+441914960298,2018-06-20,488
PH101359,Lewis Harris-Williamson,Male,1986-09-12,Northern Ireland,jsmith@example.net,(0113) 496 0365,2017-11-13,683
PH101360,Ian Birch,Female,2005-12-17,London,ireid@example.org,0161 496 0744,2016-12-17,582
PH101361,Molly Baldwin,Male,1986-12-30,North East,kjennings@example.org,+44808 157 0916,2017-08-11,626
PH101362,Shirley White,Female,1943-05-08,Wales,katherinetaylor@example.com,0113 496 0936,2018-03-23,617
PH101363,Emily Walsh-Baker,Male,2002-12-19,Northern Ireland,zevans@example.net,+44(0)131 4960952,2018-02-20,414
PH101364,Maria Hall,Male,1983-11-27,Midlands,billybaldwin@example.com,+44(0)909 8790014,2016-07-29,802
PH101365,Nicola Dyer,Female,2005-07-31,Yorkshire,turnerjordan@example.org,+44(0)20 74960118,2017-02-15,609
PH101366,Mrs Aimee Richards,Male,1969-12-03,South East,lucy67@example.net,+4428 9018941,2021-04-03,694
PH101367,Derek Hughes,Male,2002-12-27,South East,ebarber@example.net,+44191 496 0433,2020-09-16,785
PH101368,Henry Evans,Male,1998-12-05,Northern Ireland,justinwood@example.net,(0141)4960875,2019-12-22,808
PH101369,Dr Marcus Lloyd,Male,1963-05-04,Midlands,wyattthomas@example.net,+44(0)808 1570092,2016-12-18,666
PH101370,Amber Townsend,Male,1958-09-21,Midlands,frances76@example.com,0306 9990632,2016-10-28,732
PH101371,Jason Sanderson,Female,1947-03-30,South East,uwilliamson@example.net,(0808) 1570239,2024-02-17,559
PH101372,Reece Green,Male,1985-01-20,North West,lewis34@example.com,+44(0)20 74960821,2021-12-05,705
PH101373,Bethany Adams,Female,1967-02-28,Yorkshire,anthony98@example.net,0118 4960745,2024-05-14,476
PH101374,Miss Stephanie Lloyd,Other,1993-02-18,Scotland,yhussain@example.com,01314960611,2024-10-31,691
PH101375,Dr Leonard West,Male,1991-07-02,Midlands,gareththomas@example.net,(0118)4960042,2022-08-25,347
PH101376,Christopher Clark,Female,1990-06-30,Scotland,sharonreynolds@example.net,0191 4960860,2022-12-28,802
PH101377,Dr Alice Franklin,Female,1980-08-05,North West,nigel54@example.org,+448081570505,2017-08-27,434
PH101378,Graeme Smith,Female,1953-10-25,South East,hussainholly@example.com,0118 496 0766,2021-06-27,661
PH101379,Bethan Young,Male,1963-07-04,Northern Ireland,lesliebarber@example.com,(0151) 496 0081,2023-12-02,306
PH101380,Mrs Lorraine Smith,Male,1987-07-02,Northern Ireland,bennettdorothy@example.com,(0115)4960260,2018-04-06,385
PH101381,Patrick Jennings-Lewis,Male,1952-10-17,South East,lewismartin@example.net,+44(0)113 4960308,2020-01-05,842
PH101382,Dr Douglas Roberts,Female,1977-10-19,Scotland,matthewanderson@example.org,+44(0)909 8790356,2017-05-24,758
PH101383,Norman Thomas,Other,1986-04-24,Midlands,thomasjones@example.org,(0141)4960910,2017-02-10,422
PH101384,Lewis Potter,Female,1997-02-11,Scotland,dennis49@example.com,01414960271,2023-01-29,371
PH101385,Sophie Thompson,Male,1941-05-17,North East,dreynolds@example.com,+44(0)121 4960312,2024-08-20,748
PH101386,Mr Terry Collins,Female,1947-03-16,North West,edwardstrevor@example.com,(0306) 9990345,2019-03-01,844
PH101387,Guy Griffin,Male,1947-08-17,London,fhughes@example.org,+44131 4960068,2019-06-07,392
PH101388,Dr Lee Martin,Female,1970-11-19,Scotland,aimee15@example.org,+441914960269,2018-10-02,665
PH101389,Dr Brandon Warren,Male,1955-06-25,Midlands,keithmills@example.net,(0115) 496 0776,2025-01-17,455
PH101390,Amelia Dyer,Female,1959-10-29,South East,martyn78@example.net,(0306) 999 0829,2021-11-12,709
PH101391,Roger Thomas,Female,1953-09-09,Yorkshire,goddardguy@example.org,(0117)4960844,2023-05-10,530
PH101392,Margaret Williamson,Male,1942-03-04,London,tspencer@example.net,+44(0)1632960013,2023-08-20,368
PH101393,Ashleigh Bruce-Fuller,Male,1946-10-24,London,karl80@example.net,(0121)4960808,2019-01-17,478
PH101394,Yvonne McCarthy-Yates,Female,2004-05-18,Midlands,smithkate@example.com,+44151 496 0354,2023-08-09,596
PH101395,Miss Julie McCarthy,Male,1985-03-18,Midlands,elliechapman@example.com,0118 496 0788,2023-06-16,739
PH101396,Brenda Bailey,Female,1997-05-16,North West,daniellebradley@example.net,+44(0)115 4960603,2021-07-05,311
PH101397,Dylan Collins-Morris,Female,2005-03-12,North West,mbird@example.net,+44(0)1174960591,2017-10-20,826
PH101398,Diana Baker,Female,1983-12-14,London,watsonallan@example.org,0114 4960157,2019-05-23,657
PH101399,Mrs Donna Greenwood,Male,1988-09-16,South West,jrice@example.net,+44292018090,2020-03-27,781
PH101400,Katy Hopkins-Miller,Male,1948-09-19,Scotland,carolynwilliamson@example.com,+44(0)161 496 0599,2025-05-26,811
PH101401,Karl Byrne,Male,1998-10-19,South East,jayne69@example.org,01632 960144,2019-05-28,384
PH101402,Stephen Jones,Other,1949-05-24,Scotland,pamela82@example.com,02074960207,2022-08-23,351
PH101403,Jamie Khan,Male,1985-03-12,Northern Ireland,iainking@example.com,(0118)4960926,2017-06-09,727
PH101404,Miss Ellie Connor,Male,2001-10-02,North West,ianderson@example.com,0306 9990999,2016-08-03,403
PH101405,Brandon Patel,Male,1979-01-20,Yorkshire,lewis31@example.com,(028) 9018699,2023-02-27,381
PH101406,Julia Gardiner,Other,2006-04-30,North West,umorgan@example.org,08081570648,2025-07-05,557
PH101407,Helen Thomas,Male,2001-06-27,South East,dclark@example.com,+44289018997,2020-09-02,802
PH101408,Joel North,Female,1987-11-12,North West,godfreypatricia@example.net,+44(0)114 4960842,2023-04-28,737
PH101409,Luke Rogers,Female,1957-10-15,Scotland,pamelagray@example.com,(0191)4960596,2024-10-19,584
PH101410,Kyle Kelly-Howe,Female,1972-04-24,South East,bholmes@example.com,+4428 9018932,2016-08-03,408
PH101411,Mr Jonathan Akhtar,Other,2004-03-21,Midlands,kathleen36@example.org,0131 496 0914,2023-11-30,485
PH101412,Malcolm Chamberlain,Female,1983-12-31,Scotland,elliot56@example.com,(0113)4960849,2019-01-25,678
PH101413,Hollie Roberts,Female,2003-04-21,North East,qfield@example.org,0289018323,2019-07-10,386
PH101414,Mr Henry Hall,Male,1959-05-10,Wales,danielle35@example.net,(0115) 496 0234,2023-03-28,588
PH101415,Alan Harris,Female,1969-08-05,Wales,herbertmichelle@example.org,+44306 9990266,2019-12-21,306
PH101416,Hayley Gibson,Female,2001-12-28,Wales,paulamartin@example.net,020 7946 0806,2024-01-24,478
PH101417,Gregory Jones-Butcher,Female,1992-11-29,South East,wellsjayne@example.net,(028) 9018 0087,2019-07-17,436
PH101418,Hollie Lynch,Female,1962-07-21,North East,callum98@example.org,(0116) 496 0617,2024-09-06,674
PH101419,Jean Bibi,Other,1951-07-29,South East,robertsgeorge@example.net,(0306) 999 0607,2016-12-21,802
PH101420,Katherine Jones,Female,1945-08-04,North East,jay81@example.net,+441164960348,2020-06-14,380
PH101421,Miss Rita Jackson,Female,1993-05-27,Northern Ireland,joycelinda@example.net,(01632)960389,2024-08-18,738
PH101422,Glen Hargreaves,Male,1966-08-04,North East,charlesbull@example.com,+441174960595,2020-01-25,660
PH101423,Dr Chloe Burgess,Male,1963-03-08,Wales,gregoryroberts@example.com,+44(0)28 9018382,2018-12-23,833
PH101424,Natalie Ellis,Male,1944-08-23,Scotland,amy38@example.net,029 2018 0804,2017-03-22,801
PH101425,Charlie White,Male,2005-07-17,Yorkshire,jamesfowler@example.org,+44808 1570056,2024-09-13,355
PH101426,Ms Annette Hope,Male,1958-07-23,North West,knightdanielle@example.org,+44(0)9098790129,2020-02-04,708
PH101427,Dale Williams,Male,1970-07-09,Wales,lawrenceatkins@example.org,028 9018 0650,2019-11-24,625
PH101428,Dr Norman Fisher,Female,1973-12-30,North East,joshuasharpe@example.org,+441914960269,2024-05-13,362
PH101429,Josephine Jenkins,Male,2003-09-15,Northern Ireland,iwaters@example.net,(0306) 999 0582,2022-12-09,441
PH101430,Dr Brian Ball,Female,1982-01-23,Northern Ireland,graham11@example.net,(0151) 496 0418,2022-11-23,809
PH101431,Holly Hunter,Female,1952-09-10,London,vbrown@example.net,0141 4960965,2024-08-01,598
PH101432,Ian Wood,Male,1974-01-08,Yorkshire,neilnewman@example.com,+441414960130,2025-01-15,486
PH101433,Tina Mistry,Male,1950-05-06,South East,lyndataylor@example.com,+44(0)1914960761,2025-06-09,476
PH101434,Dr Bryan Kelly,Male,1992-10-31,Midlands,blewis@example.com,(029) 2018238,2016-07-28,760
PH101435,Julia Smith,Other,1955-05-31,Northern Ireland,clare31@example.com,+441214960951,2020-07-31,455
PH101436,Damian Lambert,Male,1984-04-22,South West,bpatel@example.org,(0118) 4960346,2019-06-22,387
PH101437,Shannon Gilbert,Female,2002-08-14,Northern Ireland,janemoore@example.com,+44191 496 0239,2020-02-23,615
PH101438,Dr Joseph Hall,Female,1989-03-17,Scotland,rita88@example.org,+44(0)3069990484,2023-12-02,845
PH101439,Jordan Frost,Other,1947-08-02,Scotland,fbrown@example.net,(028) 9018002,2024-10-20,400
PH101440,Christopher Adams,Male,1945-07-09,Scotland,wwatson@example.net,01614960300,2018-12-23,440
PH101441,Mr Douglas Davidson,Male,1979-05-31,Scotland,pricemelissa@example.org,0292018869,2022-02-15,558
PH101442,Louise Sullivan,Male,1957-08-08,South West,cvaughan@example.com,(0141) 4960610,2016-12-07,409
PH101443,Hugh Carr,Male,1970-11-18,Wales,pmoore@example.com,(0115)4960683,2022-02-04,657
PH101444,Jodie Singh,Male,2001-07-10,North East,gareth11@example.net,+44114 4960139,2019-11-12,439
PH101445,Natalie Carter,Female,1950-09-07,Wales,gavintaylor@example.com,0131 4960001,2021-08-12,370
PH101446,Charlotte Pritchard,Female,1984-02-08,Scotland,jakedale@example.net,0141 496 0809,2018-04-23,443
PH101447,Nicola King,Female,2003-12-31,South East,knorris@example.org,+44(0)28 9018 0414,2020-05-02,811
PH101448,Jeremy McCarthy,Female,1985-10-02,Midlands,readhoward@example.com,(028)9018915,2018-05-18,814
PH101449,Daniel Thomas,Male,1958-09-05,Yorkshire,tom20@example.com,0114 4960762,2021-07-17,578
PH101450,Shaun Webb,Female,1988-03-01,Yorkshire,rcarr@example.net,(0909) 8790839,2019-12-17,520
PH101451,Elliott Burke,Female,2002-01-27,North West,chelseajames@example.net,(0151)4960620,2023-02-02,750
PH101452,Dr Gregory Dunn,Female,1979-08-21,Wales,pwebster@example.org,+441632 960 534,2021-08-21,406
PH101453,Paige Lambert,Female,1975-08-10,North East,bethany78@example.net,+44(0)118 496 0077,2020-03-16,659
PH101454,Mrs Jayne Smith,Male,2004-06-22,South West,woodwarddiane@example.net,(0151)4960946,2020-01-20,674
PH101455,Jayne Stevenson,Male,1973-12-05,London,pateljames@example.org,(0116)4960072,2020-09-09,690
PH101456,Dr Norman James,Male,1970-03-19,Midlands,thompsonjennifer@example.org,(01632)960662,2016-09-11,419
PH101457,Paul Knight,Male,1997-12-15,London,youngolivia@example.org,+442074960250,2018-08-31,693
PH101458,Beverley Thompson,Female,1993-08-31,South East,jdavidson@example.com,+44(0)191 4960177,2020-06-16,636
PH101459,Molly Graham,Male,1993-12-19,South West,hbailey@example.com,01414960029,2021-07-22,781
PH101460,Sharon Birch,Female,1977-04-16,South East,sian48@example.com,+44(0)292018914,2024-08-20,395
PH101461,Mrs Joyce Wilson,Female,1940-10-14,Scotland,lynne22@example.com,(0113)4960688,2021-08-25,637
PH101462,Dr Kevin Jones,Male,2005-06-11,Midlands,jaynewatson@example.com,+44118 4960133,2020-10-23,756
PH101463,Shane Kelly,Male,1996-03-08,South West,megan73@example.com,(0117) 496 0731,2025-07-06,453
PH101464,Josephine Lee,Female,1973-05-05,Wales,rogerbarry@example.com,+44(0)115 496 0552,2022-07-02,709
PH101465,Lesley Thomas,Female,1979-02-18,London,stephensantony@example.org,(0117) 496 0561,2020-12-04,354
PH101466,Bryan Wade,Male,2004-02-22,North East,arice@example.com,+44(0)1514960817,2022-02-01,694
PH101467,Douglas Thomas,Male,1964-12-19,Northern Ireland,marcgarner@example.net,01134960321,2019-11-01,633
PH101468,Liam Hartley,Female,1986-12-04,Yorkshire,dbutcher@example.net,+441144960920,2019-11-24,405
PH101469,Katie Lewis-Stevenson,Male,1967-10-21,North East,ewright@example.com,0141 4960136,2021-11-17,336
PH101470,Stanley Brown,Female,1983-07-22,Wales,leighjohnson@example.org,0118 496 0852,2018-03-08,710
PH101471,Mohamed Perry-May,Male,2005-10-05,Yorkshire,glen69@example.net,+44(0)1514960789,2020-08-21,432
PH101472,Rosemary Jenkins,Male,1946-09-22,Wales,laura96@example.com,(0131) 4960613,2017-04-03,573
PH101473,Cameron Thompson,Female,1976-11-30,South East,martinwright@example.org,+44117 4960718,2020-08-24,333
PH101474,Dr Clifford Sanders,Female,2005-11-26,Yorkshire,leonardcarpenter@example.net,(0121) 496 0449,2019-12-14,829
PH101475,George Johnson,Female,1946-01-12,Scotland,clarkezoe@example.net,0114 496 0295,2022-10-18,601
PH101476,Wayne Thompson,Male,1971-10-26,Northern Ireland,xsheppard@example.net,0114 496 0264,2018-09-09,812
PH101477,Ronald Preston,Other,1992-09-06,Scotland,amber73@example.org,+44(0)161 4960016,2016-10-04,388
PH101478,Bryan Rees,Female,1984-08-11,Yorkshire,gillrobin@example.org,+44(0)118 4960403,2017-05-04,413
PH101479,Dr Emily Griffiths,Male,1952-07-27,Midlands,garethobrien@example.org,+44151 4960341,2020-06-10,635
PH101480,Amber Taylor,Male,1943-03-27,Wales,martin02@example.net,(0141)4960781,2022-11-14,632
PH101481,Glenn Burton,Male,1966-09-07,North West,efield@example.com,0116 496 0778,2025-06-14,734
PH101482,Katy Glover,Female,1953-07-19,Yorkshire,donna13@example.net,+44116 4960210,2020-08-25,810
PH101483,Mohammad Foster,Male,1987-11-18,London,ypatel@example.net,+44(0)808 157 0217,2025-03-24,752
PH101484,Mr Jordan Jones,Female,2001-07-09,Wales,hevans@example.com,+44808 157 0982,2021-04-03,377
PH101485,Sylvia Powell,Male,1983-06-11,Scotland,youngallan@example.org,01154960348,2021-08-03,470
PH101486,Annette Brooks,Other,1964-12-27,Midlands,gareth68@example.com,+44(0)1414960298,2024-05-30,802
PH101487,Rhys Middleton,Male,1946-05-01,North West,qbooth@example.net,(0131) 496 0797,2019-12-24,601
PH101488,Geraldine Hill,Female,1983-08-04,South West,bevantracy@example.net,+44(0)1174960638,2019-04-14,776
PH101489,Jodie Pearson,Male,1990-07-25,Scotland,antony05@example.com,01184960182,2017-04-07,609
PH101490,Miss Francesca Nelson,Male,1950-01-28,South East,diane39@example.net,+44191 4960560,2024-04-01,327
PH101491,Mr Phillip Browne,Female,1953-09-09,South East,margaretpatel@example.net,01314960397,2023-05-29,560
PH101492,Connor Walker,Female,1989-07-03,South West,chapmanrebecca@example.net,+44(0)1632 960 079,2025-05-19,753
PH101493,Jean Anderson,Female,1980-11-17,North West,christophergrant@example.com,+44191 4960661,2021-09-13,660
PH101494,Dennis Smith,Male,1973-10-30,Scotland,walkerhoward@example.net,+441514960706,2024-12-19,373
PH101495,Carolyn Reid,Female,1944-11-04,South West,jenkinsjoshua@example.net,(0909) 8790736,2025-01-09,415
PH101496,Carly Bishop,Female,1977-04-26,Scotland,jemma76@example.org,0191 498 0205,2023-08-12,769
PH101497,Paul Patel,Female,1961-06-27,Scotland,henry09@example.org,(0306) 999 0068,2019-10-23,838
PH101498,Beth Roberts,Male,1976-11-13,North West,oturner@example.com,0116 496 0122,2021-02-25,714
PH101499,Miss Michelle Nash,Female,1997-04-16,Scotland,vcoleman@example.net,+44(0)117 496 0552,2025-04-20,353
